Version Id*,Oem Type*,Primary Agent Code*,Biz Mix*,Type Of Business*,Detriff Discount Ll*,Detriff Discount Ul*,Cubic Capacity Ll*,Cubic Capacity Ul*,Hyundai Misp*,Hyundai Outgo*,Hyundai Comm Prct*
oem_hyundai_Grid_4,HIIB - HYUNDAI,10000078522,PVT CAR,"Renewal, Roll Over",0.0,100.001,-999,1001,Yes,OD,0.0
oem_hyundai_Grid_4,HIIB - HYUNDAI,10000078522,PVT CAR,"Renewal, Roll Over",0.0,100.001,1001,1501,Yes,OD,0.0
oem_hyundai_Grid_4,HIIB - HYUNDAI,10000078522,PVT CAR,"Renewal, Roll Over",0.0,100.001,1501,999999999,Yes,OD,0.0
oem_hyundai_Grid_4,HIIB - HYUNDAI,10000078522,PVT CAR(1+1),"Renewal, Roll Over",70.001,100.001,-999,1001,Yes,OD,0.0
oem_hyundai_Grid_4,HIIB - HYUNDAI,10000078522,PVT CAR(1+1),"Renewal, Roll Over",0.0,70.001,-999,1001,Yes,OD,0.18
oem_hyundai_Grid_4,HIIB - HYUNDAI,10000078522,PVT CAR(1+1),"Renewal, Roll Over",70.001,100.001,1001,1501,Yes,OD,0.0
oem_hyundai_Grid_4,HIIB - HYUNDAI,10000078522,PVT CAR(1+1),"Renewal, Roll Over",0.0,70.001,1001,1501,Yes,OD,0.18
oem_hyundai_Grid_4,HIIB - HYUNDAI,10000078522,PVT CAR(1+1),"Renewal, Roll Over",70.001,100.001,1501,999999999,Yes,OD,0.0
oem_hyundai_Grid_4,HIIB - HYUNDAI,10000078522,PVT CAR(1+1),"Renewal, Roll Over",0.0,70.001,1501,999999999,Yes,OD,0.18
oem_hyundai_Grid_4,HIIB - HYUNDAI,10000078522,PVT CAR(1+3),New,60.001,100.001,-999,1001,Yes,OD,0.0
oem_hyundai_Grid_4,HIIB - HYUNDAI,10000078522,PVT CAR(1+3),New,0.0,60.001,-999,1001,Yes,OD,0.435
oem_hyundai_Grid_4,HIIB - HYUNDAI,10000078522,PVT CAR(1+3),New,60.001,100.001,1001,1501,Yes,OD,0.0
oem_hyundai_Grid_4,HIIB - HYUNDAI,10000078522,PVT CAR(1+3),New,0.0,60.001,1001,1501,Yes,OD,0.435
oem_hyundai_Grid_4,HIIB - HYUNDAI,10000078522,PVT CAR(1+3),New,60.001,100.001,1501,999999999,Yes,OD,0.0
oem_hyundai_Grid_4,HIIB - HYUNDAI,10000078522,PVT CAR(1+3),New,0.0,60.001,1501,999999999,Yes,OD,0.435
oem_hyundai_Grid_4,HIIB - HYUNDAI,10000078546,PVT CAR,"Renewal, Roll Over",0.0,100.001,-999,1001,Yes,OD,0.0
oem_hyundai_Grid_4,HIIB - HYUNDAI,10000078546,PVT CAR,"Renewal, Roll Over",0.0,100.001,1001,1501,Yes,OD,0.0
oem_hyundai_Grid_4,HIIB - HYUNDAI,10000078546,PVT CAR,"Renewal, Roll Over",0.0,100.001,1501,999999999,Yes,OD,0.0
oem_hyundai_Grid_4,HIIB - HYUNDAI,10000078546,PVT CAR(1+1),"Renewal, Roll Over",70.001,100.001,-999,1001,Yes,OD,0.0
oem_hyundai_Grid_4,HIIB - HYUNDAI,10000078546,PVT CAR(1+1),"Renewal, Roll Over",0.0,70.001,-999,1001,Yes,OD,0.155
oem_hyundai_Grid_4,HIIB - HYUNDAI,10000078546,PVT CAR(1+1),"Renewal, Roll Over",70.001,100.001,1001,1501,Yes,OD,0.0
oem_hyundai_Grid_4,HIIB - HYUNDAI,10000078546,PVT CAR(1+1),"Renewal, Roll Over",0.0,70.001,1001,1501,Yes,OD,0.155
oem_hyundai_Grid_4,HIIB - HYUNDAI,10000078546,PVT CAR(1+1),"Renewal, Roll Over",70.001,100.001,1501,999999999,Yes,OD,0.0
oem_hyundai_Grid_4,HIIB - HYUNDAI,10000078546,PVT CAR(1+1),"Renewal, Roll Over",0.0,70.001,1501,999999999,Yes,OD,0.155
oem_hyundai_Grid_4,HIIB - HYUNDAI,10000078546,PVT CAR(1+3),New,60.001,100.001,-999,1001,Yes,OD,0.0
oem_hyundai_Grid_4,HIIB - HYUNDAI,10000078546,PVT CAR(1+3),New,0.0,60.001,-999,1001,Yes,OD,0.485
oem_hyundai_Grid_4,HIIB - HYUNDAI,10000078546,PVT CAR(1+3),New,60.001,100.001,1001,1501,Yes,OD,0.0
oem_hyundai_Grid_4,HIIB - HYUNDAI,10000078546,PVT CAR(1+3),New,0.0,60.001,1001,1501,Yes,OD,0.485
oem_hyundai_Grid_4,HIIB - HYUNDAI,10000078546,PVT CAR(1+3),New,60.001,100.001,1501,999999999,Yes,OD,0.0
oem_hyundai_Grid_4,HIIB - HYUNDAI,10000078546,PVT CAR(1+3),New,0.0,60.001,1501,999999999,Yes,OD,0.485
oem_hyundai_Grid_4,HIIB - HYUNDAI,10000078556,PVT CAR,"Renewal, Roll Over",0.0,100.001,-999,1001,Yes,OD,0.0
oem_hyundai_Grid_4,HIIB - HYUNDAI,10000078556,PVT CAR,"Renewal, Roll Over",0.0,100.001,1001,1501,Yes,OD,0.0
oem_hyundai_Grid_4,HIIB - HYUNDAI,10000078556,PVT CAR,"Renewal, Roll Over",0.0,100.001,1501,999999999,Yes,OD,0.0
oem_hyundai_Grid_4,HIIB - HYUNDAI,10000078556,PVT CAR(1+1),"Renewal, Roll Over",70.001,100.001,-999,1001,Yes,OD,0.0
oem_hyundai_Grid_4,HIIB - HYUNDAI,10000078556,PVT CAR(1+1),"Renewal, Roll Over",0.0,70.001,-999,1001,Yes,OD,0.1549999999999999
oem_hyundai_Grid_4,HIIB - HYUNDAI,10000078556,PVT CAR(1+1),"Renewal, Roll Over",70.001,100.001,1001,1501,Yes,OD,0.0
oem_hyundai_Grid_4,HIIB - HYUNDAI,10000078556,PVT CAR(1+1),"Renewal, Roll Over",0.0,70.001,1001,1501,Yes,OD,0.1549999999999999
oem_hyundai_Grid_4,HIIB - HYUNDAI,10000078556,PVT CAR(1+1),"Renewal, Roll Over",70.001,100.001,1501,999999999,Yes,OD,0.0
oem_hyundai_Grid_4,HIIB - HYUNDAI,10000078556,PVT CAR(1+1),"Renewal, Roll Over",0.0,70.001,1501,999999999,Yes,OD,0.1549999999999999
oem_hyundai_Grid_4,HIIB - HYUNDAI,10000078556,PVT CAR(1+3),New,60.001,100.001,-999,1001,Yes,OD,0.0
oem_hyundai_Grid_4,HIIB - HYUNDAI,10000078556,PVT CAR(1+3),New,0.0,60.001,-999,1001,Yes,OD,0.43
oem_hyundai_Grid_4,HIIB - HYUNDAI,10000078556,PVT CAR(1+3),New,60.001,100.001,1001,1501,Yes,OD,0.0
oem_hyundai_Grid_4,HIIB - HYUNDAI,10000078556,PVT CAR(1+3),New,0.0,60.001,1001,1501,Yes,OD,0.43
oem_hyundai_Grid_4,HIIB - HYUNDAI,10000078556,PVT CAR(1+3),New,60.001,100.001,1501,999999999,Yes,OD,0.0
oem_hyundai_Grid_4,HIIB - HYUNDAI,10000078556,PVT CAR(1+3),New,0.0,60.001,1501,999999999,Yes,OD,0.43
oem_hyundai_Grid_4,HIIB - HYUNDAI,10000078557,PVT CAR,"Renewal, Roll Over",0.0,100.001,-999,1001,Yes,OD,0.0
oem_hyundai_Grid_4,HIIB - HYUNDAI,10000078557,PVT CAR,"Renewal, Roll Over",0.0,100.001,1001,1501,Yes,OD,0.0
oem_hyundai_Grid_4,HIIB - HYUNDAI,10000078557,PVT CAR,"Renewal, Roll Over",0.0,100.001,1501,999999999,Yes,OD,0.0
oem_hyundai_Grid_4,HIIB - HYUNDAI,10000078557,PVT CAR(1+1),"Renewal, Roll Over",0.0,100.001,-999,1001,Yes,OD,0.0
oem_hyundai_Grid_4,HIIB - HYUNDAI,10000078557,PVT CAR(1+1),"Renewal, Roll Over",0.0,100.001,1001,1501,Yes,OD,0.0
oem_hyundai_Grid_4,HIIB - HYUNDAI,10000078557,PVT CAR(1+1),"Renewal, Roll Over",0.0,100.001,1501,999999999,Yes,OD,0.0
oem_hyundai_Grid_4,HIIB - HYUNDAI,10000078557,PVT CAR(1+3),New,0.0,100.001,-999,1001,Yes,OD,0.0
oem_hyundai_Grid_4,HIIB - HYUNDAI,10000078557,PVT CAR(1+3),New,0.0,100.001,1001,1501,Yes,OD,0.0
oem_hyundai_Grid_4,HIIB - HYUNDAI,10000078557,PVT CAR(1+3),New,0.0,100.001,1501,999999999,Yes,OD,0.0
oem_hyundai_Grid_4,HIIB - HYUNDAI,10000078559,PVT CAR,"Renewal, Roll Over",0.0,100.001,-999,1001,Yes,OD,0.0
oem_hyundai_Grid_4,HIIB - HYUNDAI,10000078559,PVT CAR,"Renewal, Roll Over",0.0,100.001,1001,1501,Yes,OD,0.0
oem_hyundai_Grid_4,HIIB - HYUNDAI,10000078559,PVT CAR,"Renewal, Roll Over",0.0,100.001,1501,999999999,Yes,OD,0.0
oem_hyundai_Grid_4,HIIB - HYUNDAI,10000078559,PVT CAR(1+1),"Renewal, Roll Over",70.001,100.001,-999,1001,Yes,OD,0.0
oem_hyundai_Grid_4,HIIB - HYUNDAI,10000078559,PVT CAR(1+1),"Renewal, Roll Over",0.0,70.001,-999,1001,Yes,OD,0.1549999999999999
oem_hyundai_Grid_4,HIIB - HYUNDAI,10000078559,PVT CAR(1+1),"Renewal, Roll Over",70.001,100.001,1001,1501,Yes,OD,0.0
oem_hyundai_Grid_4,HIIB - HYUNDAI,10000078559,PVT CAR(1+1),"Renewal, Roll Over",0.0,70.001,1001,1501,Yes,OD,0.1549999999999999
oem_hyundai_Grid_4,HIIB - HYUNDAI,10000078559,PVT CAR(1+1),"Renewal, Roll Over",70.001,100.001,1501,999999999,Yes,OD,0.0
oem_hyundai_Grid_4,HIIB - HYUNDAI,10000078559,PVT CAR(1+1),"Renewal, Roll Over",0.0,70.001,1501,999999999,Yes,OD,0.1549999999999999
oem_hyundai_Grid_4,HIIB - HYUNDAI,10000078559,PVT CAR(1+3),New,80.001,100.001,-999,1001,Yes,OD,0.0
oem_hyundai_Grid_4,HIIB - HYUNDAI,10000078559,PVT CAR(1+3),New,75.001,80.001,-999,1001,Yes,OD,0.255
oem_hyundai_Grid_4,HIIB - HYUNDAI,10000078559,PVT CAR(1+3),New,60.001,75.001,-999,1001,Yes,OD,0.355
oem_hyundai_Grid_4,HIIB - HYUNDAI,10000078559,PVT CAR(1+3),New,0.0,60.001,-999,1001,Yes,OD,0.43
oem_hyundai_Grid_4,HIIB - HYUNDAI,10000078559,PVT CAR(1+3),New,80.001,100.001,1001,1501,Yes,OD,0.0
oem_hyundai_Grid_4,HIIB - HYUNDAI,10000078559,PVT CAR(1+3),New,75.001,80.001,1001,1501,Yes,OD,0.255
oem_hyundai_Grid_4,HIIB - HYUNDAI,10000078559,PVT CAR(1+3),New,60.001,75.001,1001,1501,Yes,OD,0.355
oem_hyundai_Grid_4,HIIB - HYUNDAI,10000078559,PVT CAR(1+3),New,0.0,60.001,1001,1501,Yes,OD,0.43
oem_hyundai_Grid_4,HIIB - HYUNDAI,10000078559,PVT CAR(1+3),New,80.001,100.001,1501,999999999,Yes,OD,0.0
oem_hyundai_Grid_4,HIIB - HYUNDAI,10000078559,PVT CAR(1+3),New,75.001,80.001,1501,999999999,Yes,OD,0.255
oem_hyundai_Grid_4,HIIB - HYUNDAI,10000078559,PVT CAR(1+3),New,60.001,75.001,1501,999999999,Yes,OD,0.355
oem_hyundai_Grid_4,HIIB - HYUNDAI,10000078559,PVT CAR(1+3),New,0.0,60.001,1501,999999999,Yes,OD,0.43
oem_hyundai_Grid_4,HIIB - HYUNDAI,10000078612,PVT CAR,"Renewal, Roll Over",0.0,100.001,-999,1001,Yes,OD,0.0
oem_hyundai_Grid_4,HIIB - HYUNDAI,10000078612,PVT CAR,"Renewal, Roll Over",0.0,100.001,1001,1501,Yes,OD,0.0
oem_hyundai_Grid_4,HIIB - HYUNDAI,10000078612,PVT CAR,"Renewal, Roll Over",0.0,100.001,1501,999999999,Yes,OD,0.0
oem_hyundai_Grid_4,HIIB - HYUNDAI,10000078612,PVT CAR(1+1),"Renewal, Roll Over",0.0,100.001,-999,1001,Yes,OD,0.0
oem_hyundai_Grid_4,HIIB - HYUNDAI,10000078612,PVT CAR(1+1),"Renewal, Roll Over",0.0,100.001,1001,1501,Yes,OD,0.0
oem_hyundai_Grid_4,HIIB - HYUNDAI,10000078612,PVT CAR(1+1),"Renewal, Roll Over",0.0,100.001,1501,999999999,Yes,OD,0.0
oem_hyundai_Grid_4,HIIB - HYUNDAI,10000078612,PVT CAR(1+3),New,60.001,100.001,-999,1001,Yes,OD,0.0
oem_hyundai_Grid_4,HIIB - HYUNDAI,10000078612,PVT CAR(1+3),New,0.0,60.001,-999,1001,Yes,OD,0.43
oem_hyundai_Grid_4,HIIB - HYUNDAI,10000078612,PVT CAR(1+3),New,60.001,100.001,1001,1501,Yes,OD,0.0
oem_hyundai_Grid_4,HIIB - HYUNDAI,10000078612,PVT CAR(1+3),New,0.0,60.001,1001,1501,Yes,OD,0.43
oem_hyundai_Grid_4,HIIB - HYUNDAI,10000078612,PVT CAR(1+3),New,60.001,100.001,1501,999999999,Yes,OD,0.0
oem_hyundai_Grid_4,HIIB - HYUNDAI,10000078612,PVT CAR(1+3),New,0.0,60.001,1501,999999999,Yes,OD,0.43
oem_hyundai_Grid_4,HIIB - HYUNDAI,10000078647,PVT CAR,"Renewal, Roll Over",0.0,100.001,-999,1001,Yes,OD,0.0
oem_hyundai_Grid_4,HIIB - HYUNDAI,10000078647,PVT CAR,"Renewal, Roll Over",0.0,100.001,1001,1501,Yes,OD,0.0
oem_hyundai_Grid_4,HIIB - HYUNDAI,10000078647,PVT CAR,"Renewal, Roll Over",0.0,100.001,1501,999999999,Yes,OD,0.0
oem_hyundai_Grid_4,HIIB - HYUNDAI,10000078647,PVT CAR(1+1),"Renewal, Roll Over",0.0,100.001,-999,1001,Yes,OD,0.0
oem_hyundai_Grid_4,HIIB - HYUNDAI,10000078647,PVT CAR(1+1),"Renewal, Roll Over",0.0,100.001,1001,1501,Yes,OD,0.0
oem_hyundai_Grid_4,HIIB - HYUNDAI,10000078647,PVT CAR(1+1),"Renewal, Roll Over",0.0,100.001,1501,999999999,Yes,OD,0.0
oem_hyundai_Grid_4,HIIB - HYUNDAI,10000078647,PVT CAR(1+3),New,0.0,100.001,-999,1001,Yes,OD,0.0
oem_hyundai_Grid_4,HIIB - HYUNDAI,10000078647,PVT CAR(1+3),New,0.0,100.001,1001,1501,Yes,OD,0.0
oem_hyundai_Grid_4,HIIB - HYUNDAI,10000078647,PVT CAR(1+3),New,0.0,100.001,1501,999999999,Yes,OD,0.0
oem_hyundai_Grid_4,HIIB - HYUNDAI,10000078696,PVT CAR,"Renewal, Roll Over",0.0,100.001,-999,1001,Yes,OD,0.0
oem_hyundai_Grid_4,HIIB - HYUNDAI,10000078696,PVT CAR,"Renewal, Roll Over",0.0,100.001,1001,1501,Yes,OD,0.0
oem_hyundai_Grid_4,HIIB - HYUNDAI,10000078696,PVT CAR,"Renewal, Roll Over",0.0,100.001,1501,999999999,Yes,OD,0.0
oem_hyundai_Grid_4,HIIB - HYUNDAI,10000078696,PVT CAR(1+1),"Renewal, Roll Over",70.001,100.001,-999,1001,Yes,OD,0.0
oem_hyundai_Grid_4,HIIB - HYUNDAI,10000078696,PVT CAR(1+1),"Renewal, Roll Over",0.0,70.001,-999,1001,Yes,OD,0.18
oem_hyundai_Grid_4,HIIB - HYUNDAI,10000078696,PVT CAR(1+1),"Renewal, Roll Over",70.001,100.001,1001,1501,Yes,OD,0.0
oem_hyundai_Grid_4,HIIB - HYUNDAI,10000078696,PVT CAR(1+1),"Renewal, Roll Over",0.0,70.001,1001,1501,Yes,OD,0.18
oem_hyundai_Grid_4,HIIB - HYUNDAI,10000078696,PVT CAR(1+1),"Renewal, Roll Over",70.001,100.001,1501,999999999,Yes,OD,0.0
oem_hyundai_Grid_4,HIIB - HYUNDAI,10000078696,PVT CAR(1+1),"Renewal, Roll Over",0.0,70.001,1501,999999999,Yes,OD,0.18
oem_hyundai_Grid_4,HIIB - HYUNDAI,10000078696,PVT CAR(1+3),New,60.001,100.001,-999,1001,Yes,OD,0.0
oem_hyundai_Grid_4,HIIB - HYUNDAI,10000078696,PVT CAR(1+3),New,0.0,60.001,-999,1001,Yes,OD,0.435
oem_hyundai_Grid_4,HIIB - HYUNDAI,10000078696,PVT CAR(1+3),New,60.001,100.001,1001,1501,Yes,OD,0.0
oem_hyundai_Grid_4,HIIB - HYUNDAI,10000078696,PVT CAR(1+3),New,0.0,60.001,1001,1501,Yes,OD,0.435
oem_hyundai_Grid_4,HIIB - HYUNDAI,10000078696,PVT CAR(1+3),New,60.001,100.001,1501,999999999,Yes,OD,0.0
oem_hyundai_Grid_4,HIIB - HYUNDAI,10000078696,PVT CAR(1+3),New,0.0,60.001,1501,999999999,Yes,OD,0.435
oem_hyundai_Grid_4,HIIB - HYUNDAI,10000078743,PCV-TAXI,ANY,75.001,100.001,-999,999999999,Yes,OD,0.0
oem_hyundai_Grid_4,HIIB - HYUNDAI,10000078743,PCV-TAXI,ANY,0.0,75.001,-999,999999999,Yes,OD,0.15
oem_hyundai_Grid_4,HIIB - HYUNDAI,10000078743,PVT CAR,"Renewal, Roll Over",0.0,100.001,-999,1001,Yes,OD,0.0
oem_hyundai_Grid_4,HIIB - HYUNDAI,10000078743,PVT CAR,"Renewal, Roll Over",0.0,100.001,1001,1501,Yes,OD,0.0
oem_hyundai_Grid_4,HIIB - HYUNDAI,10000078743,PVT CAR,"Renewal, Roll Over",0.0,100.001,1501,999999999,Yes,OD,0.0
oem_hyundai_Grid_4,HIIB - HYUNDAI,10000078743,PVT CAR(1+1),"Renewal, Roll Over",0.0,100.001,-999,1001,Yes,OD,0.0
oem_hyundai_Grid_4,HIIB - HYUNDAI,10000078743,PVT CAR(1+1),"Renewal, Roll Over",0.0,100.001,1001,1501,Yes,OD,0.0
oem_hyundai_Grid_4,HIIB - HYUNDAI,10000078743,PVT CAR(1+1),"Renewal, Roll Over",0.0,100.001,1501,999999999,Yes,OD,0.0
oem_hyundai_Grid_4,HIIB - HYUNDAI,10000078743,PVT CAR(1+3),New,60.001,100.001,-999,1001,Yes,OD,0.0
oem_hyundai_Grid_4,HIIB - HYUNDAI,10000078743,PVT CAR(1+3),New,55.001,60.001,-999,1001,Yes,OD,0.0549999999999999
oem_hyundai_Grid_4,HIIB - HYUNDAI,10000078743,PVT CAR(1+3),New,50.001,55.001,-999,1001,Yes,OD,0.1049999999999999
oem_hyundai_Grid_4,HIIB - HYUNDAI,10000078743,PVT CAR(1+3),New,45.001,50.001,-999,1001,Yes,OD,0.1549999999999999
oem_hyundai_Grid_4,HIIB - HYUNDAI,10000078743,PVT CAR(1+3),New,40.001,45.001,-999,1001,Yes,OD,0.2049999999999999
oem_hyundai_Grid_4,HIIB - HYUNDAI,10000078743,PVT CAR(1+3),New,35.001,40.001,-999,1001,Yes,OD,0.2549999999999999
oem_hyundai_Grid_4,HIIB - HYUNDAI,10000078743,PVT CAR(1+3),New,30.001,35.001,-999,1001,Yes,OD,0.3049999999999999
oem_hyundai_Grid_4,HIIB - HYUNDAI,10000078743,PVT CAR(1+3),New,25.001,30.001,-999,1001,Yes,OD,0.3549999999999999
oem_hyundai_Grid_4,HIIB - HYUNDAI,10000078743,PVT CAR(1+3),New,20.001,25.001,-999,1001,Yes,OD,0.4049999999999999
oem_hyundai_Grid_4,HIIB - HYUNDAI,10000078743,PVT CAR(1+3),New,15.001,20.001,-999,1001,Yes,OD,0.4549999999999999
oem_hyundai_Grid_4,HIIB - HYUNDAI,10000078743,PVT CAR(1+3),New,10.001,15.001,-999,1001,Yes,OD,0.5049999999999999
oem_hyundai_Grid_4,HIIB - HYUNDAI,10000078743,PVT CAR(1+3),New,5.001,10.001,-999,1001,Yes,OD,0.5549999999999999
oem_hyundai_Grid_4,HIIB - HYUNDAI,10000078743,PVT CAR(1+3),New,1.001,5.001,-999,1001,Yes,OD,0.605
oem_hyundai_Grid_4,HIIB - HYUNDAI,10000078743,PVT CAR(1+3),New,0.0,0.999,-999,1001,Yes,OD,0.705
oem_hyundai_Grid_4,HIIB - HYUNDAI,10000078743,PVT CAR(1+3),New,60.001,100.001,1001,1501,Yes,OD,0.0
oem_hyundai_Grid_4,HIIB - HYUNDAI,10000078743,PVT CAR(1+3),New,55.001,60.001,1001,1501,Yes,OD,0.0549999999999999
oem_hyundai_Grid_4,HIIB - HYUNDAI,10000078743,PVT CAR(1+3),New,50.001,55.001,1001,1501,Yes,OD,0.1049999999999999
oem_hyundai_Grid_4,HIIB - HYUNDAI,10000078743,PVT CAR(1+3),New,45.001,50.001,1001,1501,Yes,OD,0.1549999999999999
oem_hyundai_Grid_4,HIIB - HYUNDAI,10000078743,PVT CAR(1+3),New,40.001,45.001,1001,1501,Yes,OD,0.2049999999999999
oem_hyundai_Grid_4,HIIB - HYUNDAI,10000078743,PVT CAR(1+3),New,35.001,40.001,1001,1501,Yes,OD,0.2549999999999999
oem_hyundai_Grid_4,HIIB - HYUNDAI,10000078743,PVT CAR(1+3),New,30.001,35.001,1001,1501,Yes,OD,0.3049999999999999
oem_hyundai_Grid_4,HIIB - HYUNDAI,10000078743,PVT CAR(1+3),New,25.001,30.001,1001,1501,Yes,OD,0.3549999999999999
oem_hyundai_Grid_4,HIIB - HYUNDAI,10000078743,PVT CAR(1+3),New,20.001,25.001,1001,1501,Yes,OD,0.4049999999999999
oem_hyundai_Grid_4,HIIB - HYUNDAI,10000078743,PVT CAR(1+3),New,15.001,20.001,1001,1501,Yes,OD,0.4549999999999999
oem_hyundai_Grid_4,HIIB - HYUNDAI,10000078743,PVT CAR(1+3),New,10.001,15.001,1001,1501,Yes,OD,0.5049999999999999
oem_hyundai_Grid_4,HIIB - HYUNDAI,10000078743,PVT CAR(1+3),New,5.001,10.001,1001,1501,Yes,OD,0.5549999999999999
oem_hyundai_Grid_4,HIIB - HYUNDAI,10000078743,PVT CAR(1+3),New,1.001,5.001,1001,1501,Yes,OD,0.605
oem_hyundai_Grid_4,HIIB - HYUNDAI,10000078743,PVT CAR(1+3),New,0.0,0.999,1001,1501,Yes,OD,0.705
oem_hyundai_Grid_4,HIIB - HYUNDAI,10000078743,PVT CAR(1+3),New,60.001,100.001,1501,999999999,Yes,OD,0.0
oem_hyundai_Grid_4,HIIB - HYUNDAI,10000078743,PVT CAR(1+3),New,55.001,60.001,1501,999999999,Yes,OD,0.0549999999999999
oem_hyundai_Grid_4,HIIB - HYUNDAI,10000078743,PVT CAR(1+3),New,50.001,55.001,1501,999999999,Yes,OD,0.1049999999999999
oem_hyundai_Grid_4,HIIB - HYUNDAI,10000078743,PVT CAR(1+3),New,45.001,50.001,1501,999999999,Yes,OD,0.1549999999999999
oem_hyundai_Grid_4,HIIB - HYUNDAI,10000078743,PVT CAR(1+3),New,40.001,45.001,1501,999999999,Yes,OD,0.2049999999999999
oem_hyundai_Grid_4,HIIB - HYUNDAI,10000078743,PVT CAR(1+3),New,35.001,40.001,1501,999999999,Yes,OD,0.2549999999999999
oem_hyundai_Grid_4,HIIB - HYUNDAI,10000078743,PVT CAR(1+3),New,30.001,35.001,1501,999999999,Yes,OD,0.3049999999999999
oem_hyundai_Grid_4,HIIB - HYUNDAI,10000078743,PVT CAR(1+3),New,25.001,30.001,1501,999999999,Yes,OD,0.3549999999999999
oem_hyundai_Grid_4,HIIB - HYUNDAI,10000078743,PVT CAR(1+3),New,20.001,25.001,1501,999999999,Yes,OD,0.4049999999999999
oem_hyundai_Grid_4,HIIB - HYUNDAI,10000078743,PVT CAR(1+3),New,15.001,20.001,1501,999999999,Yes,OD,0.4549999999999999
oem_hyundai_Grid_4,HIIB - HYUNDAI,10000078743,PVT CAR(1+3),New,10.001,15.001,1501,999999999,Yes,OD,0.5049999999999999
oem_hyundai_Grid_4,HIIB - HYUNDAI,10000078743,PVT CAR(1+3),New,5.001,10.001,1501,999999999,Yes,OD,0.5549999999999999
oem_hyundai_Grid_4,HIIB - HYUNDAI,10000078743,PVT CAR(1+3),New,1.001,5.001,1501,999999999,Yes,OD,0.605
oem_hyundai_Grid_4,HIIB - HYUNDAI,10000078743,PVT CAR(1+3),New,0.0,0.999,1501,999999999,Yes,OD,0.705
oem_hyundai_Grid_4,HIIB - HYUNDAI,10000078744,PCV-TAXI,ANY,75.001,100.001,-999,999999999,Yes,OD,0.0
oem_hyundai_Grid_4,HIIB - HYUNDAI,10000078744,PCV-TAXI,ANY,0.0,75.001,-999,999999999,Yes,OD,0.15
oem_hyundai_Grid_4,HIIB - HYUNDAI,10000078744,PVT CAR,"Renewal, Roll Over",0.0,100.001,-999,1001,Yes,OD,0.0
oem_hyundai_Grid_4,HIIB - HYUNDAI,10000078744,PVT CAR,"Renewal, Roll Over",0.0,100.001,1001,1501,Yes,OD,0.0
oem_hyundai_Grid_4,HIIB - HYUNDAI,10000078744,PVT CAR,"Renewal, Roll Over",0.0,100.001,1501,999999999,Yes,OD,0.0
oem_hyundai_Grid_4,HIIB - HYUNDAI,10000078744,PVT CAR(1+1),"Renewal, Roll Over",0.0,100.001,-999,1001,Yes,OD,0.0
oem_hyundai_Grid_4,HIIB - HYUNDAI,10000078744,PVT CAR(1+1),"Renewal, Roll Over",0.0,100.001,1001,1501,Yes,OD,0.0
oem_hyundai_Grid_4,HIIB - HYUNDAI,10000078744,PVT CAR(1+1),"Renewal, Roll Over",0.0,100.001,1501,999999999,Yes,OD,0.0
oem_hyundai_Grid_4,HIIB - HYUNDAI,10000078744,PVT CAR(1+3),New,60.001,100.001,-999,1001,Yes,OD,0.0
oem_hyundai_Grid_4,HIIB - HYUNDAI,10000078744,PVT CAR(1+3),New,55.001,60.001,-999,1001,Yes,OD,0.0549999999999999
oem_hyundai_Grid_4,HIIB - HYUNDAI,10000078744,PVT CAR(1+3),New,50.001,55.001,-999,1001,Yes,OD,0.1049999999999999
oem_hyundai_Grid_4,HIIB - HYUNDAI,10000078744,PVT CAR(1+3),New,45.001,50.001,-999,1001,Yes,OD,0.1549999999999999
oem_hyundai_Grid_4,HIIB - HYUNDAI,10000078744,PVT CAR(1+3),New,40.001,45.001,-999,1001,Yes,OD,0.2049999999999999
oem_hyundai_Grid_4,HIIB - HYUNDAI,10000078744,PVT CAR(1+3),New,35.001,40.001,-999,1001,Yes,OD,0.2549999999999999
oem_hyundai_Grid_4,HIIB - HYUNDAI,10000078744,PVT CAR(1+3),New,30.001,35.001,-999,1001,Yes,OD,0.3049999999999999
oem_hyundai_Grid_4,HIIB - HYUNDAI,10000078744,PVT CAR(1+3),New,25.001,30.001,-999,1001,Yes,OD,0.3549999999999999
oem_hyundai_Grid_4,HIIB - HYUNDAI,10000078744,PVT CAR(1+3),New,20.001,25.001,-999,1001,Yes,OD,0.4049999999999999
oem_hyundai_Grid_4,HIIB - HYUNDAI,10000078744,PVT CAR(1+3),New,15.001,20.001,-999,1001,Yes,OD,0.4549999999999999
oem_hyundai_Grid_4,HIIB - HYUNDAI,10000078744,PVT CAR(1+3),New,10.001,15.001,-999,1001,Yes,OD,0.5049999999999999
oem_hyundai_Grid_4,HIIB - HYUNDAI,10000078744,PVT CAR(1+3),New,5.001,10.001,-999,1001,Yes,OD,0.5549999999999999
oem_hyundai_Grid_4,HIIB - HYUNDAI,10000078744,PVT CAR(1+3),New,1.001,5.001,-999,1001,Yes,OD,0.605
oem_hyundai_Grid_4,HIIB - HYUNDAI,10000078744,PVT CAR(1+3),New,0.0,0.999,-999,1001,Yes,OD,0.705
oem_hyundai_Grid_4,HIIB - HYUNDAI,10000078744,PVT CAR(1+3),New,60.001,100.001,1001,1501,Yes,OD,0.0
oem_hyundai_Grid_4,HIIB - HYUNDAI,10000078744,PVT CAR(1+3),New,55.001,60.001,1001,1501,Yes,OD,0.0549999999999999
oem_hyundai_Grid_4,HIIB - HYUNDAI,10000078744,PVT CAR(1+3),New,50.001,55.001,1001,1501,Yes,OD,0.1049999999999999
oem_hyundai_Grid_4,HIIB - HYUNDAI,10000078744,PVT CAR(1+3),New,45.001,50.001,1001,1501,Yes,OD,0.1549999999999999
oem_hyundai_Grid_4,HIIB - HYUNDAI,10000078744,PVT CAR(1+3),New,40.001,45.001,1001,1501,Yes,OD,0.2049999999999999
oem_hyundai_Grid_4,HIIB - HYUNDAI,10000078744,PVT CAR(1+3),New,35.001,40.001,1001,1501,Yes,OD,0.2549999999999999
oem_hyundai_Grid_4,HIIB - HYUNDAI,10000078744,PVT CAR(1+3),New,30.001,35.001,1001,1501,Yes,OD,0.3049999999999999
oem_hyundai_Grid_4,HIIB - HYUNDAI,10000078744,PVT CAR(1+3),New,25.001,30.001,1001,1501,Yes,OD,0.3549999999999999
oem_hyundai_Grid_4,HIIB - HYUNDAI,10000078744,PVT CAR(1+3),New,20.001,25.001,1001,1501,Yes,OD,0.4049999999999999
oem_hyundai_Grid_4,HIIB - HYUNDAI,10000078744,PVT CAR(1+3),New,15.001,20.001,1001,1501,Yes,OD,0.4549999999999999
oem_hyundai_Grid_4,HIIB - HYUNDAI,10000078744,PVT CAR(1+3),New,10.001,15.001,1001,1501,Yes,OD,0.5049999999999999
oem_hyundai_Grid_4,HIIB - HYUNDAI,10000078744,PVT CAR(1+3),New,5.001,10.001,1001,1501,Yes,OD,0.5549999999999999
oem_hyundai_Grid_4,HIIB - HYUNDAI,10000078744,PVT CAR(1+3),New,1.001,5.001,1001,1501,Yes,OD,0.605
oem_hyundai_Grid_4,HIIB - HYUNDAI,10000078744,PVT CAR(1+3),New,0.0,0.999,1001,1501,Yes,OD,0.705
oem_hyundai_Grid_4,HIIB - HYUNDAI,10000078744,PVT CAR(1+3),New,60.001,100.001,1501,999999999,Yes,OD,0.0
oem_hyundai_Grid_4,HIIB - HYUNDAI,10000078744,PVT CAR(1+3),New,55.001,60.001,1501,999999999,Yes,OD,0.0549999999999999
oem_hyundai_Grid_4,HIIB - HYUNDAI,10000078744,PVT CAR(1+3),New,50.001,55.001,1501,999999999,Yes,OD,0.1049999999999999
oem_hyundai_Grid_4,HIIB - HYUNDAI,10000078744,PVT CAR(1+3),New,45.001,50.001,1501,999999999,Yes,OD,0.1549999999999999
oem_hyundai_Grid_4,HIIB - HYUNDAI,10000078744,PVT CAR(1+3),New,40.001,45.001,1501,999999999,Yes,OD,0.2049999999999999
oem_hyundai_Grid_4,HIIB - HYUNDAI,10000078744,PVT CAR(1+3),New,35.001,40.001,1501,999999999,Yes,OD,0.2549999999999999
oem_hyundai_Grid_4,HIIB - HYUNDAI,10000078744,PVT CAR(1+3),New,30.001,35.001,1501,999999999,Yes,OD,0.3049999999999999
oem_hyundai_Grid_4,HIIB - HYUNDAI,10000078744,PVT CAR(1+3),New,25.001,30.001,1501,999999999,Yes,OD,0.3549999999999999
oem_hyundai_Grid_4,HIIB - HYUNDAI,10000078744,PVT CAR(1+3),New,20.001,25.001,1501,999999999,Yes,OD,0.4049999999999999
oem_hyundai_Grid_4,HIIB - HYUNDAI,10000078744,PVT CAR(1+3),New,15.001,20.001,1501,999999999,Yes,OD,0.4549999999999999
oem_hyundai_Grid_4,HIIB - HYUNDAI,10000078744,PVT CAR(1+3),New,10.001,15.001,1501,999999999,Yes,OD,0.5049999999999999
oem_hyundai_Grid_4,HIIB - HYUNDAI,10000078744,PVT CAR(1+3),New,5.001,10.001,1501,999999999,Yes,OD,0.5549999999999999
oem_hyundai_Grid_4,HIIB - HYUNDAI,10000078744,PVT CAR(1+3),New,1.001,5.001,1501,999999999,Yes,OD,0.605
oem_hyundai_Grid_4,HIIB - HYUNDAI,10000078744,PVT CAR(1+3),New,0.0,0.999,1501,999999999,Yes,OD,0.705
oem_hyundai_Grid_4,HIIB - HYUNDAI,10000078745,PCV-TAXI,ANY,0.0,100.001,-999,999999999,Yes,OD,0.0
oem_hyundai_Grid_4,HIIB - HYUNDAI,10000078745,PVT CAR,"Renewal, Roll Over",0.0,100.001,-999,1001,Yes,OD,0.0
oem_hyundai_Grid_4,HIIB - HYUNDAI,10000078745,PVT CAR,"Renewal, Roll Over",0.0,100.001,1001,1501,Yes,OD,0.0
oem_hyundai_Grid_4,HIIB - HYUNDAI,10000078745,PVT CAR,"Renewal, Roll Over",0.0,100.001,1501,999999999,Yes,OD,0.0
oem_hyundai_Grid_4,HIIB - HYUNDAI,10000078745,PVT CAR(1+1),"Renewal, Roll Over",0.0,100.001,-999,1001,Yes,OD,0.0
oem_hyundai_Grid_4,HIIB - HYUNDAI,10000078745,PVT CAR(1+1),"Renewal, Roll Over",0.0,100.001,1001,1501,Yes,OD,0.0
oem_hyundai_Grid_4,HIIB - HYUNDAI,10000078745,PVT CAR(1+1),"Renewal, Roll Over",0.0,100.001,1501,999999999,Yes,OD,0.0
oem_hyundai_Grid_4,HIIB - HYUNDAI,10000078745,PVT CAR(1+3),New,60.001,100.001,-999,1001,Yes,OD,0.0
oem_hyundai_Grid_4,HIIB - HYUNDAI,10000078745,PVT CAR(1+3),New,45.001,60.001,-999,1001,Yes,OD,0.155
oem_hyundai_Grid_4,HIIB - HYUNDAI,10000078745,PVT CAR(1+3),New,40.001,45.001,-999,1001,Yes,OD,0.205
oem_hyundai_Grid_4,HIIB - HYUNDAI,10000078745,PVT CAR(1+3),New,35.001,40.001,-999,1001,Yes,OD,0.255
oem_hyundai_Grid_4,HIIB - HYUNDAI,10000078745,PVT CAR(1+3),New,30.001,35.001,-999,1001,Yes,OD,0.305
oem_hyundai_Grid_4,HIIB - HYUNDAI,10000078745,PVT CAR(1+3),New,25.001,30.001,-999,1001,Yes,OD,0.355
oem_hyundai_Grid_4,HIIB - HYUNDAI,10000078745,PVT CAR(1+3),New,20.001,25.001,-999,1001,Yes,OD,0.4049999999999999
oem_hyundai_Grid_4,HIIB - HYUNDAI,10000078745,PVT CAR(1+3),New,15.001,20.001,-999,1001,Yes,OD,0.4549999999999999
oem_hyundai_Grid_4,HIIB - HYUNDAI,10000078745,PVT CAR(1+3),New,10.001,15.001,-999,1001,Yes,OD,0.5049999999999999
oem_hyundai_Grid_4,HIIB - HYUNDAI,10000078745,PVT CAR(1+3),New,5.001,10.001,-999,1001,Yes,OD,0.5549999999999999
oem_hyundai_Grid_4,HIIB - HYUNDAI,10000078745,PVT CAR(1+3),New,1.001,5.001,-999,1001,Yes,OD,0.605
oem_hyundai_Grid_4,HIIB - HYUNDAI,10000078745,PVT CAR(1+3),New,0.0,0.999,-999,1001,Yes,OD,0.655
oem_hyundai_Grid_4,HIIB - HYUNDAI,10000078745,PVT CAR(1+3),New,60.001,100.001,1001,1501,Yes,OD,0.0
oem_hyundai_Grid_4,HIIB - HYUNDAI,10000078745,PVT CAR(1+3),New,45.001,60.001,1001,1501,Yes,OD,0.155
oem_hyundai_Grid_4,HIIB - HYUNDAI,10000078745,PVT CAR(1+3),New,40.001,45.001,1001,1501,Yes,OD,0.205
oem_hyundai_Grid_4,HIIB - HYUNDAI,10000078745,PVT CAR(1+3),New,35.001,40.001,1001,1501,Yes,OD,0.255
oem_hyundai_Grid_4,HIIB - HYUNDAI,10000078745,PVT CAR(1+3),New,30.001,35.001,1001,1501,Yes,OD,0.305
oem_hyundai_Grid_4,HIIB - HYUNDAI,10000078745,PVT CAR(1+3),New,25.001,30.001,1001,1501,Yes,OD,0.355
oem_hyundai_Grid_4,HIIB - HYUNDAI,10000078745,PVT CAR(1+3),New,20.001,25.001,1001,1501,Yes,OD,0.4049999999999999
oem_hyundai_Grid_4,HIIB - HYUNDAI,10000078745,PVT CAR(1+3),New,15.001,20.001,1001,1501,Yes,OD,0.4549999999999999
oem_hyundai_Grid_4,HIIB - HYUNDAI,10000078745,PVT CAR(1+3),New,10.001,15.001,1001,1501,Yes,OD,0.5049999999999999
oem_hyundai_Grid_4,HIIB - HYUNDAI,10000078745,PVT CAR(1+3),New,5.001,10.001,1001,1501,Yes,OD,0.5549999999999999
oem_hyundai_Grid_4,HIIB - HYUNDAI,10000078745,PVT CAR(1+3),New,1.001,5.001,1001,1501,Yes,OD,0.605
oem_hyundai_Grid_4,HIIB - HYUNDAI,10000078745,PVT CAR(1+3),New,0.0,0.999,1001,1501,Yes,OD,0.655
oem_hyundai_Grid_4,HIIB - HYUNDAI,10000078745,PVT CAR(1+3),New,60.001,100.001,1501,999999999,Yes,OD,0.0
oem_hyundai_Grid_4,HIIB - HYUNDAI,10000078745,PVT CAR(1+3),New,45.001,60.001,1501,999999999,Yes,OD,0.155
oem_hyundai_Grid_4,HIIB - HYUNDAI,10000078745,PVT CAR(1+3),New,40.001,45.001,1501,999999999,Yes,OD,0.205
oem_hyundai_Grid_4,HIIB - HYUNDAI,10000078745,PVT CAR(1+3),New,35.001,40.001,1501,999999999,Yes,OD,0.255
oem_hyundai_Grid_4,HIIB - HYUNDAI,10000078745,PVT CAR(1+3),New,30.001,35.001,1501,999999999,Yes,OD,0.305
oem_hyundai_Grid_4,HIIB - HYUNDAI,10000078745,PVT CAR(1+3),New,25.001,30.001,1501,999999999,Yes,OD,0.355
oem_hyundai_Grid_4,HIIB - HYUNDAI,10000078745,PVT CAR(1+3),New,20.001,25.001,1501,999999999,Yes,OD,0.4049999999999999
oem_hyundai_Grid_4,HIIB - HYUNDAI,10000078745,PVT CAR(1+3),New,15.001,20.001,1501,999999999,Yes,OD,0.4549999999999999
oem_hyundai_Grid_4,HIIB - HYUNDAI,10000078745,PVT CAR(1+3),New,10.001,15.001,1501,999999999,Yes,OD,0.5049999999999999
oem_hyundai_Grid_4,HIIB - HYUNDAI,10000078745,PVT CAR(1+3),New,5.001,10.001,1501,999999999,Yes,OD,0.5549999999999999
oem_hyundai_Grid_4,HIIB - HYUNDAI,10000078745,PVT CAR(1+3),New,1.001,5.001,1501,999999999,Yes,OD,0.605
oem_hyundai_Grid_4,HIIB - HYUNDAI,10000078745,PVT CAR(1+3),New,0.0,0.999,1501,999999999,Yes,OD,0.655
oem_hyundai_Grid_4,HIIB - HYUNDAI,10000078746,PCV-TAXI,ANY,75.001,100.001,-999,999999999,Yes,OD,0.0
oem_hyundai_Grid_4,HIIB - HYUNDAI,10000078746,PCV-TAXI,ANY,0.0,75.001,-999,999999999,Yes,OD,0.15
oem_hyundai_Grid_4,HIIB - HYUNDAI,10000078746,PVT CAR,"Renewal, Roll Over",0.0,100.001,-999,1001,Yes,OD,0.0
oem_hyundai_Grid_4,HIIB - HYUNDAI,10000078746,PVT CAR,"Renewal, Roll Over",0.0,100.001,1001,1501,Yes,OD,0.0
oem_hyundai_Grid_4,HIIB - HYUNDAI,10000078746,PVT CAR,"Renewal, Roll Over",0.0,100.001,1501,999999999,Yes,OD,0.0
oem_hyundai_Grid_4,HIIB - HYUNDAI,10000078746,PVT CAR(1+1),"Renewal, Roll Over",0.0,100.001,-999,1001,Yes,OD,0.0
oem_hyundai_Grid_4,HIIB - HYUNDAI,10000078746,PVT CAR(1+1),"Renewal, Roll Over",0.0,100.001,1001,1501,Yes,OD,0.0
oem_hyundai_Grid_4,HIIB - HYUNDAI,10000078746,PVT CAR(1+1),"Renewal, Roll Over",0.0,100.001,1501,999999999,Yes,OD,0.0
oem_hyundai_Grid_4,HIIB - HYUNDAI,10000078746,PVT CAR(1+3),New,60.001,100.001,-999,1001,Yes,OD,0.0
oem_hyundai_Grid_4,HIIB - HYUNDAI,10000078746,PVT CAR(1+3),New,50.001,55.001,-999,1001,Yes,OD,0.0549999999999999
oem_hyundai_Grid_4,HIIB - HYUNDAI,10000078746,PVT CAR(1+3),New,55.001,60.001,-999,1001,Yes,OD,0.055
oem_hyundai_Grid_4,HIIB - HYUNDAI,10000078746,PVT CAR(1+3),New,45.001,50.001,-999,1001,Yes,OD,0.1049999999999999
oem_hyundai_Grid_4,HIIB - HYUNDAI,10000078746,PVT CAR(1+3),New,40.001,45.001,-999,1001,Yes,OD,0.1549999999999999
oem_hyundai_Grid_4,HIIB - HYUNDAI,10000078746,PVT CAR(1+3),New,35.001,40.001,-999,1001,Yes,OD,0.2049999999999999
oem_hyundai_Grid_4,HIIB - HYUNDAI,10000078746,PVT CAR(1+3),New,30.001,35.001,-999,1001,Yes,OD,0.2549999999999999
oem_hyundai_Grid_4,HIIB - HYUNDAI,10000078746,PVT CAR(1+3),New,25.001,30.001,-999,1001,Yes,OD,0.3049999999999999
oem_hyundai_Grid_4,HIIB - HYUNDAI,10000078746,PVT CAR(1+3),New,20.001,25.001,-999,1001,Yes,OD,0.3549999999999999
oem_hyundai_Grid_4,HIIB - HYUNDAI,10000078746,PVT CAR(1+3),New,15.001,20.001,-999,1001,Yes,OD,0.4049999999999999
oem_hyundai_Grid_4,HIIB - HYUNDAI,10000078746,PVT CAR(1+3),New,10.001,15.001,-999,1001,Yes,OD,0.4549999999999999
oem_hyundai_Grid_4,HIIB - HYUNDAI,10000078746,PVT CAR(1+3),New,5.001,10.001,-999,1001,Yes,OD,0.5049999999999999
oem_hyundai_Grid_4,HIIB - HYUNDAI,10000078746,PVT CAR(1+3),New,1.001,5.001,-999,1001,Yes,OD,0.5549999999999999
oem_hyundai_Grid_4,HIIB - HYUNDAI,10000078746,PVT CAR(1+3),New,0.0,0.999,-999,1001,Yes,OD,0.605
oem_hyundai_Grid_4,HIIB - HYUNDAI,10000078746,PVT CAR(1+3),New,60.001,100.001,1001,1501,Yes,OD,0.0
oem_hyundai_Grid_4,HIIB - HYUNDAI,10000078746,PVT CAR(1+3),New,50.001,55.001,1001,1501,Yes,OD,0.0549999999999999
oem_hyundai_Grid_4,HIIB - HYUNDAI,10000078746,PVT CAR(1+3),New,55.001,60.001,1001,1501,Yes,OD,0.055
oem_hyundai_Grid_4,HIIB - HYUNDAI,10000078746,PVT CAR(1+3),New,45.001,50.001,1001,1501,Yes,OD,0.1049999999999999
oem_hyundai_Grid_4,HIIB - HYUNDAI,10000078746,PVT CAR(1+3),New,40.001,45.001,1001,1501,Yes,OD,0.1549999999999999
oem_hyundai_Grid_4,HIIB - HYUNDAI,10000078746,PVT CAR(1+3),New,35.001,40.001,1001,1501,Yes,OD,0.2049999999999999
oem_hyundai_Grid_4,HIIB - HYUNDAI,10000078746,PVT CAR(1+3),New,30.001,35.001,1001,1501,Yes,OD,0.2549999999999999
oem_hyundai_Grid_4,HIIB - HYUNDAI,10000078746,PVT CAR(1+3),New,25.001,30.001,1001,1501,Yes,OD,0.3049999999999999
oem_hyundai_Grid_4,HIIB - HYUNDAI,10000078746,PVT CAR(1+3),New,20.001,25.001,1001,1501,Yes,OD,0.3549999999999999
oem_hyundai_Grid_4,HIIB - HYUNDAI,10000078746,PVT CAR(1+3),New,15.001,20.001,1001,1501,Yes,OD,0.4049999999999999
oem_hyundai_Grid_4,HIIB - HYUNDAI,10000078746,PVT CAR(1+3),New,10.001,15.001,1001,1501,Yes,OD,0.4549999999999999
oem_hyundai_Grid_4,HIIB - HYUNDAI,10000078746,PVT CAR(1+3),New,5.001,10.001,1001,1501,Yes,OD,0.5049999999999999
oem_hyundai_Grid_4,HIIB - HYUNDAI,10000078746,PVT CAR(1+3),New,1.001,5.001,1001,1501,Yes,OD,0.5549999999999999
oem_hyundai_Grid_4,HIIB - HYUNDAI,10000078746,PVT CAR(1+3),New,0.0,0.999,1001,1501,Yes,OD,0.605
oem_hyundai_Grid_4,HIIB - HYUNDAI,10000078746,PVT CAR(1+3),New,60.001,100.001,1501,999999999,Yes,OD,0.0
oem_hyundai_Grid_4,HIIB - HYUNDAI,10000078746,PVT CAR(1+3),New,50.001,55.001,1501,999999999,Yes,OD,0.0549999999999999
oem_hyundai_Grid_4,HIIB - HYUNDAI,10000078746,PVT CAR(1+3),New,55.001,60.001,1501,999999999,Yes,OD,0.055
oem_hyundai_Grid_4,HIIB - HYUNDAI,10000078746,PVT CAR(1+3),New,45.001,50.001,1501,999999999,Yes,OD,0.1049999999999999
oem_hyundai_Grid_4,HIIB - HYUNDAI,10000078746,PVT CAR(1+3),New,40.001,45.001,1501,999999999,Yes,OD,0.1549999999999999
oem_hyundai_Grid_4,HIIB - HYUNDAI,10000078746,PVT CAR(1+3),New,35.001,40.001,1501,999999999,Yes,OD,0.2049999999999999
oem_hyundai_Grid_4,HIIB - HYUNDAI,10000078746,PVT CAR(1+3),New,30.001,35.001,1501,999999999,Yes,OD,0.2549999999999999
oem_hyundai_Grid_4,HIIB - HYUNDAI,10000078746,PVT CAR(1+3),New,25.001,30.001,1501,999999999,Yes,OD,0.3049999999999999
oem_hyundai_Grid_4,HIIB - HYUNDAI,10000078746,PVT CAR(1+3),New,20.001,25.001,1501,999999999,Yes,OD,0.3549999999999999
oem_hyundai_Grid_4,HIIB - HYUNDAI,10000078746,PVT CAR(1+3),New,15.001,20.001,1501,999999999,Yes,OD,0.4049999999999999
oem_hyundai_Grid_4,HIIB - HYUNDAI,10000078746,PVT CAR(1+3),New,10.001,15.001,1501,999999999,Yes,OD,0.4549999999999999
oem_hyundai_Grid_4,HIIB - HYUNDAI,10000078746,PVT CAR(1+3),New,5.001,10.001,1501,999999999,Yes,OD,0.5049999999999999
oem_hyundai_Grid_4,HIIB - HYUNDAI,10000078746,PVT CAR(1+3),New,1.001,5.001,1501,999999999,Yes,OD,0.5549999999999999
oem_hyundai_Grid_4,HIIB - HYUNDAI,10000078746,PVT CAR(1+3),New,0.0,0.999,1501,999999999,Yes,OD,0.605
oem_hyundai_Grid_4,HIIB - HYUNDAI,10000078747,PCV-TAXI,ANY,75.001,100.001,-999,999999999,Yes,OD,0.0
oem_hyundai_Grid_4,HIIB - HYUNDAI,10000078747,PCV-TAXI,ANY,0.0,75.001,-999,999999999,Yes,OD,0.15
oem_hyundai_Grid_4,HIIB - HYUNDAI,10000078747,PVT CAR,"Renewal, Roll Over",0.0,100.001,-999,1001,Yes,OD,0.0
oem_hyundai_Grid_4,HIIB - HYUNDAI,10000078747,PVT CAR,"Renewal, Roll Over",0.0,100.001,1001,1501,Yes,OD,0.0
oem_hyundai_Grid_4,HIIB - HYUNDAI,10000078747,PVT CAR,"Renewal, Roll Over",0.0,100.001,1501,999999999,Yes,OD,0.0
oem_hyundai_Grid_4,HIIB - HYUNDAI,10000078747,PVT CAR(1+1),"Renewal, Roll Over",0.0,100.001,-999,1001,Yes,OD,0.0
oem_hyundai_Grid_4,HIIB - HYUNDAI,10000078747,PVT CAR(1+1),"Renewal, Roll Over",60.001,80.001,-999,1001,Yes,OD,0.0549999999999999
oem_hyundai_Grid_4,HIIB - HYUNDAI,10000078747,PVT CAR(1+1),"Renewal, Roll Over",0.0,100.001,1001,1501,Yes,OD,0.0
oem_hyundai_Grid_4,HIIB - HYUNDAI,10000078747,PVT CAR(1+1),"Renewal, Roll Over",60.001,80.001,1001,1501,Yes,OD,0.0549999999999999
oem_hyundai_Grid_4,HIIB - HYUNDAI,10000078747,PVT CAR(1+1),"Renewal, Roll Over",0.0,100.001,1501,999999999,Yes,OD,0.0
oem_hyundai_Grid_4,HIIB - HYUNDAI,10000078747,PVT CAR(1+1),"Renewal, Roll Over",60.001,80.001,1501,999999999,Yes,OD,0.0549999999999999
oem_hyundai_Grid_4,HIIB - HYUNDAI,10000078747,PVT CAR(1+3),New,60.001,100.001,-999,1001,Yes,OD,0.0
oem_hyundai_Grid_4,HIIB - HYUNDAI,10000078747,PVT CAR(1+3),New,50.001,55.001,-999,1001,Yes,OD,0.0549999999999999
oem_hyundai_Grid_4,HIIB - HYUNDAI,10000078747,PVT CAR(1+3),New,55.001,60.001,-999,1001,Yes,OD,0.055
oem_hyundai_Grid_4,HIIB - HYUNDAI,10000078747,PVT CAR(1+3),New,45.001,50.001,-999,1001,Yes,OD,0.1049999999999999
oem_hyundai_Grid_4,HIIB - HYUNDAI,10000078747,PVT CAR(1+3),New,40.001,45.001,-999,1001,Yes,OD,0.1549999999999999
oem_hyundai_Grid_4,HIIB - HYUNDAI,10000078747,PVT CAR(1+3),New,35.001,40.001,-999,1001,Yes,OD,0.2049999999999999
oem_hyundai_Grid_4,HIIB - HYUNDAI,10000078747,PVT CAR(1+3),New,30.001,35.001,-999,1001,Yes,OD,0.2549999999999999
oem_hyundai_Grid_4,HIIB - HYUNDAI,10000078747,PVT CAR(1+3),New,25.001,30.001,-999,1001,Yes,OD,0.3049999999999999
oem_hyundai_Grid_4,HIIB - HYUNDAI,10000078747,PVT CAR(1+3),New,20.001,25.001,-999,1001,Yes,OD,0.3549999999999999
oem_hyundai_Grid_4,HIIB - HYUNDAI,10000078747,PVT CAR(1+3),New,15.001,20.001,-999,1001,Yes,OD,0.4049999999999999
oem_hyundai_Grid_4,HIIB - HYUNDAI,10000078747,PVT CAR(1+3),New,10.001,15.001,-999,1001,Yes,OD,0.4549999999999999
oem_hyundai_Grid_4,HIIB - HYUNDAI,10000078747,PVT CAR(1+3),New,5.001,10.001,-999,1001,Yes,OD,0.5049999999999999
oem_hyundai_Grid_4,HIIB - HYUNDAI,10000078747,PVT CAR(1+3),New,1.001,5.001,-999,1001,Yes,OD,0.5549999999999999
oem_hyundai_Grid_4,HIIB - HYUNDAI,10000078747,PVT CAR(1+3),New,0.0,0.999,-999,1001,Yes,OD,0.605
oem_hyundai_Grid_4,HIIB - HYUNDAI,10000078747,PVT CAR(1+3),New,60.001,100.001,1001,1501,Yes,OD,0.0
oem_hyundai_Grid_4,HIIB - HYUNDAI,10000078747,PVT CAR(1+3),New,50.001,55.001,1001,1501,Yes,OD,0.0549999999999999
oem_hyundai_Grid_4,HIIB - HYUNDAI,10000078747,PVT CAR(1+3),New,55.001,60.001,1001,1501,Yes,OD,0.055
oem_hyundai_Grid_4,HIIB - HYUNDAI,10000078747,PVT CAR(1+3),New,45.001,50.001,1001,1501,Yes,OD,0.1049999999999999
oem_hyundai_Grid_4,HIIB - HYUNDAI,10000078747,PVT CAR(1+3),New,40.001,45.001,1001,1501,Yes,OD,0.1549999999999999
oem_hyundai_Grid_4,HIIB - HYUNDAI,10000078747,PVT CAR(1+3),New,35.001,40.001,1001,1501,Yes,OD,0.2049999999999999
oem_hyundai_Grid_4,HIIB - HYUNDAI,10000078747,PVT CAR(1+3),New,30.001,35.001,1001,1501,Yes,OD,0.2549999999999999
oem_hyundai_Grid_4,HIIB - HYUNDAI,10000078747,PVT CAR(1+3),New,25.001,30.001,1001,1501,Yes,OD,0.3049999999999999
oem_hyundai_Grid_4,HIIB - HYUNDAI,10000078747,PVT CAR(1+3),New,20.001,25.001,1001,1501,Yes,OD,0.3549999999999999
oem_hyundai_Grid_4,HIIB - HYUNDAI,10000078747,PVT CAR(1+3),New,15.001,20.001,1001,1501,Yes,OD,0.4049999999999999
oem_hyundai_Grid_4,HIIB - HYUNDAI,10000078747,PVT CAR(1+3),New,10.001,15.001,1001,1501,Yes,OD,0.4549999999999999
oem_hyundai_Grid_4,HIIB - HYUNDAI,10000078747,PVT CAR(1+3),New,5.001,10.001,1001,1501,Yes,OD,0.5049999999999999
oem_hyundai_Grid_4,HIIB - HYUNDAI,10000078747,PVT CAR(1+3),New,1.001,5.001,1001,1501,Yes,OD,0.5549999999999999
oem_hyundai_Grid_4,HIIB - HYUNDAI,10000078747,PVT CAR(1+3),New,0.0,0.999,1001,1501,Yes,OD,0.605
oem_hyundai_Grid_4,HIIB - HYUNDAI,10000078747,PVT CAR(1+3),New,60.001,100.001,1501,999999999,Yes,OD,0.0
oem_hyundai_Grid_4,HIIB - HYUNDAI,10000078747,PVT CAR(1+3),New,50.001,55.001,1501,999999999,Yes,OD,0.0549999999999999
oem_hyundai_Grid_4,HIIB - HYUNDAI,10000078747,PVT CAR(1+3),New,55.001,60.001,1501,999999999,Yes,OD,0.055
oem_hyundai_Grid_4,HIIB - HYUNDAI,10000078747,PVT CAR(1+3),New,45.001,50.001,1501,999999999,Yes,OD,0.1049999999999999
oem_hyundai_Grid_4,HIIB - HYUNDAI,10000078747,PVT CAR(1+3),New,40.001,45.001,1501,999999999,Yes,OD,0.1549999999999999
oem_hyundai_Grid_4,HIIB - HYUNDAI,10000078747,PVT CAR(1+3),New,35.001,40.001,1501,999999999,Yes,OD,0.2049999999999999
oem_hyundai_Grid_4,HIIB - HYUNDAI,10000078747,PVT CAR(1+3),New,30.001,35.001,1501,999999999,Yes,OD,0.2549999999999999
oem_hyundai_Grid_4,HIIB - HYUNDAI,10000078747,PVT CAR(1+3),New,25.001,30.001,1501,999999999,Yes,OD,0.3049999999999999
oem_hyundai_Grid_4,HIIB - HYUNDAI,10000078747,PVT CAR(1+3),New,20.001,25.001,1501,999999999,Yes,OD,0.3549999999999999
oem_hyundai_Grid_4,HIIB - HYUNDAI,10000078747,PVT CAR(1+3),New,15.001,20.001,1501,999999999,Yes,OD,0.4049999999999999
oem_hyundai_Grid_4,HIIB - HYUNDAI,10000078747,PVT CAR(1+3),New,10.001,15.001,1501,999999999,Yes,OD,0.4549999999999999
oem_hyundai_Grid_4,HIIB - HYUNDAI,10000078747,PVT CAR(1+3),New,5.001,10.001,1501,999999999,Yes,OD,0.5049999999999999
oem_hyundai_Grid_4,HIIB - HYUNDAI,10000078747,PVT CAR(1+3),New,1.001,5.001,1501,999999999,Yes,OD,0.5549999999999999
oem_hyundai_Grid_4,HIIB - HYUNDAI,10000078747,PVT CAR(1+3),New,0.0,0.999,1501,999999999,Yes,OD,0.605
oem_hyundai_Grid_4,HIIB - HYUNDAI,10000078748,PCV-TAXI,ANY,0.0,100.001,-999,999999999,Yes,OD,0.0
oem_hyundai_Grid_4,HIIB - HYUNDAI,10000078748,PVT CAR,"Renewal, Roll Over",0.0,100.001,-999,1001,Yes,OD,0.0
oem_hyundai_Grid_4,HIIB - HYUNDAI,10000078748,PVT CAR,"Renewal, Roll Over",0.0,100.001,1001,1501,Yes,OD,0.0
oem_hyundai_Grid_4,HIIB - HYUNDAI,10000078748,PVT CAR,"Renewal, Roll Over",0.0,100.001,1501,999999999,Yes,OD,0.0
oem_hyundai_Grid_4,HIIB - HYUNDAI,10000078748,PVT CAR(1+1),"Renewal, Roll Over",0.0,100.001,-999,1001,Yes,OD,0.0
oem_hyundai_Grid_4,HIIB - HYUNDAI,10000078748,PVT CAR(1+1),"Renewal, Roll Over",0.0,100.001,1001,1501,Yes,OD,0.0
oem_hyundai_Grid_4,HIIB - HYUNDAI,10000078748,PVT CAR(1+1),"Renewal, Roll Over",0.0,100.001,1501,999999999,Yes,OD,0.0
oem_hyundai_Grid_4,HIIB - HYUNDAI,10000078748,PVT CAR(1+3),New,0.0,100.001,-999,1001,Yes,OD,0.0
oem_hyundai_Grid_4,HIIB - HYUNDAI,10000078748,PVT CAR(1+3),New,0.0,100.001,1001,1501,Yes,OD,0.0
oem_hyundai_Grid_4,HIIB - HYUNDAI,10000078748,PVT CAR(1+3),New,0.0,100.001,1501,999999999,Yes,OD,0.0
oem_hyundai_Grid_4,HIIB - HYUNDAI,10000078749,PCV-TAXI,ANY,0.0,100.001,-999,999999999,Yes,OD,0.0
oem_hyundai_Grid_4,HIIB - HYUNDAI,10000078749,PVT CAR,"Renewal, Roll Over",0.0,100.001,-999,1001,Yes,OD,0.0
oem_hyundai_Grid_4,HIIB - HYUNDAI,10000078749,PVT CAR,"Renewal, Roll Over",0.0,100.001,1001,1501,Yes,OD,0.0
oem_hyundai_Grid_4,HIIB - HYUNDAI,10000078749,PVT CAR,"Renewal, Roll Over",0.0,100.001,1501,999999999,Yes,OD,0.0
oem_hyundai_Grid_4,HIIB - HYUNDAI,10000078749,PVT CAR(1+1),"Renewal, Roll Over",0.0,100.001,-999,1001,Yes,OD,0.0
oem_hyundai_Grid_4,HIIB - HYUNDAI,10000078749,PVT CAR(1+1),"Renewal, Roll Over",0.0,100.001,1001,1501,Yes,OD,0.0
oem_hyundai_Grid_4,HIIB - HYUNDAI,10000078749,PVT CAR(1+1),"Renewal, Roll Over",0.0,100.001,1501,999999999,Yes,OD,0.0
oem_hyundai_Grid_4,HIIB - HYUNDAI,10000078749,PVT CAR(1+3),New,0.0,100.001,-999,1001,Yes,OD,0.0
oem_hyundai_Grid_4,HIIB - HYUNDAI,10000078749,PVT CAR(1+3),New,0.0,100.001,1001,1501,Yes,OD,0.0
oem_hyundai_Grid_4,HIIB - HYUNDAI,10000078749,PVT CAR(1+3),New,0.0,100.001,1501,999999999,Yes,OD,0.0
oem_hyundai_Grid_4,HIIB - HYUNDAI,10000078750,PVT CAR,"Renewal, Roll Over",0.0,100.001,-999,1001,Yes,OD,0.0
oem_hyundai_Grid_4,HIIB - HYUNDAI,10000078750,PVT CAR,"Renewal, Roll Over",0.0,100.001,1001,1501,Yes,OD,0.0
oem_hyundai_Grid_4,HIIB - HYUNDAI,10000078750,PVT CAR,"Renewal, Roll Over",0.0,100.001,1501,999999999,Yes,OD,0.0
oem_hyundai_Grid_4,HIIB - HYUNDAI,10000078750,PVT CAR(1+1),"Renewal, Roll Over",0.0,100.001,-999,1001,Yes,OD,0.0
oem_hyundai_Grid_4,HIIB - HYUNDAI,10000078750,PVT CAR(1+1),"Renewal, Roll Over",0.0,100.001,1001,1501,Yes,OD,0.0
oem_hyundai_Grid_4,HIIB - HYUNDAI,10000078750,PVT CAR(1+1),"Renewal, Roll Over",0.0,100.001,1501,999999999,Yes,OD,0.0
oem_hyundai_Grid_4,HIIB - HYUNDAI,10000078750,PVT CAR(1+3),New,0.0,100.001,-999,1001,Yes,OD,0.0
oem_hyundai_Grid_4,HIIB - HYUNDAI,10000078750,PVT CAR(1+3),New,0.0,100.001,1001,1501,Yes,OD,0.0
oem_hyundai_Grid_4,HIIB - HYUNDAI,10000078750,PVT CAR(1+3),New,0.0,100.001,1501,999999999,Yes,OD,0.0
oem_hyundai_Grid_4,HIIB - HYUNDAI,10000078752,PVT CAR,"Renewal, Roll Over",0.0,100.001,-999,1001,Yes,OD,0.0
oem_hyundai_Grid_4,HIIB - HYUNDAI,10000078752,PVT CAR,"Renewal, Roll Over",0.0,100.001,1001,1501,Yes,OD,0.0
oem_hyundai_Grid_4,HIIB - HYUNDAI,10000078752,PVT CAR,"Renewal, Roll Over",0.0,100.001,1501,999999999,Yes,OD,0.0
oem_hyundai_Grid_4,HIIB - HYUNDAI,10000078752,PVT CAR(1+1),"Renewal, Roll Over",0.0,100.001,-999,1001,Yes,OD,0.0
oem_hyundai_Grid_4,HIIB - HYUNDAI,10000078752,PVT CAR(1+1),"Renewal, Roll Over",0.0,100.001,1001,1501,Yes,OD,0.0
oem_hyundai_Grid_4,HIIB - HYUNDAI,10000078752,PVT CAR(1+1),"Renewal, Roll Over",0.0,100.001,1501,999999999,Yes,OD,0.0
oem_hyundai_Grid_4,HIIB - HYUNDAI,10000078752,PVT CAR(1+3),New,0.0,100.001,-999,1001,Yes,OD,0.0
oem_hyundai_Grid_4,HIIB - HYUNDAI,10000078752,PVT CAR(1+3),New,0.0,100.001,1001,1501,Yes,OD,0.0
oem_hyundai_Grid_4,HIIB - HYUNDAI,10000078752,PVT CAR(1+3),New,0.0,100.001,1501,999999999,Yes,OD,0.0
oem_hyundai_Grid_4,HIIB - HYUNDAI,10000078753,PVT CAR,"Renewal, Roll Over",0.0,100.001,-999,1001,Yes,OD,0.0
oem_hyundai_Grid_4,HIIB - HYUNDAI,10000078753,PVT CAR,"Renewal, Roll Over",0.0,100.001,1001,1501,Yes,OD,0.0
oem_hyundai_Grid_4,HIIB - HYUNDAI,10000078753,PVT CAR,"Renewal, Roll Over",0.0,100.001,1501,999999999,Yes,OD,0.0
oem_hyundai_Grid_4,HIIB - HYUNDAI,10000078753,PVT CAR(1+1),"Renewal, Roll Over",0.0,100.001,-999,1001,Yes,OD,0.0
oem_hyundai_Grid_4,HIIB - HYUNDAI,10000078753,PVT CAR(1+1),"Renewal, Roll Over",0.0,100.001,1001,1501,Yes,OD,0.0
oem_hyundai_Grid_4,HIIB - HYUNDAI,10000078753,PVT CAR(1+1),"Renewal, Roll Over",0.0,100.001,1501,999999999,Yes,OD,0.0
oem_hyundai_Grid_4,HIIB - HYUNDAI,10000078753,PVT CAR(1+3),New,0.0,100.001,-999,1001,Yes,OD,0.0
oem_hyundai_Grid_4,HIIB - HYUNDAI,10000078753,PVT CAR(1+3),New,0.0,100.001,1001,1501,Yes,OD,0.0
oem_hyundai_Grid_4,HIIB - HYUNDAI,10000078753,PVT CAR(1+3),New,0.0,100.001,1501,999999999,Yes,OD,0.0
oem_hyundai_Grid_4,HIIB - HYUNDAI,10000078754,PVT CAR,"Renewal, Roll Over",0.0,100.001,-999,1001,Yes,OD,0.0
oem_hyundai_Grid_4,HIIB - HYUNDAI,10000078754,PVT CAR,"Renewal, Roll Over",0.0,100.001,1001,1501,Yes,OD,0.0
oem_hyundai_Grid_4,HIIB - HYUNDAI,10000078754,PVT CAR,"Renewal, Roll Over",0.0,100.001,1501,999999999,Yes,OD,0.0
oem_hyundai_Grid_4,HIIB - HYUNDAI,10000078754,PVT CAR(1+1),"Renewal, Roll Over",80.001,100.001,-999,1001,Yes,OD,0.0
oem_hyundai_Grid_4,HIIB - HYUNDAI,10000078754,PVT CAR(1+1),"Renewal, Roll Over",0.0,80.001,-999,1001,Yes,OD,0.0549999999999999
oem_hyundai_Grid_4,HIIB - HYUNDAI,10000078754,PVT CAR(1+1),"Renewal, Roll Over",80.001,100.001,1001,1501,Yes,OD,0.0
oem_hyundai_Grid_4,HIIB - HYUNDAI,10000078754,PVT CAR(1+1),"Renewal, Roll Over",0.0,80.001,1001,1501,Yes,OD,0.0549999999999999
oem_hyundai_Grid_4,HIIB - HYUNDAI,10000078754,PVT CAR(1+1),"Renewal, Roll Over",80.001,100.001,1501,999999999,Yes,OD,0.0
oem_hyundai_Grid_4,HIIB - HYUNDAI,10000078754,PVT CAR(1+1),"Renewal, Roll Over",0.0,80.001,1501,999999999,Yes,OD,0.0549999999999999
oem_hyundai_Grid_4,HIIB - HYUNDAI,10000078754,PVT CAR(1+3),New,60.001,100.001,-999,1001,Yes,OD,0.0
oem_hyundai_Grid_4,HIIB - HYUNDAI,10000078754,PVT CAR(1+3),New,0.0,60.001,-999,1001,Yes,OD,0.5049999999999999
oem_hyundai_Grid_4,HIIB - HYUNDAI,10000078754,PVT CAR(1+3),New,60.001,100.001,1001,1501,Yes,OD,0.0
oem_hyundai_Grid_4,HIIB - HYUNDAI,10000078754,PVT CAR(1+3),New,0.0,60.001,1001,1501,Yes,OD,0.5049999999999999
oem_hyundai_Grid_4,HIIB - HYUNDAI,10000078754,PVT CAR(1+3),New,60.001,100.001,1501,999999999,Yes,OD,0.0
oem_hyundai_Grid_4,HIIB - HYUNDAI,10000078754,PVT CAR(1+3),New,0.0,60.001,1501,999999999,Yes,OD,0.5049999999999999
oem_hyundai_Grid_4,HIIB - HYUNDAI,10000078755,PVT CAR,"Renewal, Roll Over",0.0,100.001,-999,1001,Yes,OD,0.0
oem_hyundai_Grid_4,HIIB - HYUNDAI,10000078755,PVT CAR,"Renewal, Roll Over",0.0,100.001,1001,1501,Yes,OD,0.0
oem_hyundai_Grid_4,HIIB - HYUNDAI,10000078755,PVT CAR,"Renewal, Roll Over",0.0,100.001,1501,999999999,Yes,OD,0.0
oem_hyundai_Grid_4,HIIB - HYUNDAI,10000078755,PVT CAR(1+1),"Renewal, Roll Over",0.0,100.001,-999,1001,Yes,OD,0.0
oem_hyundai_Grid_4,HIIB - HYUNDAI,10000078755,PVT CAR(1+1),"Renewal, Roll Over",0.0,100.001,1001,1501,Yes,OD,0.0
oem_hyundai_Grid_4,HIIB - HYUNDAI,10000078755,PVT CAR(1+1),"Renewal, Roll Over",0.0,100.001,1501,999999999,Yes,OD,0.0
oem_hyundai_Grid_4,HIIB - HYUNDAI,10000078755,PVT CAR(1+3),New,20.001,100.001,-999,1001,Yes,OD,0.0
oem_hyundai_Grid_4,HIIB - HYUNDAI,10000078755,PVT CAR(1+3),New,0.0,20.001,-999,1001,Yes,OD,0.4049999999999999
oem_hyundai_Grid_4,HIIB - HYUNDAI,10000078755,PVT CAR(1+3),New,20.001,100.001,1001,1501,Yes,OD,0.0
oem_hyundai_Grid_4,HIIB - HYUNDAI,10000078755,PVT CAR(1+3),New,0.0,20.001,1001,1501,Yes,OD,0.4049999999999999
oem_hyundai_Grid_4,HIIB - HYUNDAI,10000078755,PVT CAR(1+3),New,20.001,100.001,1501,999999999,Yes,OD,0.0
oem_hyundai_Grid_4,HIIB - HYUNDAI,10000078755,PVT CAR(1+3),New,0.0,20.001,1501,999999999,Yes,OD,0.4049999999999999
oem_hyundai_Grid_4,HIIB - HYUNDAI,10000078757,PCV-TAXI,ANY,0.0,100.001,-999,999999999,Yes,OD,0.0
oem_hyundai_Grid_4,HIIB - HYUNDAI,10000078757,PVT CAR,"Renewal, Roll Over",0.0,100.001,-999,1001,Yes,OD,0.0
oem_hyundai_Grid_4,HIIB - HYUNDAI,10000078757,PVT CAR,"Renewal, Roll Over",0.0,100.001,1001,1501,Yes,OD,0.0
oem_hyundai_Grid_4,HIIB - HYUNDAI,10000078757,PVT CAR,"Renewal, Roll Over",0.0,100.001,1501,999999999,Yes,OD,0.0
oem_hyundai_Grid_4,HIIB - HYUNDAI,10000078757,PVT CAR(1+1),"Renewal, Roll Over",0.0,100.001,-999,1001,Yes,OD,0.0
oem_hyundai_Grid_4,HIIB - HYUNDAI,10000078757,PVT CAR(1+1),"Renewal, Roll Over",0.0,100.001,1001,1501,Yes,OD,0.0
oem_hyundai_Grid_4,HIIB - HYUNDAI,10000078757,PVT CAR(1+1),"Renewal, Roll Over",0.0,100.001,1501,999999999,Yes,OD,0.0
oem_hyundai_Grid_4,HIIB - HYUNDAI,10000078757,PVT CAR(1+3),New,75.001,100.001,-999,1001,Yes,OD,0.0
oem_hyundai_Grid_4,HIIB - HYUNDAI,10000078757,PVT CAR(1+3),New,55.001,75.001,-999,1001,Yes,OD,0.1249999999999997
oem_hyundai_Grid_4,HIIB - HYUNDAI,10000078757,PVT CAR(1+3),New,50.001,55.001,-999,1001,Yes,OD,0.1749999999999997
oem_hyundai_Grid_4,HIIB - HYUNDAI,10000078757,PVT CAR(1+3),New,45.001,50.001,-999,1001,Yes,OD,0.2249999999999997
oem_hyundai_Grid_4,HIIB - HYUNDAI,10000078757,PVT CAR(1+3),New,40.001,45.001,-999,1001,Yes,OD,0.2749999999999997
oem_hyundai_Grid_4,HIIB - HYUNDAI,10000078757,PVT CAR(1+3),New,35.001,40.001,-999,1001,Yes,OD,0.3249999999999997
oem_hyundai_Grid_4,HIIB - HYUNDAI,10000078757,PVT CAR(1+3),New,30.001,35.001,-999,1001,Yes,OD,0.3749999999999997
oem_hyundai_Grid_4,HIIB - HYUNDAI,10000078757,PVT CAR(1+3),New,25.001,30.001,-999,1001,Yes,OD,0.4249999999999997
oem_hyundai_Grid_4,HIIB - HYUNDAI,10000078757,PVT CAR(1+3),New,20.001,25.001,-999,1001,Yes,OD,0.4749999999999998
oem_hyundai_Grid_4,HIIB - HYUNDAI,10000078757,PVT CAR(1+3),New,15.001,20.001,-999,1001,Yes,OD,0.5249999999999999
oem_hyundai_Grid_4,HIIB - HYUNDAI,10000078757,PVT CAR(1+3),New,10.001,15.001,-999,1001,Yes,OD,0.575
oem_hyundai_Grid_4,HIIB - HYUNDAI,10000078757,PVT CAR(1+3),New,5.001,10.001,-999,1001,Yes,OD,0.625
oem_hyundai_Grid_4,HIIB - HYUNDAI,10000078757,PVT CAR(1+3),New,1.001,5.001,-999,1001,Yes,OD,0.675
oem_hyundai_Grid_4,HIIB - HYUNDAI,10000078757,PVT CAR(1+3),New,0.0,0.999,-999,1001,Yes,OD,0.7250000000000001
oem_hyundai_Grid_4,HIIB - HYUNDAI,10000078757,PVT CAR(1+3),New,75.001,100.001,1001,1501,Yes,OD,0.0
oem_hyundai_Grid_4,HIIB - HYUNDAI,10000078757,PVT CAR(1+3),New,55.001,75.001,1001,1501,Yes,OD,0.1249999999999997
oem_hyundai_Grid_4,HIIB - HYUNDAI,10000078757,PVT CAR(1+3),New,50.001,55.001,1001,1501,Yes,OD,0.1749999999999997
oem_hyundai_Grid_4,HIIB - HYUNDAI,10000078757,PVT CAR(1+3),New,45.001,50.001,1001,1501,Yes,OD,0.2249999999999997
oem_hyundai_Grid_4,HIIB - HYUNDAI,10000078757,PVT CAR(1+3),New,40.001,45.001,1001,1501,Yes,OD,0.2749999999999997
oem_hyundai_Grid_4,HIIB - HYUNDAI,10000078757,PVT CAR(1+3),New,35.001,40.001,1001,1501,Yes,OD,0.3249999999999997
oem_hyundai_Grid_4,HIIB - HYUNDAI,10000078757,PVT CAR(1+3),New,30.001,35.001,1001,1501,Yes,OD,0.3749999999999997
oem_hyundai_Grid_4,HIIB - HYUNDAI,10000078757,PVT CAR(1+3),New,25.001,30.001,1001,1501,Yes,OD,0.4249999999999997
oem_hyundai_Grid_4,HIIB - HYUNDAI,10000078757,PVT CAR(1+3),New,20.001,25.001,1001,1501,Yes,OD,0.4749999999999998
oem_hyundai_Grid_4,HIIB - HYUNDAI,10000078757,PVT CAR(1+3),New,15.001,20.001,1001,1501,Yes,OD,0.5249999999999999
oem_hyundai_Grid_4,HIIB - HYUNDAI,10000078757,PVT CAR(1+3),New,10.001,15.001,1001,1501,Yes,OD,0.575
oem_hyundai_Grid_4,HIIB - HYUNDAI,10000078757,PVT CAR(1+3),New,5.001,10.001,1001,1501,Yes,OD,0.625
oem_hyundai_Grid_4,HIIB - HYUNDAI,10000078757,PVT CAR(1+3),New,1.001,5.001,1001,1501,Yes,OD,0.675
oem_hyundai_Grid_4,HIIB - HYUNDAI,10000078757,PVT CAR(1+3),New,0.0,0.999,1001,1501,Yes,OD,0.7250000000000001
oem_hyundai_Grid_4,HIIB - HYUNDAI,10000078757,PVT CAR(1+3),New,75.001,100.001,1501,999999999,Yes,OD,0.0
oem_hyundai_Grid_4,HIIB - HYUNDAI,10000078757,PVT CAR(1+3),New,55.001,75.001,1501,999999999,Yes,OD,0.1249999999999997
oem_hyundai_Grid_4,HIIB - HYUNDAI,10000078757,PVT CAR(1+3),New,50.001,55.001,1501,999999999,Yes,OD,0.1749999999999997
oem_hyundai_Grid_4,HIIB - HYUNDAI,10000078757,PVT CAR(1+3),New,45.001,50.001,1501,999999999,Yes,OD,0.2249999999999997
oem_hyundai_Grid_4,HIIB - HYUNDAI,10000078757,PVT CAR(1+3),New,40.001,45.001,1501,999999999,Yes,OD,0.2749999999999997
oem_hyundai_Grid_4,HIIB - HYUNDAI,10000078757,PVT CAR(1+3),New,35.001,40.001,1501,999999999,Yes,OD,0.3249999999999997
oem_hyundai_Grid_4,HIIB - HYUNDAI,10000078757,PVT CAR(1+3),New,30.001,35.001,1501,999999999,Yes,OD,0.3749999999999997
oem_hyundai_Grid_4,HIIB - HYUNDAI,10000078757,PVT CAR(1+3),New,25.001,30.001,1501,999999999,Yes,OD,0.4249999999999997
oem_hyundai_Grid_4,HIIB - HYUNDAI,10000078757,PVT CAR(1+3),New,20.001,25.001,1501,999999999,Yes,OD,0.4749999999999998
oem_hyundai_Grid_4,HIIB - HYUNDAI,10000078757,PVT CAR(1+3),New,15.001,20.001,1501,999999999,Yes,OD,0.5249999999999999
oem_hyundai_Grid_4,HIIB - HYUNDAI,10000078757,PVT CAR(1+3),New,10.001,15.001,1501,999999999,Yes,OD,0.575
oem_hyundai_Grid_4,HIIB - HYUNDAI,10000078757,PVT CAR(1+3),New,5.001,10.001,1501,999999999,Yes,OD,0.625
oem_hyundai_Grid_4,HIIB - HYUNDAI,10000078757,PVT CAR(1+3),New,1.001,5.001,1501,999999999,Yes,OD,0.675
oem_hyundai_Grid_4,HIIB - HYUNDAI,10000078757,PVT CAR(1+3),New,0.0,0.999,1501,999999999,Yes,OD,0.7250000000000001
oem_hyundai_Grid_4,HIIB - HYUNDAI,10000078759,PVT CAR,"Renewal, Roll Over",0.0,100.001,-999,1001,Yes,OD,0.0
oem_hyundai_Grid_4,HIIB - HYUNDAI,10000078759,PVT CAR,"Renewal, Roll Over",0.0,100.001,1001,1501,Yes,OD,0.0
oem_hyundai_Grid_4,HIIB - HYUNDAI,10000078759,PVT CAR,"Renewal, Roll Over",0.0,100.001,1501,999999999,Yes,OD,0.0
oem_hyundai_Grid_4,HIIB - HYUNDAI,10000078759,PVT CAR(1+1),"Renewal, Roll Over",0.0,100.001,-999,1001,Yes,OD,0.0
oem_hyundai_Grid_4,HIIB - HYUNDAI,10000078759,PVT CAR(1+1),"Renewal, Roll Over",0.0,100.001,1001,1501,Yes,OD,0.0
oem_hyundai_Grid_4,HIIB - HYUNDAI,10000078759,PVT CAR(1+1),"Renewal, Roll Over",0.0,100.001,1501,999999999,Yes,OD,0.0
oem_hyundai_Grid_4,HIIB - HYUNDAI,10000078759,PVT CAR(1+3),New,0.0,100.001,-999,1001,Yes,OD,0.0
oem_hyundai_Grid_4,HIIB - HYUNDAI,10000078759,PVT CAR(1+3),New,0.0,100.001,1001,1501,Yes,OD,0.0
oem_hyundai_Grid_4,HIIB - HYUNDAI,10000078759,PVT CAR(1+3),New,0.0,100.001,1501,999999999,Yes,OD,0.0
oem_hyundai_Grid_4,HIIB - HYUNDAI,10000078769,PVT CAR,"Renewal, Roll Over",0.0,100.001,-999,1001,Yes,OD,0.0
oem_hyundai_Grid_4,HIIB - HYUNDAI,10000078769,PVT CAR,"Renewal, Roll Over",0.0,100.001,1001,1501,Yes,OD,0.0
oem_hyundai_Grid_4,HIIB - HYUNDAI,10000078769,PVT CAR,"Renewal, Roll Over",0.0,100.001,1501,999999999,Yes,OD,0.0
oem_hyundai_Grid_4,HIIB - HYUNDAI,10000078769,PVT CAR(1+1),"Renewal, Roll Over",0.0,100.001,-999,1001,Yes,OD,0.0
oem_hyundai_Grid_4,HIIB - HYUNDAI,10000078769,PVT CAR(1+1),"Renewal, Roll Over",0.0,100.001,1001,1501,Yes,OD,0.0
oem_hyundai_Grid_4,HIIB - HYUNDAI,10000078769,PVT CAR(1+1),"Renewal, Roll Over",0.0,100.001,1501,999999999,Yes,OD,0.0
oem_hyundai_Grid_4,HIIB - HYUNDAI,10000078769,PVT CAR(1+3),New,0.0,100.001,-999,1001,Yes,OD,0.0
oem_hyundai_Grid_4,HIIB - HYUNDAI,10000078769,PVT CAR(1+3),New,0.0,100.001,1001,1501,Yes,OD,0.0
oem_hyundai_Grid_4,HIIB - HYUNDAI,10000078769,PVT CAR(1+3),New,0.0,100.001,1501,999999999,Yes,OD,0.0
oem_hyundai_Grid_4,HIIB - HYUNDAI,10000078770,PVT CAR,"Renewal, Roll Over",0.0,100.001,-999,1001,Yes,OD,0.0
oem_hyundai_Grid_4,HIIB - HYUNDAI,10000078770,PVT CAR,"Renewal, Roll Over",0.0,100.001,1001,1501,Yes,OD,0.0
oem_hyundai_Grid_4,HIIB - HYUNDAI,10000078770,PVT CAR,"Renewal, Roll Over",0.0,100.001,1501,999999999,Yes,OD,0.0
oem_hyundai_Grid_4,HIIB - HYUNDAI,10000078770,PVT CAR(1+1),"Renewal, Roll Over",0.0,100.001,-999,1001,Yes,OD,0.0
oem_hyundai_Grid_4,HIIB - HYUNDAI,10000078770,PVT CAR(1+1),"Renewal, Roll Over",0.0,100.001,1001,1501,Yes,OD,0.0
oem_hyundai_Grid_4,HIIB - HYUNDAI,10000078770,PVT CAR(1+1),"Renewal, Roll Over",0.0,100.001,1501,999999999,Yes,OD,0.0
oem_hyundai_Grid_4,HIIB - HYUNDAI,10000078770,PVT CAR(1+3),New,0.0,100.001,-999,1001,Yes,OD,0.0
oem_hyundai_Grid_4,HIIB - HYUNDAI,10000078770,PVT CAR(1+3),New,0.0,100.001,1001,1501,Yes,OD,0.0
oem_hyundai_Grid_4,HIIB - HYUNDAI,10000078770,PVT CAR(1+3),New,0.0,100.001,1501,999999999,Yes,OD,0.0
oem_hyundai_Grid_4,HIIB - HYUNDAI,10000078772,PVT CAR,"Renewal, Roll Over",0.0,100.001,-999,1001,Yes,OD,0.0
oem_hyundai_Grid_4,HIIB - HYUNDAI,10000078772,PVT CAR,"Renewal, Roll Over",0.0,100.001,1001,1501,Yes,OD,0.0
oem_hyundai_Grid_4,HIIB - HYUNDAI,10000078772,PVT CAR,"Renewal, Roll Over",0.0,100.001,1501,999999999,Yes,OD,0.0
oem_hyundai_Grid_4,HIIB - HYUNDAI,10000078772,PVT CAR(1+1),"Renewal, Roll Over",80.001,100.001,-999,1001,Yes,OD,0.0
oem_hyundai_Grid_4,HIIB - HYUNDAI,10000078772,PVT CAR(1+1),"Renewal, Roll Over",0.0,80.001,-999,1001,Yes,OD,0.0549999999999999
oem_hyundai_Grid_4,HIIB - HYUNDAI,10000078772,PVT CAR(1+1),"Renewal, Roll Over",80.001,100.001,1001,1501,Yes,OD,0.0
oem_hyundai_Grid_4,HIIB - HYUNDAI,10000078772,PVT CAR(1+1),"Renewal, Roll Over",0.0,80.001,1001,1501,Yes,OD,0.0549999999999999
oem_hyundai_Grid_4,HIIB - HYUNDAI,10000078772,PVT CAR(1+1),"Renewal, Roll Over",80.001,100.001,1501,999999999,Yes,OD,0.0
oem_hyundai_Grid_4,HIIB - HYUNDAI,10000078772,PVT CAR(1+1),"Renewal, Roll Over",0.0,80.001,1501,999999999,Yes,OD,0.0549999999999999
oem_hyundai_Grid_4,HIIB - HYUNDAI,10000078772,PVT CAR(1+3),New,40.001,100.001,-999,1001,Yes,OD,0.0
oem_hyundai_Grid_4,HIIB - HYUNDAI,10000078772,PVT CAR(1+3),New,20.001,40.001,-999,1001,Yes,OD,0.205
oem_hyundai_Grid_4,HIIB - HYUNDAI,10000078772,PVT CAR(1+3),New,1.001,20.001,-999,1001,Yes,OD,0.4049999999999999
oem_hyundai_Grid_4,HIIB - HYUNDAI,10000078772,PVT CAR(1+3),New,0.0,0.999,-999,1001,Yes,OD,0.605
oem_hyundai_Grid_4,HIIB - HYUNDAI,10000078772,PVT CAR(1+3),New,40.001,100.001,1001,1501,Yes,OD,0.0
oem_hyundai_Grid_4,HIIB - HYUNDAI,10000078772,PVT CAR(1+3),New,20.001,40.001,1001,1501,Yes,OD,0.205
oem_hyundai_Grid_4,HIIB - HYUNDAI,10000078772,PVT CAR(1+3),New,1.001,20.001,1001,1501,Yes,OD,0.4049999999999999
oem_hyundai_Grid_4,HIIB - HYUNDAI,10000078772,PVT CAR(1+3),New,0.0,0.999,1001,1501,Yes,OD,0.605
oem_hyundai_Grid_4,HIIB - HYUNDAI,10000078772,PVT CAR(1+3),New,40.001,100.001,1501,999999999,Yes,OD,0.0
oem_hyundai_Grid_4,HIIB - HYUNDAI,10000078772,PVT CAR(1+3),New,20.001,40.001,1501,999999999,Yes,OD,0.205
oem_hyundai_Grid_4,HIIB - HYUNDAI,10000078772,PVT CAR(1+3),New,1.001,20.001,1501,999999999,Yes,OD,0.4049999999999999
oem_hyundai_Grid_4,HIIB - HYUNDAI,10000078772,PVT CAR(1+3),New,0.0,0.999,1501,999999999,Yes,OD,0.605
oem_hyundai_Grid_4,HIIB - HYUNDAI,10000078781,PVT CAR,"Renewal, Roll Over",0.0,100.001,-999,1001,Yes,OD,0.0
oem_hyundai_Grid_4,HIIB - HYUNDAI,10000078781,PVT CAR,"Renewal, Roll Over",0.0,100.001,1001,1501,Yes,OD,0.0
oem_hyundai_Grid_4,HIIB - HYUNDAI,10000078781,PVT CAR,"Renewal, Roll Over",0.0,100.001,1501,999999999,Yes,OD,0.0
oem_hyundai_Grid_4,HIIB - HYUNDAI,10000078781,PVT CAR(1+1),"Renewal, Roll Over",0.0,100.001,-999,1001,Yes,OD,0.0
oem_hyundai_Grid_4,HIIB - HYUNDAI,10000078781,PVT CAR(1+1),"Renewal, Roll Over",0.0,100.001,1001,1501,Yes,OD,0.0
oem_hyundai_Grid_4,HIIB - HYUNDAI,10000078781,PVT CAR(1+1),"Renewal, Roll Over",0.0,100.001,1501,999999999,Yes,OD,0.0
oem_hyundai_Grid_4,HIIB - HYUNDAI,10000078781,PVT CAR(1+3),New,0.0,100.001,-999,1001,Yes,OD,0.0
oem_hyundai_Grid_4,HIIB - HYUNDAI,10000078781,PVT CAR(1+3),New,0.0,100.001,1001,1501,Yes,OD,0.0
oem_hyundai_Grid_4,HIIB - HYUNDAI,10000078781,PVT CAR(1+3),New,0.0,100.001,1501,999999999,Yes,OD,0.0
oem_hyundai_Grid_4,HIIB - HYUNDAI,10000078785,PVT CAR,"Renewal, Roll Over",0.0,100.001,-999,1001,Yes,OD,0.0
oem_hyundai_Grid_4,HIIB - HYUNDAI,10000078785,PVT CAR,"Renewal, Roll Over",0.0,100.001,1001,1501,Yes,OD,0.0
oem_hyundai_Grid_4,HIIB - HYUNDAI,10000078785,PVT CAR,"Renewal, Roll Over",0.0,100.001,1501,999999999,Yes,OD,0.0
oem_hyundai_Grid_4,HIIB - HYUNDAI,10000078785,PVT CAR(1+1),"Renewal, Roll Over",0.0,100.001,-999,1001,Yes,OD,0.0
oem_hyundai_Grid_4,HIIB - HYUNDAI,10000078785,PVT CAR(1+1),"Renewal, Roll Over",0.0,100.001,1001,1501,Yes,OD,0.0
oem_hyundai_Grid_4,HIIB - HYUNDAI,10000078785,PVT CAR(1+1),"Renewal, Roll Over",0.0,100.001,1501,999999999,Yes,OD,0.0
oem_hyundai_Grid_4,HIIB - HYUNDAI,10000078785,PVT CAR(1+3),New,0.0,100.001,-999,1001,Yes,OD,0.0
oem_hyundai_Grid_4,HIIB - HYUNDAI,10000078785,PVT CAR(1+3),New,0.0,100.001,1001,1501,Yes,OD,0.0
oem_hyundai_Grid_4,HIIB - HYUNDAI,10000078785,PVT CAR(1+3),New,0.0,100.001,1501,999999999,Yes,OD,0.0
oem_hyundai_Grid_4,HIIB - HYUNDAI,10000078786,PCV-TAXI,ANY,0.0,100.001,-999,999999999,Yes,OD,0.0
oem_hyundai_Grid_4,HIIB - HYUNDAI,10000078786,PVT CAR,"Renewal, Roll Over",0.0,100.001,-999,1001,Yes,OD,0.0
oem_hyundai_Grid_4,HIIB - HYUNDAI,10000078786,PVT CAR,"Renewal, Roll Over",0.0,100.001,1001,1501,Yes,OD,0.0
oem_hyundai_Grid_4,HIIB - HYUNDAI,10000078786,PVT CAR,"Renewal, Roll Over",0.0,100.001,1501,999999999,Yes,OD,0.0
oem_hyundai_Grid_4,HIIB - HYUNDAI,10000078786,PVT CAR(1+1),"Renewal, Roll Over",0.0,100.001,-999,1001,Yes,OD,0.0
oem_hyundai_Grid_4,HIIB - HYUNDAI,10000078786,PVT CAR(1+1),"Renewal, Roll Over",0.0,100.001,1001,1501,Yes,OD,0.0
oem_hyundai_Grid_4,HIIB - HYUNDAI,10000078786,PVT CAR(1+1),"Renewal, Roll Over",0.0,100.001,1501,999999999,Yes,OD,0.0
oem_hyundai_Grid_4,HIIB - HYUNDAI,10000078786,PVT CAR(1+3),New,60.001,100.001,-999,1001,Yes,OD,0.0
oem_hyundai_Grid_4,HIIB - HYUNDAI,10000078786,PVT CAR(1+3),New,55.001,60.001,-999,1001,Yes,OD,0.0549999999999999
oem_hyundai_Grid_4,HIIB - HYUNDAI,10000078786,PVT CAR(1+3),New,50.001,55.001,-999,1001,Yes,OD,0.105
oem_hyundai_Grid_4,HIIB - HYUNDAI,10000078786,PVT CAR(1+3),New,45.001,50.001,-999,1001,Yes,OD,0.155
oem_hyundai_Grid_4,HIIB - HYUNDAI,10000078786,PVT CAR(1+3),New,40.001,45.001,-999,1001,Yes,OD,0.205
oem_hyundai_Grid_4,HIIB - HYUNDAI,10000078786,PVT CAR(1+3),New,35.001,40.001,-999,1001,Yes,OD,0.255
oem_hyundai_Grid_4,HIIB - HYUNDAI,10000078786,PVT CAR(1+3),New,30.001,35.001,-999,1001,Yes,OD,0.305
oem_hyundai_Grid_4,HIIB - HYUNDAI,10000078786,PVT CAR(1+3),New,25.001,30.001,-999,1001,Yes,OD,0.355
oem_hyundai_Grid_4,HIIB - HYUNDAI,10000078786,PVT CAR(1+3),New,20.001,25.001,-999,1001,Yes,OD,0.4049999999999999
oem_hyundai_Grid_4,HIIB - HYUNDAI,10000078786,PVT CAR(1+3),New,15.001,20.001,-999,1001,Yes,OD,0.4549999999999999
oem_hyundai_Grid_4,HIIB - HYUNDAI,10000078786,PVT CAR(1+3),New,10.001,15.001,-999,1001,Yes,OD,0.5049999999999999
oem_hyundai_Grid_4,HIIB - HYUNDAI,10000078786,PVT CAR(1+3),New,5.001,10.001,-999,1001,Yes,OD,0.5549999999999999
oem_hyundai_Grid_4,HIIB - HYUNDAI,10000078786,PVT CAR(1+3),New,1.001,5.001,-999,1001,Yes,OD,0.605
oem_hyundai_Grid_4,HIIB - HYUNDAI,10000078786,PVT CAR(1+3),New,0.0,0.999,-999,1001,Yes,OD,0.655
oem_hyundai_Grid_4,HIIB - HYUNDAI,10000078786,PVT CAR(1+3),New,60.001,100.001,1001,1501,Yes,OD,0.0
oem_hyundai_Grid_4,HIIB - HYUNDAI,10000078786,PVT CAR(1+3),New,55.001,60.001,1001,1501,Yes,OD,0.0549999999999999
oem_hyundai_Grid_4,HIIB - HYUNDAI,10000078786,PVT CAR(1+3),New,50.001,55.001,1001,1501,Yes,OD,0.105
oem_hyundai_Grid_4,HIIB - HYUNDAI,10000078786,PVT CAR(1+3),New,45.001,50.001,1001,1501,Yes,OD,0.155
oem_hyundai_Grid_4,HIIB - HYUNDAI,10000078786,PVT CAR(1+3),New,40.001,45.001,1001,1501,Yes,OD,0.205
oem_hyundai_Grid_4,HIIB - HYUNDAI,10000078786,PVT CAR(1+3),New,35.001,40.001,1001,1501,Yes,OD,0.255
oem_hyundai_Grid_4,HIIB - HYUNDAI,10000078786,PVT CAR(1+3),New,30.001,35.001,1001,1501,Yes,OD,0.305
oem_hyundai_Grid_4,HIIB - HYUNDAI,10000078786,PVT CAR(1+3),New,25.001,30.001,1001,1501,Yes,OD,0.355
oem_hyundai_Grid_4,HIIB - HYUNDAI,10000078786,PVT CAR(1+3),New,20.001,25.001,1001,1501,Yes,OD,0.4049999999999999
oem_hyundai_Grid_4,HIIB - HYUNDAI,10000078786,PVT CAR(1+3),New,15.001,20.001,1001,1501,Yes,OD,0.4549999999999999
oem_hyundai_Grid_4,HIIB - HYUNDAI,10000078786,PVT CAR(1+3),New,10.001,15.001,1001,1501,Yes,OD,0.5049999999999999
oem_hyundai_Grid_4,HIIB - HYUNDAI,10000078786,PVT CAR(1+3),New,5.001,10.001,1001,1501,Yes,OD,0.5549999999999999
oem_hyundai_Grid_4,HIIB - HYUNDAI,10000078786,PVT CAR(1+3),New,1.001,5.001,1001,1501,Yes,OD,0.605
oem_hyundai_Grid_4,HIIB - HYUNDAI,10000078786,PVT CAR(1+3),New,0.0,0.999,1001,1501,Yes,OD,0.655
oem_hyundai_Grid_4,HIIB - HYUNDAI,10000078786,PVT CAR(1+3),New,60.001,100.001,1501,999999999,Yes,OD,0.0
oem_hyundai_Grid_4,HIIB - HYUNDAI,10000078786,PVT CAR(1+3),New,55.001,60.001,1501,999999999,Yes,OD,0.0549999999999999
oem_hyundai_Grid_4,HIIB - HYUNDAI,10000078786,PVT CAR(1+3),New,50.001,55.001,1501,999999999,Yes,OD,0.105
oem_hyundai_Grid_4,HIIB - HYUNDAI,10000078786,PVT CAR(1+3),New,45.001,50.001,1501,999999999,Yes,OD,0.155
oem_hyundai_Grid_4,HIIB - HYUNDAI,10000078786,PVT CAR(1+3),New,40.001,45.001,1501,999999999,Yes,OD,0.205
oem_hyundai_Grid_4,HIIB - HYUNDAI,10000078786,PVT CAR(1+3),New,35.001,40.001,1501,999999999,Yes,OD,0.255
oem_hyundai_Grid_4,HIIB - HYUNDAI,10000078786,PVT CAR(1+3),New,30.001,35.001,1501,999999999,Yes,OD,0.305
oem_hyundai_Grid_4,HIIB - HYUNDAI,10000078786,PVT CAR(1+3),New,25.001,30.001,1501,999999999,Yes,OD,0.355
oem_hyundai_Grid_4,HIIB - HYUNDAI,10000078786,PVT CAR(1+3),New,20.001,25.001,1501,999999999,Yes,OD,0.4049999999999999
oem_hyundai_Grid_4,HIIB - HYUNDAI,10000078786,PVT CAR(1+3),New,15.001,20.001,1501,999999999,Yes,OD,0.4549999999999999
oem_hyundai_Grid_4,HIIB - HYUNDAI,10000078786,PVT CAR(1+3),New,10.001,15.001,1501,999999999,Yes,OD,0.5049999999999999
oem_hyundai_Grid_4,HIIB - HYUNDAI,10000078786,PVT CAR(1+3),New,5.001,10.001,1501,999999999,Yes,OD,0.5549999999999999
oem_hyundai_Grid_4,HIIB - HYUNDAI,10000078786,PVT CAR(1+3),New,1.001,5.001,1501,999999999,Yes,OD,0.605
oem_hyundai_Grid_4,HIIB - HYUNDAI,10000078786,PVT CAR(1+3),New,0.0,0.999,1501,999999999,Yes,OD,0.655
oem_hyundai_Grid_4,HIIB - HYUNDAI,10000078787,PVT CAR,"Renewal, Roll Over",0.0,100.001,-999,1001,Yes,OD,0.0
oem_hyundai_Grid_4,HIIB - HYUNDAI,10000078787,PVT CAR,"Renewal, Roll Over",0.0,100.001,1001,1501,Yes,OD,0.0
oem_hyundai_Grid_4,HIIB - HYUNDAI,10000078787,PVT CAR,"Renewal, Roll Over",0.0,100.001,1501,999999999,Yes,OD,0.0
oem_hyundai_Grid_4,HIIB - HYUNDAI,10000078787,PVT CAR(1+1),"Renewal, Roll Over",0.0,100.001,-999,1001,Yes,OD,0.0
oem_hyundai_Grid_4,HIIB - HYUNDAI,10000078787,PVT CAR(1+1),"Renewal, Roll Over",0.0,100.001,1001,1501,Yes,OD,0.0
oem_hyundai_Grid_4,HIIB - HYUNDAI,10000078787,PVT CAR(1+1),"Renewal, Roll Over",0.0,100.001,1501,999999999,Yes,OD,0.0
oem_hyundai_Grid_4,HIIB - HYUNDAI,10000078787,PVT CAR(1+3),New,60.001,100.001,-999,1001,Yes,OD,0.0
oem_hyundai_Grid_4,HIIB - HYUNDAI,10000078787,PVT CAR(1+3),New,0.0,60.001,-999,1001,Yes,OD,0.355
oem_hyundai_Grid_4,HIIB - HYUNDAI,10000078787,PVT CAR(1+3),New,60.001,100.001,1001,1501,Yes,OD,0.0
oem_hyundai_Grid_4,HIIB - HYUNDAI,10000078787,PVT CAR(1+3),New,0.0,60.001,1001,1501,Yes,OD,0.355
oem_hyundai_Grid_4,HIIB - HYUNDAI,10000078787,PVT CAR(1+3),New,60.001,100.001,1501,999999999,Yes,OD,0.0
oem_hyundai_Grid_4,HIIB - HYUNDAI,10000078787,PVT CAR(1+3),New,0.0,60.001,1501,999999999,Yes,OD,0.355
oem_hyundai_Grid_4,HIIB - HYUNDAI,10000078795,PCV-TAXI,ANY,0.0,100.001,-999,999999999,Yes,OD,0.0
oem_hyundai_Grid_4,HIIB - HYUNDAI,10000078795,PVT CAR,"Renewal, Roll Over",0.0,100.001,-999,1001,Yes,OD,0.0
oem_hyundai_Grid_4,HIIB - HYUNDAI,10000078795,PVT CAR,"Renewal, Roll Over",0.0,100.001,1001,1501,Yes,OD,0.0
oem_hyundai_Grid_4,HIIB - HYUNDAI,10000078795,PVT CAR,"Renewal, Roll Over",0.0,100.001,1501,999999999,Yes,OD,0.0
oem_hyundai_Grid_4,HIIB - HYUNDAI,10000078795,PVT CAR(1+1),"Renewal, Roll Over",0.0,100.001,-999,1001,Yes,OD,0.0
oem_hyundai_Grid_4,HIIB - HYUNDAI,10000078795,PVT CAR(1+1),"Renewal, Roll Over",0.0,100.001,1001,1501,Yes,OD,0.0
oem_hyundai_Grid_4,HIIB - HYUNDAI,10000078795,PVT CAR(1+1),"Renewal, Roll Over",0.0,100.001,1501,999999999,Yes,OD,0.0
oem_hyundai_Grid_4,HIIB - HYUNDAI,10000078795,PVT CAR(1+3),New,0.0,100.001,-999,1001,Yes,OD,0.0
oem_hyundai_Grid_4,HIIB - HYUNDAI,10000078795,PVT CAR(1+3),New,0.0,100.001,1001,1501,Yes,OD,0.0
oem_hyundai_Grid_4,HIIB - HYUNDAI,10000078795,PVT CAR(1+3),New,0.0,100.001,1501,999999999,Yes,OD,0.0
oem_hyundai_Grid_4,HIIB - HYUNDAI,10000078796,PCV-TAXI,ANY,0.0,100.001,-999,999999999,Yes,OD,0.0
oem_hyundai_Grid_4,HIIB - HYUNDAI,10000078796,PVT CAR,"Renewal, Roll Over",0.0,100.001,-999,1001,Yes,OD,0.0
oem_hyundai_Grid_4,HIIB - HYUNDAI,10000078796,PVT CAR,"Renewal, Roll Over",0.0,100.001,1001,1501,Yes,OD,0.0
oem_hyundai_Grid_4,HIIB - HYUNDAI,10000078796,PVT CAR,"Renewal, Roll Over",0.0,100.001,1501,999999999,Yes,OD,0.0
oem_hyundai_Grid_4,HIIB - HYUNDAI,10000078796,PVT CAR(1+1),"Renewal, Roll Over",0.0,100.001,-999,1001,Yes,OD,0.0
oem_hyundai_Grid_4,HIIB - HYUNDAI,10000078796,PVT CAR(1+1),"Renewal, Roll Over",0.0,100.001,1001,1501,Yes,OD,0.0
oem_hyundai_Grid_4,HIIB - HYUNDAI,10000078796,PVT CAR(1+1),"Renewal, Roll Over",0.0,100.001,1501,999999999,Yes,OD,0.0
oem_hyundai_Grid_4,HIIB - HYUNDAI,10000078796,PVT CAR(1+3),New,0.0,100.001,-999,1001,Yes,OD,0.0
oem_hyundai_Grid_4,HIIB - HYUNDAI,10000078796,PVT CAR(1+3),New,0.0,100.001,1001,1501,Yes,OD,0.0
oem_hyundai_Grid_4,HIIB - HYUNDAI,10000078796,PVT CAR(1+3),New,0.0,100.001,1501,999999999,Yes,OD,0.0
oem_hyundai_Grid_4,HIIB - HYUNDAI,10000078797,PCV-TAXI,ANY,0.0,100.001,-999,999999999,Yes,OD,0.0
oem_hyundai_Grid_4,HIIB - HYUNDAI,10000078797,PVT CAR,"Renewal, Roll Over",0.0,100.001,-999,1001,Yes,OD,0.0
oem_hyundai_Grid_4,HIIB - HYUNDAI,10000078797,PVT CAR,"Renewal, Roll Over",0.0,100.001,1001,1501,Yes,OD,0.0
oem_hyundai_Grid_4,HIIB - HYUNDAI,10000078797,PVT CAR,"Renewal, Roll Over",0.0,100.001,1501,999999999,Yes,OD,0.0
oem_hyundai_Grid_4,HIIB - HYUNDAI,10000078797,PVT CAR(1+1),"Renewal, Roll Over",0.0,100.001,-999,1001,Yes,OD,0.0
oem_hyundai_Grid_4,HIIB - HYUNDAI,10000078797,PVT CAR(1+1),"Renewal, Roll Over",0.0,100.001,1001,1501,Yes,OD,0.0
oem_hyundai_Grid_4,HIIB - HYUNDAI,10000078797,PVT CAR(1+1),"Renewal, Roll Over",0.0,100.001,1501,999999999,Yes,OD,0.0
oem_hyundai_Grid_4,HIIB - HYUNDAI,10000078797,PVT CAR(1+3),New,0.0,100.001,-999,1001,Yes,OD,0.0
oem_hyundai_Grid_4,HIIB - HYUNDAI,10000078797,PVT CAR(1+3),New,0.0,100.001,1001,1501,Yes,OD,0.0
oem_hyundai_Grid_4,HIIB - HYUNDAI,10000078797,PVT CAR(1+3),New,0.0,100.001,1501,999999999,Yes,OD,0.0
oem_hyundai_Grid_4,HIIB - HYUNDAI,10000078798,PVT CAR,"Renewal, Roll Over",0.0,100.001,-999,1001,Yes,OD,0.0
oem_hyundai_Grid_4,HIIB - HYUNDAI,10000078798,PVT CAR,"Renewal, Roll Over",0.0,100.001,1001,1501,Yes,OD,0.0
oem_hyundai_Grid_4,HIIB - HYUNDAI,10000078798,PVT CAR,"Renewal, Roll Over",0.0,100.001,1501,999999999,Yes,OD,0.0
oem_hyundai_Grid_4,HIIB - HYUNDAI,10000078798,PVT CAR(1+1),"Renewal, Roll Over",0.0,100.001,-999,1001,Yes,OD,0.0
oem_hyundai_Grid_4,HIIB - HYUNDAI,10000078798,PVT CAR(1+1),"Renewal, Roll Over",0.0,100.001,1001,1501,Yes,OD,0.0
oem_hyundai_Grid_4,HIIB - HYUNDAI,10000078798,PVT CAR(1+1),"Renewal, Roll Over",0.0,100.001,1501,999999999,Yes,OD,0.0
oem_hyundai_Grid_4,HIIB - HYUNDAI,10000078798,PVT CAR(1+3),New,0.0,100.001,-999,1001,Yes,OD,0.0
oem_hyundai_Grid_4,HIIB - HYUNDAI,10000078798,PVT CAR(1+3),New,0.0,100.001,1001,1501,Yes,OD,0.0
oem_hyundai_Grid_4,HIIB - HYUNDAI,10000078798,PVT CAR(1+3),New,0.0,100.001,1501,999999999,Yes,OD,0.0
oem_hyundai_Grid_4,HIIB - HYUNDAI,10000078802,PCV-TAXI,ANY,85.001,100.001,-999,999999999,Yes,OD,0.0
oem_hyundai_Grid_4,HIIB - HYUNDAI,10000078802,PCV-TAXI,ANY,0.0,85.001,-999,999999999,Yes,OD,0.155
oem_hyundai_Grid_4,HIIB - HYUNDAI,10000078802,PVT CAR,"Renewal, Roll Over",85.001,100.001,-999,1001,Yes,OD,0.0
oem_hyundai_Grid_4,HIIB - HYUNDAI,10000078802,PVT CAR,"Renewal, Roll Over",0.0,85.001,-999,1001,Yes,OD,0.1
oem_hyundai_Grid_4,HIIB - HYUNDAI,10000078802,PVT CAR,"Renewal, Roll Over",85.001,100.001,1001,1501,Yes,OD,0.0
oem_hyundai_Grid_4,HIIB - HYUNDAI,10000078802,PVT CAR,"Renewal, Roll Over",0.0,85.001,1001,1501,Yes,OD,0.1
oem_hyundai_Grid_4,HIIB - HYUNDAI,10000078802,PVT CAR,"Renewal, Roll Over",85.001,100.001,1501,999999999,Yes,OD,0.0
oem_hyundai_Grid_4,HIIB - HYUNDAI,10000078802,PVT CAR,"Renewal, Roll Over",0.0,85.001,1501,999999999,Yes,OD,0.1
oem_hyundai_Grid_4,HIIB - HYUNDAI,10000078802,PVT CAR(1+1),"Renewal, Roll Over",85.001,100.001,-999,1001,Yes,OD,0.0
oem_hyundai_Grid_4,HIIB - HYUNDAI,10000078802,PVT CAR(1+1),"Renewal, Roll Over",0.0,85.001,-999,1001,Yes,OD,0.0999999999999999
oem_hyundai_Grid_4,HIIB - HYUNDAI,10000078802,PVT CAR(1+1),"Renewal, Roll Over",85.001,100.001,1001,1501,Yes,OD,0.0
oem_hyundai_Grid_4,HIIB - HYUNDAI,10000078802,PVT CAR(1+1),"Renewal, Roll Over",0.0,85.001,1001,1501,Yes,OD,0.0999999999999999
oem_hyundai_Grid_4,HIIB - HYUNDAI,10000078802,PVT CAR(1+1),"Renewal, Roll Over",85.001,100.001,1501,999999999,Yes,OD,0.0
oem_hyundai_Grid_4,HIIB - HYUNDAI,10000078802,PVT CAR(1+1),"Renewal, Roll Over",0.0,85.001,1501,999999999,Yes,OD,0.0999999999999999
oem_hyundai_Grid_4,HIIB - HYUNDAI,10000078802,PVT CAR(1+3),New,60.001,100.001,-999,1001,Yes,OD,0.0
oem_hyundai_Grid_4,HIIB - HYUNDAI,10000078802,PVT CAR(1+3),New,55.001,60.001,-999,1001,Yes,OD,0.0549999999999999
oem_hyundai_Grid_4,HIIB - HYUNDAI,10000078802,PVT CAR(1+3),New,50.001,55.001,-999,1001,Yes,OD,0.105
oem_hyundai_Grid_4,HIIB - HYUNDAI,10000078802,PVT CAR(1+3),New,45.001,50.001,-999,1001,Yes,OD,0.155
oem_hyundai_Grid_4,HIIB - HYUNDAI,10000078802,PVT CAR(1+3),New,40.001,45.001,-999,1001,Yes,OD,0.205
oem_hyundai_Grid_4,HIIB - HYUNDAI,10000078802,PVT CAR(1+3),New,35.001,40.001,-999,1001,Yes,OD,0.255
oem_hyundai_Grid_4,HIIB - HYUNDAI,10000078802,PVT CAR(1+3),New,30.001,35.001,-999,1001,Yes,OD,0.305
oem_hyundai_Grid_4,HIIB - HYUNDAI,10000078802,PVT CAR(1+3),New,25.001,30.001,-999,1001,Yes,OD,0.355
oem_hyundai_Grid_4,HIIB - HYUNDAI,10000078802,PVT CAR(1+3),New,20.001,25.001,-999,1001,Yes,OD,0.4049999999999999
oem_hyundai_Grid_4,HIIB - HYUNDAI,10000078802,PVT CAR(1+3),New,15.001,20.001,-999,1001,Yes,OD,0.4549999999999999
oem_hyundai_Grid_4,HIIB - HYUNDAI,10000078802,PVT CAR(1+3),New,10.001,15.001,-999,1001,Yes,OD,0.5049999999999999
oem_hyundai_Grid_4,HIIB - HYUNDAI,10000078802,PVT CAR(1+3),New,5.001,10.001,-999,1001,Yes,OD,0.5549999999999999
oem_hyundai_Grid_4,HIIB - HYUNDAI,10000078802,PVT CAR(1+3),New,1.001,5.001,-999,1001,Yes,OD,0.605
oem_hyundai_Grid_4,HIIB - HYUNDAI,10000078802,PVT CAR(1+3),New,0.0,0.999,-999,1001,Yes,OD,0.7050000000000001
oem_hyundai_Grid_4,HIIB - HYUNDAI,10000078802,PVT CAR(1+3),New,60.001,100.001,1001,1501,Yes,OD,0.0
oem_hyundai_Grid_4,HIIB - HYUNDAI,10000078802,PVT CAR(1+3),New,55.001,60.001,1001,1501,Yes,OD,0.0549999999999999
oem_hyundai_Grid_4,HIIB - HYUNDAI,10000078802,PVT CAR(1+3),New,50.001,55.001,1001,1501,Yes,OD,0.105
oem_hyundai_Grid_4,HIIB - HYUNDAI,10000078802,PVT CAR(1+3),New,45.001,50.001,1001,1501,Yes,OD,0.155
oem_hyundai_Grid_4,HIIB - HYUNDAI,10000078802,PVT CAR(1+3),New,40.001,45.001,1001,1501,Yes,OD,0.205
oem_hyundai_Grid_4,HIIB - HYUNDAI,10000078802,PVT CAR(1+3),New,35.001,40.001,1001,1501,Yes,OD,0.255
oem_hyundai_Grid_4,HIIB - HYUNDAI,10000078802,PVT CAR(1+3),New,30.001,35.001,1001,1501,Yes,OD,0.305
oem_hyundai_Grid_4,HIIB - HYUNDAI,10000078802,PVT CAR(1+3),New,25.001,30.001,1001,1501,Yes,OD,0.355
oem_hyundai_Grid_4,HIIB - HYUNDAI,10000078802,PVT CAR(1+3),New,20.001,25.001,1001,1501,Yes,OD,0.4049999999999999
oem_hyundai_Grid_4,HIIB - HYUNDAI,10000078802,PVT CAR(1+3),New,15.001,20.001,1001,1501,Yes,OD,0.4549999999999999
oem_hyundai_Grid_4,HIIB - HYUNDAI,10000078802,PVT CAR(1+3),New,10.001,15.001,1001,1501,Yes,OD,0.5049999999999999
oem_hyundai_Grid_4,HIIB - HYUNDAI,10000078802,PVT CAR(1+3),New,5.001,10.001,1001,1501,Yes,OD,0.5549999999999999
oem_hyundai_Grid_4,HIIB - HYUNDAI,10000078802,PVT CAR(1+3),New,1.001,5.001,1001,1501,Yes,OD,0.605
oem_hyundai_Grid_4,HIIB - HYUNDAI,10000078802,PVT CAR(1+3),New,0.0,0.999,1001,1501,Yes,OD,0.7050000000000001
oem_hyundai_Grid_4,HIIB - HYUNDAI,10000078802,PVT CAR(1+3),New,60.001,100.001,1501,999999999,Yes,OD,0.0
oem_hyundai_Grid_4,HIIB - HYUNDAI,10000078802,PVT CAR(1+3),New,55.001,60.001,1501,999999999,Yes,OD,0.0549999999999999
oem_hyundai_Grid_4,HIIB - HYUNDAI,10000078802,PVT CAR(1+3),New,50.001,55.001,1501,999999999,Yes,OD,0.105
oem_hyundai_Grid_4,HIIB - HYUNDAI,10000078802,PVT CAR(1+3),New,45.001,50.001,1501,999999999,Yes,OD,0.155
oem_hyundai_Grid_4,HIIB - HYUNDAI,10000078802,PVT CAR(1+3),New,40.001,45.001,1501,999999999,Yes,OD,0.205
oem_hyundai_Grid_4,HIIB - HYUNDAI,10000078802,PVT CAR(1+3),New,35.001,40.001,1501,999999999,Yes,OD,0.255
oem_hyundai_Grid_4,HIIB - HYUNDAI,10000078802,PVT CAR(1+3),New,30.001,35.001,1501,999999999,Yes,OD,0.305
oem_hyundai_Grid_4,HIIB - HYUNDAI,10000078802,PVT CAR(1+3),New,25.001,30.001,1501,999999999,Yes,OD,0.355
oem_hyundai_Grid_4,HIIB - HYUNDAI,10000078802,PVT CAR(1+3),New,20.001,25.001,1501,999999999,Yes,OD,0.4049999999999999
oem_hyundai_Grid_4,HIIB - HYUNDAI,10000078802,PVT CAR(1+3),New,15.001,20.001,1501,999999999,Yes,OD,0.4549999999999999
oem_hyundai_Grid_4,HIIB - HYUNDAI,10000078802,PVT CAR(1+3),New,10.001,15.001,1501,999999999,Yes,OD,0.5049999999999999
oem_hyundai_Grid_4,HIIB - HYUNDAI,10000078802,PVT CAR(1+3),New,5.001,10.001,1501,999999999,Yes,OD,0.5549999999999999
oem_hyundai_Grid_4,HIIB - HYUNDAI,10000078802,PVT CAR(1+3),New,1.001,5.001,1501,999999999,Yes,OD,0.605
oem_hyundai_Grid_4,HIIB - HYUNDAI,10000078802,PVT CAR(1+3),New,0.0,0.999,1501,999999999,Yes,OD,0.7050000000000001
oem_hyundai_Grid_4,HIIB - HYUNDAI,10000078803,PCV-TAXI,ANY,85.001,100.001,-999,999999999,Yes,OD,0.0
oem_hyundai_Grid_4,HIIB - HYUNDAI,10000078803,PCV-TAXI,ANY,0.0,85.001,-999,999999999,Yes,OD,0.155
oem_hyundai_Grid_4,HIIB - HYUNDAI,10000078803,PVT CAR,"Renewal, Roll Over",85.001,100.001,-999,1001,Yes,OD,0.0
oem_hyundai_Grid_4,HIIB - HYUNDAI,10000078803,PVT CAR,"Renewal, Roll Over",0.0,85.001,-999,1001,Yes,OD,0.1
oem_hyundai_Grid_4,HIIB - HYUNDAI,10000078803,PVT CAR,"Renewal, Roll Over",85.001,100.001,1001,1501,Yes,OD,0.0
oem_hyundai_Grid_4,HIIB - HYUNDAI,10000078803,PVT CAR,"Renewal, Roll Over",0.0,85.001,1001,1501,Yes,OD,0.1
oem_hyundai_Grid_4,HIIB - HYUNDAI,10000078803,PVT CAR,"Renewal, Roll Over",85.001,100.001,1501,999999999,Yes,OD,0.0
oem_hyundai_Grid_4,HIIB - HYUNDAI,10000078803,PVT CAR,"Renewal, Roll Over",0.0,85.001,1501,999999999,Yes,OD,0.1
oem_hyundai_Grid_4,HIIB - HYUNDAI,10000078803,PVT CAR(1+1),"Renewal, Roll Over",85.001,100.001,-999,1001,Yes,OD,0.0
oem_hyundai_Grid_4,HIIB - HYUNDAI,10000078803,PVT CAR(1+1),"Renewal, Roll Over",0.0,85.001,-999,1001,Yes,OD,0.0999999999999999
oem_hyundai_Grid_4,HIIB - HYUNDAI,10000078803,PVT CAR(1+1),"Renewal, Roll Over",85.001,100.001,1001,1501,Yes,OD,0.0
oem_hyundai_Grid_4,HIIB - HYUNDAI,10000078803,PVT CAR(1+1),"Renewal, Roll Over",0.0,85.001,1001,1501,Yes,OD,0.0999999999999999
oem_hyundai_Grid_4,HIIB - HYUNDAI,10000078803,PVT CAR(1+1),"Renewal, Roll Over",85.001,100.001,1501,999999999,Yes,OD,0.0
oem_hyundai_Grid_4,HIIB - HYUNDAI,10000078803,PVT CAR(1+1),"Renewal, Roll Over",0.0,85.001,1501,999999999,Yes,OD,0.0999999999999999
oem_hyundai_Grid_4,HIIB - HYUNDAI,10000078803,PVT CAR(1+3),New,60.001,100.001,-999,1001,Yes,OD,0.0
oem_hyundai_Grid_4,HIIB - HYUNDAI,10000078803,PVT CAR(1+3),New,55.001,60.001,-999,1001,Yes,OD,0.0549999999999999
oem_hyundai_Grid_4,HIIB - HYUNDAI,10000078803,PVT CAR(1+3),New,50.001,55.001,-999,1001,Yes,OD,0.105
oem_hyundai_Grid_4,HIIB - HYUNDAI,10000078803,PVT CAR(1+3),New,45.001,50.001,-999,1001,Yes,OD,0.155
oem_hyundai_Grid_4,HIIB - HYUNDAI,10000078803,PVT CAR(1+3),New,40.001,45.001,-999,1001,Yes,OD,0.205
oem_hyundai_Grid_4,HIIB - HYUNDAI,10000078803,PVT CAR(1+3),New,35.001,40.001,-999,1001,Yes,OD,0.255
oem_hyundai_Grid_4,HIIB - HYUNDAI,10000078803,PVT CAR(1+3),New,30.001,35.001,-999,1001,Yes,OD,0.305
oem_hyundai_Grid_4,HIIB - HYUNDAI,10000078803,PVT CAR(1+3),New,25.001,30.001,-999,1001,Yes,OD,0.355
oem_hyundai_Grid_4,HIIB - HYUNDAI,10000078803,PVT CAR(1+3),New,20.001,25.001,-999,1001,Yes,OD,0.4049999999999999
oem_hyundai_Grid_4,HIIB - HYUNDAI,10000078803,PVT CAR(1+3),New,15.001,20.001,-999,1001,Yes,OD,0.4549999999999999
oem_hyundai_Grid_4,HIIB - HYUNDAI,10000078803,PVT CAR(1+3),New,10.001,15.001,-999,1001,Yes,OD,0.5049999999999999
oem_hyundai_Grid_4,HIIB - HYUNDAI,10000078803,PVT CAR(1+3),New,5.001,10.001,-999,1001,Yes,OD,0.5549999999999999
oem_hyundai_Grid_4,HIIB - HYUNDAI,10000078803,PVT CAR(1+3),New,1.001,5.001,-999,1001,Yes,OD,0.605
oem_hyundai_Grid_4,HIIB - HYUNDAI,10000078803,PVT CAR(1+3),New,0.0,0.999,-999,1001,Yes,OD,0.7050000000000001
oem_hyundai_Grid_4,HIIB - HYUNDAI,10000078803,PVT CAR(1+3),New,60.001,100.001,1001,1501,Yes,OD,0.0
oem_hyundai_Grid_4,HIIB - HYUNDAI,10000078803,PVT CAR(1+3),New,55.001,60.001,1001,1501,Yes,OD,0.0549999999999999
oem_hyundai_Grid_4,HIIB - HYUNDAI,10000078803,PVT CAR(1+3),New,50.001,55.001,1001,1501,Yes,OD,0.105
oem_hyundai_Grid_4,HIIB - HYUNDAI,10000078803,PVT CAR(1+3),New,45.001,50.001,1001,1501,Yes,OD,0.155
oem_hyundai_Grid_4,HIIB - HYUNDAI,10000078803,PVT CAR(1+3),New,40.001,45.001,1001,1501,Yes,OD,0.205
oem_hyundai_Grid_4,HIIB - HYUNDAI,10000078803,PVT CAR(1+3),New,35.001,40.001,1001,1501,Yes,OD,0.255
oem_hyundai_Grid_4,HIIB - HYUNDAI,10000078803,PVT CAR(1+3),New,30.001,35.001,1001,1501,Yes,OD,0.305
oem_hyundai_Grid_4,HIIB - HYUNDAI,10000078803,PVT CAR(1+3),New,25.001,30.001,1001,1501,Yes,OD,0.355
oem_hyundai_Grid_4,HIIB - HYUNDAI,10000078803,PVT CAR(1+3),New,20.001,25.001,1001,1501,Yes,OD,0.4049999999999999
oem_hyundai_Grid_4,HIIB - HYUNDAI,10000078803,PVT CAR(1+3),New,15.001,20.001,1001,1501,Yes,OD,0.4549999999999999
oem_hyundai_Grid_4,HIIB - HYUNDAI,10000078803,PVT CAR(1+3),New,10.001,15.001,1001,1501,Yes,OD,0.5049999999999999
oem_hyundai_Grid_4,HIIB - HYUNDAI,10000078803,PVT CAR(1+3),New,5.001,10.001,1001,1501,Yes,OD,0.5549999999999999
oem_hyundai_Grid_4,HIIB - HYUNDAI,10000078803,PVT CAR(1+3),New,1.001,5.001,1001,1501,Yes,OD,0.605
oem_hyundai_Grid_4,HIIB - HYUNDAI,10000078803,PVT CAR(1+3),New,0.0,0.999,1001,1501,Yes,OD,0.7050000000000001
oem_hyundai_Grid_4,HIIB - HYUNDAI,10000078803,PVT CAR(1+3),New,60.001,100.001,1501,999999999,Yes,OD,0.0
oem_hyundai_Grid_4,HIIB - HYUNDAI,10000078803,PVT CAR(1+3),New,55.001,60.001,1501,999999999,Yes,OD,0.0549999999999999
oem_hyundai_Grid_4,HIIB - HYUNDAI,10000078803,PVT CAR(1+3),New,50.001,55.001,1501,999999999,Yes,OD,0.105
oem_hyundai_Grid_4,HIIB - HYUNDAI,10000078803,PVT CAR(1+3),New,45.001,50.001,1501,999999999,Yes,OD,0.155
oem_hyundai_Grid_4,HIIB - HYUNDAI,10000078803,PVT CAR(1+3),New,40.001,45.001,1501,999999999,Yes,OD,0.205
oem_hyundai_Grid_4,HIIB - HYUNDAI,10000078803,PVT CAR(1+3),New,35.001,40.001,1501,999999999,Yes,OD,0.255
oem_hyundai_Grid_4,HIIB - HYUNDAI,10000078803,PVT CAR(1+3),New,30.001,35.001,1501,999999999,Yes,OD,0.305
oem_hyundai_Grid_4,HIIB - HYUNDAI,10000078803,PVT CAR(1+3),New,25.001,30.001,1501,999999999,Yes,OD,0.355
oem_hyundai_Grid_4,HIIB - HYUNDAI,10000078803,PVT CAR(1+3),New,20.001,25.001,1501,999999999,Yes,OD,0.4049999999999999
oem_hyundai_Grid_4,HIIB - HYUNDAI,10000078803,PVT CAR(1+3),New,15.001,20.001,1501,999999999,Yes,OD,0.4549999999999999
oem_hyundai_Grid_4,HIIB - HYUNDAI,10000078803,PVT CAR(1+3),New,10.001,15.001,1501,999999999,Yes,OD,0.5049999999999999
oem_hyundai_Grid_4,HIIB - HYUNDAI,10000078803,PVT CAR(1+3),New,5.001,10.001,1501,999999999,Yes,OD,0.5549999999999999
oem_hyundai_Grid_4,HIIB - HYUNDAI,10000078803,PVT CAR(1+3),New,1.001,5.001,1501,999999999,Yes,OD,0.605
oem_hyundai_Grid_4,HIIB - HYUNDAI,10000078803,PVT CAR(1+3),New,0.0,0.999,1501,999999999,Yes,OD,0.7050000000000001
oem_hyundai_Grid_4,HIIB - HYUNDAI,10000078804,PCV-TAXI,ANY,85.001,100.001,-999,999999999,Yes,OD,0.0
oem_hyundai_Grid_4,HIIB - HYUNDAI,10000078804,PCV-TAXI,ANY,0.0,85.001,-999,999999999,Yes,OD,0.155
oem_hyundai_Grid_4,HIIB - HYUNDAI,10000078804,PVT CAR,"Renewal, Roll Over",85.001,100.001,-999,1001,Yes,OD,0.0
oem_hyundai_Grid_4,HIIB - HYUNDAI,10000078804,PVT CAR,"Renewal, Roll Over",0.0,85.001,-999,1001,Yes,OD,0.1
oem_hyundai_Grid_4,HIIB - HYUNDAI,10000078804,PVT CAR,"Renewal, Roll Over",85.001,100.001,1001,1501,Yes,OD,0.0
oem_hyundai_Grid_4,HIIB - HYUNDAI,10000078804,PVT CAR,"Renewal, Roll Over",0.0,85.001,1001,1501,Yes,OD,0.1
oem_hyundai_Grid_4,HIIB - HYUNDAI,10000078804,PVT CAR,"Renewal, Roll Over",85.001,100.001,1501,999999999,Yes,OD,0.0
oem_hyundai_Grid_4,HIIB - HYUNDAI,10000078804,PVT CAR,"Renewal, Roll Over",0.0,85.001,1501,999999999,Yes,OD,0.1
oem_hyundai_Grid_4,HIIB - HYUNDAI,10000078804,PVT CAR(1+1),"Renewal, Roll Over",85.001,100.001,-999,1001,Yes,OD,0.0
oem_hyundai_Grid_4,HIIB - HYUNDAI,10000078804,PVT CAR(1+1),"Renewal, Roll Over",0.0,85.001,-999,1001,Yes,OD,0.0999999999999999
oem_hyundai_Grid_4,HIIB - HYUNDAI,10000078804,PVT CAR(1+1),"Renewal, Roll Over",85.001,100.001,1001,1501,Yes,OD,0.0
oem_hyundai_Grid_4,HIIB - HYUNDAI,10000078804,PVT CAR(1+1),"Renewal, Roll Over",0.0,85.001,1001,1501,Yes,OD,0.0999999999999999
oem_hyundai_Grid_4,HIIB - HYUNDAI,10000078804,PVT CAR(1+1),"Renewal, Roll Over",85.001,100.001,1501,999999999,Yes,OD,0.0
oem_hyundai_Grid_4,HIIB - HYUNDAI,10000078804,PVT CAR(1+1),"Renewal, Roll Over",0.0,85.001,1501,999999999,Yes,OD,0.0999999999999999
oem_hyundai_Grid_4,HIIB - HYUNDAI,10000078804,PVT CAR(1+3),New,60.001,100.001,-999,1001,Yes,OD,0.0
oem_hyundai_Grid_4,HIIB - HYUNDAI,10000078804,PVT CAR(1+3),New,55.001,60.001,-999,1001,Yes,OD,0.0549999999999999
oem_hyundai_Grid_4,HIIB - HYUNDAI,10000078804,PVT CAR(1+3),New,50.001,55.001,-999,1001,Yes,OD,0.105
oem_hyundai_Grid_4,HIIB - HYUNDAI,10000078804,PVT CAR(1+3),New,45.001,50.001,-999,1001,Yes,OD,0.155
oem_hyundai_Grid_4,HIIB - HYUNDAI,10000078804,PVT CAR(1+3),New,40.001,45.001,-999,1001,Yes,OD,0.205
oem_hyundai_Grid_4,HIIB - HYUNDAI,10000078804,PVT CAR(1+3),New,35.001,40.001,-999,1001,Yes,OD,0.255
oem_hyundai_Grid_4,HIIB - HYUNDAI,10000078804,PVT CAR(1+3),New,30.001,35.001,-999,1001,Yes,OD,0.305
oem_hyundai_Grid_4,HIIB - HYUNDAI,10000078804,PVT CAR(1+3),New,25.001,30.001,-999,1001,Yes,OD,0.355
oem_hyundai_Grid_4,HIIB - HYUNDAI,10000078804,PVT CAR(1+3),New,20.001,25.001,-999,1001,Yes,OD,0.4049999999999999
oem_hyundai_Grid_4,HIIB - HYUNDAI,10000078804,PVT CAR(1+3),New,15.001,20.001,-999,1001,Yes,OD,0.4549999999999999
oem_hyundai_Grid_4,HIIB - HYUNDAI,10000078804,PVT CAR(1+3),New,10.001,15.001,-999,1001,Yes,OD,0.5049999999999999
oem_hyundai_Grid_4,HIIB - HYUNDAI,10000078804,PVT CAR(1+3),New,5.001,10.001,-999,1001,Yes,OD,0.5549999999999999
oem_hyundai_Grid_4,HIIB - HYUNDAI,10000078804,PVT CAR(1+3),New,1.001,5.001,-999,1001,Yes,OD,0.605
oem_hyundai_Grid_4,HIIB - HYUNDAI,10000078804,PVT CAR(1+3),New,0.0,0.999,-999,1001,Yes,OD,0.7050000000000001
oem_hyundai_Grid_4,HIIB - HYUNDAI,10000078804,PVT CAR(1+3),New,60.001,100.001,1001,1501,Yes,OD,0.0
oem_hyundai_Grid_4,HIIB - HYUNDAI,10000078804,PVT CAR(1+3),New,55.001,60.001,1001,1501,Yes,OD,0.0549999999999999
oem_hyundai_Grid_4,HIIB - HYUNDAI,10000078804,PVT CAR(1+3),New,50.001,55.001,1001,1501,Yes,OD,0.105
oem_hyundai_Grid_4,HIIB - HYUNDAI,10000078804,PVT CAR(1+3),New,45.001,50.001,1001,1501,Yes,OD,0.155
oem_hyundai_Grid_4,HIIB - HYUNDAI,10000078804,PVT CAR(1+3),New,40.001,45.001,1001,1501,Yes,OD,0.205
oem_hyundai_Grid_4,HIIB - HYUNDAI,10000078804,PVT CAR(1+3),New,35.001,40.001,1001,1501,Yes,OD,0.255
oem_hyundai_Grid_4,HIIB - HYUNDAI,10000078804,PVT CAR(1+3),New,30.001,35.001,1001,1501,Yes,OD,0.305
oem_hyundai_Grid_4,HIIB - HYUNDAI,10000078804,PVT CAR(1+3),New,25.001,30.001,1001,1501,Yes,OD,0.355
oem_hyundai_Grid_4,HIIB - HYUNDAI,10000078804,PVT CAR(1+3),New,20.001,25.001,1001,1501,Yes,OD,0.4049999999999999
oem_hyundai_Grid_4,HIIB - HYUNDAI,10000078804,PVT CAR(1+3),New,15.001,20.001,1001,1501,Yes,OD,0.4549999999999999
oem_hyundai_Grid_4,HIIB - HYUNDAI,10000078804,PVT CAR(1+3),New,10.001,15.001,1001,1501,Yes,OD,0.5049999999999999
oem_hyundai_Grid_4,HIIB - HYUNDAI,10000078804,PVT CAR(1+3),New,5.001,10.001,1001,1501,Yes,OD,0.5549999999999999
oem_hyundai_Grid_4,HIIB - HYUNDAI,10000078804,PVT CAR(1+3),New,1.001,5.001,1001,1501,Yes,OD,0.605
oem_hyundai_Grid_4,HIIB - HYUNDAI,10000078804,PVT CAR(1+3),New,0.0,0.999,1001,1501,Yes,OD,0.7050000000000001
oem_hyundai_Grid_4,HIIB - HYUNDAI,10000078804,PVT CAR(1+3),New,60.001,100.001,1501,999999999,Yes,OD,0.0
oem_hyundai_Grid_4,HIIB - HYUNDAI,10000078804,PVT CAR(1+3),New,55.001,60.001,1501,999999999,Yes,OD,0.0549999999999999
oem_hyundai_Grid_4,HIIB - HYUNDAI,10000078804,PVT CAR(1+3),New,50.001,55.001,1501,999999999,Yes,OD,0.105
oem_hyundai_Grid_4,HIIB - HYUNDAI,10000078804,PVT CAR(1+3),New,45.001,50.001,1501,999999999,Yes,OD,0.155
oem_hyundai_Grid_4,HIIB - HYUNDAI,10000078804,PVT CAR(1+3),New,40.001,45.001,1501,999999999,Yes,OD,0.205
oem_hyundai_Grid_4,HIIB - HYUNDAI,10000078804,PVT CAR(1+3),New,35.001,40.001,1501,999999999,Yes,OD,0.255
oem_hyundai_Grid_4,HIIB - HYUNDAI,10000078804,PVT CAR(1+3),New,30.001,35.001,1501,999999999,Yes,OD,0.305
oem_hyundai_Grid_4,HIIB - HYUNDAI,10000078804,PVT CAR(1+3),New,25.001,30.001,1501,999999999,Yes,OD,0.355
oem_hyundai_Grid_4,HIIB - HYUNDAI,10000078804,PVT CAR(1+3),New,20.001,25.001,1501,999999999,Yes,OD,0.4049999999999999
oem_hyundai_Grid_4,HIIB - HYUNDAI,10000078804,PVT CAR(1+3),New,15.001,20.001,1501,999999999,Yes,OD,0.4549999999999999
oem_hyundai_Grid_4,HIIB - HYUNDAI,10000078804,PVT CAR(1+3),New,10.001,15.001,1501,999999999,Yes,OD,0.5049999999999999
oem_hyundai_Grid_4,HIIB - HYUNDAI,10000078804,PVT CAR(1+3),New,5.001,10.001,1501,999999999,Yes,OD,0.5549999999999999
oem_hyundai_Grid_4,HIIB - HYUNDAI,10000078804,PVT CAR(1+3),New,1.001,5.001,1501,999999999,Yes,OD,0.605
oem_hyundai_Grid_4,HIIB - HYUNDAI,10000078804,PVT CAR(1+3),New,0.0,0.999,1501,999999999,Yes,OD,0.7050000000000001
oem_hyundai_Grid_4,HIIB - HYUNDAI,10000078805,PCV-TAXI,ANY,85.001,100.001,-999,999999999,Yes,OD,0.0
oem_hyundai_Grid_4,HIIB - HYUNDAI,10000078805,PCV-TAXI,ANY,0.0,85.001,-999,999999999,Yes,OD,0.155
oem_hyundai_Grid_4,HIIB - HYUNDAI,10000078805,PVT CAR,"Renewal, Roll Over",85.001,100.001,-999,1001,Yes,OD,0.0
oem_hyundai_Grid_4,HIIB - HYUNDAI,10000078805,PVT CAR,"Renewal, Roll Over",0.0,85.001,-999,1001,Yes,OD,0.1
oem_hyundai_Grid_4,HIIB - HYUNDAI,10000078805,PVT CAR,"Renewal, Roll Over",85.001,100.001,1001,1501,Yes,OD,0.0
oem_hyundai_Grid_4,HIIB - HYUNDAI,10000078805,PVT CAR,"Renewal, Roll Over",0.0,85.001,1001,1501,Yes,OD,0.1
oem_hyundai_Grid_4,HIIB - HYUNDAI,10000078805,PVT CAR,"Renewal, Roll Over",85.001,100.001,1501,999999999,Yes,OD,0.0
oem_hyundai_Grid_4,HIIB - HYUNDAI,10000078805,PVT CAR,"Renewal, Roll Over",0.0,85.001,1501,999999999,Yes,OD,0.1
oem_hyundai_Grid_4,HIIB - HYUNDAI,10000078805,PVT CAR(1+1),"Renewal, Roll Over",85.001,100.001,-999,1001,Yes,OD,0.0
oem_hyundai_Grid_4,HIIB - HYUNDAI,10000078805,PVT CAR(1+1),"Renewal, Roll Over",0.0,85.001,-999,1001,Yes,OD,0.0999999999999999
oem_hyundai_Grid_4,HIIB - HYUNDAI,10000078805,PVT CAR(1+1),"Renewal, Roll Over",85.001,100.001,1001,1501,Yes,OD,0.0
oem_hyundai_Grid_4,HIIB - HYUNDAI,10000078805,PVT CAR(1+1),"Renewal, Roll Over",0.0,85.001,1001,1501,Yes,OD,0.0999999999999999
oem_hyundai_Grid_4,HIIB - HYUNDAI,10000078805,PVT CAR(1+1),"Renewal, Roll Over",85.001,100.001,1501,999999999,Yes,OD,0.0
oem_hyundai_Grid_4,HIIB - HYUNDAI,10000078805,PVT CAR(1+1),"Renewal, Roll Over",0.0,85.001,1501,999999999,Yes,OD,0.0999999999999999
oem_hyundai_Grid_4,HIIB - HYUNDAI,10000078805,PVT CAR(1+3),New,60.001,100.001,-999,1001,Yes,OD,0.0
oem_hyundai_Grid_4,HIIB - HYUNDAI,10000078805,PVT CAR(1+3),New,55.001,60.001,-999,1001,Yes,OD,0.0549999999999999
oem_hyundai_Grid_4,HIIB - HYUNDAI,10000078805,PVT CAR(1+3),New,50.001,55.001,-999,1001,Yes,OD,0.105
oem_hyundai_Grid_4,HIIB - HYUNDAI,10000078805,PVT CAR(1+3),New,45.001,50.001,-999,1001,Yes,OD,0.155
oem_hyundai_Grid_4,HIIB - HYUNDAI,10000078805,PVT CAR(1+3),New,40.001,45.001,-999,1001,Yes,OD,0.205
oem_hyundai_Grid_4,HIIB - HYUNDAI,10000078805,PVT CAR(1+3),New,35.001,40.001,-999,1001,Yes,OD,0.255
oem_hyundai_Grid_4,HIIB - HYUNDAI,10000078805,PVT CAR(1+3),New,30.001,35.001,-999,1001,Yes,OD,0.305
oem_hyundai_Grid_4,HIIB - HYUNDAI,10000078805,PVT CAR(1+3),New,25.001,30.001,-999,1001,Yes,OD,0.355
oem_hyundai_Grid_4,HIIB - HYUNDAI,10000078805,PVT CAR(1+3),New,20.001,25.001,-999,1001,Yes,OD,0.4049999999999999
oem_hyundai_Grid_4,HIIB - HYUNDAI,10000078805,PVT CAR(1+3),New,15.001,20.001,-999,1001,Yes,OD,0.4549999999999999
oem_hyundai_Grid_4,HIIB - HYUNDAI,10000078805,PVT CAR(1+3),New,10.001,15.001,-999,1001,Yes,OD,0.5049999999999999
oem_hyundai_Grid_4,HIIB - HYUNDAI,10000078805,PVT CAR(1+3),New,5.001,10.001,-999,1001,Yes,OD,0.5549999999999999
oem_hyundai_Grid_4,HIIB - HYUNDAI,10000078805,PVT CAR(1+3),New,1.001,5.001,-999,1001,Yes,OD,0.605
oem_hyundai_Grid_4,HIIB - HYUNDAI,10000078805,PVT CAR(1+3),New,0.0,0.999,-999,1001,Yes,OD,0.7050000000000001
oem_hyundai_Grid_4,HIIB - HYUNDAI,10000078805,PVT CAR(1+3),New,60.001,100.001,1001,1501,Yes,OD,0.0
oem_hyundai_Grid_4,HIIB - HYUNDAI,10000078805,PVT CAR(1+3),New,55.001,60.001,1001,1501,Yes,OD,0.0549999999999999
oem_hyundai_Grid_4,HIIB - HYUNDAI,10000078805,PVT CAR(1+3),New,50.001,55.001,1001,1501,Yes,OD,0.105
oem_hyundai_Grid_4,HIIB - HYUNDAI,10000078805,PVT CAR(1+3),New,45.001,50.001,1001,1501,Yes,OD,0.155
oem_hyundai_Grid_4,HIIB - HYUNDAI,10000078805,PVT CAR(1+3),New,40.001,45.001,1001,1501,Yes,OD,0.205
oem_hyundai_Grid_4,HIIB - HYUNDAI,10000078805,PVT CAR(1+3),New,35.001,40.001,1001,1501,Yes,OD,0.255
oem_hyundai_Grid_4,HIIB - HYUNDAI,10000078805,PVT CAR(1+3),New,30.001,35.001,1001,1501,Yes,OD,0.305
oem_hyundai_Grid_4,HIIB - HYUNDAI,10000078805,PVT CAR(1+3),New,25.001,30.001,1001,1501,Yes,OD,0.355
oem_hyundai_Grid_4,HIIB - HYUNDAI,10000078805,PVT CAR(1+3),New,20.001,25.001,1001,1501,Yes,OD,0.4049999999999999
oem_hyundai_Grid_4,HIIB - HYUNDAI,10000078805,PVT CAR(1+3),New,15.001,20.001,1001,1501,Yes,OD,0.4549999999999999
oem_hyundai_Grid_4,HIIB - HYUNDAI,10000078805,PVT CAR(1+3),New,10.001,15.001,1001,1501,Yes,OD,0.5049999999999999
oem_hyundai_Grid_4,HIIB - HYUNDAI,10000078805,PVT CAR(1+3),New,5.001,10.001,1001,1501,Yes,OD,0.5549999999999999
oem_hyundai_Grid_4,HIIB - HYUNDAI,10000078805,PVT CAR(1+3),New,1.001,5.001,1001,1501,Yes,OD,0.605
oem_hyundai_Grid_4,HIIB - HYUNDAI,10000078805,PVT CAR(1+3),New,0.0,0.999,1001,1501,Yes,OD,0.7050000000000001
oem_hyundai_Grid_4,HIIB - HYUNDAI,10000078805,PVT CAR(1+3),New,60.001,100.001,1501,999999999,Yes,OD,0.0
oem_hyundai_Grid_4,HIIB - HYUNDAI,10000078805,PVT CAR(1+3),New,55.001,60.001,1501,999999999,Yes,OD,0.0549999999999999
oem_hyundai_Grid_4,HIIB - HYUNDAI,10000078805,PVT CAR(1+3),New,50.001,55.001,1501,999999999,Yes,OD,0.105
oem_hyundai_Grid_4,HIIB - HYUNDAI,10000078805,PVT CAR(1+3),New,45.001,50.001,1501,999999999,Yes,OD,0.155
oem_hyundai_Grid_4,HIIB - HYUNDAI,10000078805,PVT CAR(1+3),New,40.001,45.001,1501,999999999,Yes,OD,0.205
oem_hyundai_Grid_4,HIIB - HYUNDAI,10000078805,PVT CAR(1+3),New,35.001,40.001,1501,999999999,Yes,OD,0.255
oem_hyundai_Grid_4,HIIB - HYUNDAI,10000078805,PVT CAR(1+3),New,30.001,35.001,1501,999999999,Yes,OD,0.305
oem_hyundai_Grid_4,HIIB - HYUNDAI,10000078805,PVT CAR(1+3),New,25.001,30.001,1501,999999999,Yes,OD,0.355
oem_hyundai_Grid_4,HIIB - HYUNDAI,10000078805,PVT CAR(1+3),New,20.001,25.001,1501,999999999,Yes,OD,0.4049999999999999
oem_hyundai_Grid_4,HIIB - HYUNDAI,10000078805,PVT CAR(1+3),New,15.001,20.001,1501,999999999,Yes,OD,0.4549999999999999
oem_hyundai_Grid_4,HIIB - HYUNDAI,10000078805,PVT CAR(1+3),New,10.001,15.001,1501,999999999,Yes,OD,0.5049999999999999
oem_hyundai_Grid_4,HIIB - HYUNDAI,10000078805,PVT CAR(1+3),New,5.001,10.001,1501,999999999,Yes,OD,0.5549999999999999
oem_hyundai_Grid_4,HIIB - HYUNDAI,10000078805,PVT CAR(1+3),New,1.001,5.001,1501,999999999,Yes,OD,0.605
oem_hyundai_Grid_4,HIIB - HYUNDAI,10000078805,PVT CAR(1+3),New,0.0,0.999,1501,999999999,Yes,OD,0.7050000000000001
oem_hyundai_Grid_4,HIIB - HYUNDAI,10000078806,PCV-TAXI,ANY,85.001,100.001,-999,999999999,Yes,OD,0.0
oem_hyundai_Grid_4,HIIB - HYUNDAI,10000078806,PCV-TAXI,ANY,0.0,85.001,-999,999999999,Yes,OD,0.155
oem_hyundai_Grid_4,HIIB - HYUNDAI,10000078806,PVT CAR,"Renewal, Roll Over",85.001,100.001,-999,1001,Yes,OD,0.0
oem_hyundai_Grid_4,HIIB - HYUNDAI,10000078806,PVT CAR,"Renewal, Roll Over",0.0,85.001,-999,1001,Yes,OD,0.1
oem_hyundai_Grid_4,HIIB - HYUNDAI,10000078806,PVT CAR,"Renewal, Roll Over",85.001,100.001,1001,1501,Yes,OD,0.0
oem_hyundai_Grid_4,HIIB - HYUNDAI,10000078806,PVT CAR,"Renewal, Roll Over",0.0,85.001,1001,1501,Yes,OD,0.1
oem_hyundai_Grid_4,HIIB - HYUNDAI,10000078806,PVT CAR,"Renewal, Roll Over",85.001,100.001,1501,999999999,Yes,OD,0.0
oem_hyundai_Grid_4,HIIB - HYUNDAI,10000078806,PVT CAR,"Renewal, Roll Over",0.0,85.001,1501,999999999,Yes,OD,0.1
oem_hyundai_Grid_4,HIIB - HYUNDAI,10000078806,PVT CAR(1+1),"Renewal, Roll Over",85.001,100.001,-999,1001,Yes,OD,0.0
oem_hyundai_Grid_4,HIIB - HYUNDAI,10000078806,PVT CAR(1+1),"Renewal, Roll Over",0.0,85.001,-999,1001,Yes,OD,0.0999999999999999
oem_hyundai_Grid_4,HIIB - HYUNDAI,10000078806,PVT CAR(1+1),"Renewal, Roll Over",85.001,100.001,1001,1501,Yes,OD,0.0
oem_hyundai_Grid_4,HIIB - HYUNDAI,10000078806,PVT CAR(1+1),"Renewal, Roll Over",0.0,85.001,1001,1501,Yes,OD,0.0999999999999999
oem_hyundai_Grid_4,HIIB - HYUNDAI,10000078806,PVT CAR(1+1),"Renewal, Roll Over",85.001,100.001,1501,999999999,Yes,OD,0.0
oem_hyundai_Grid_4,HIIB - HYUNDAI,10000078806,PVT CAR(1+1),"Renewal, Roll Over",0.0,85.001,1501,999999999,Yes,OD,0.0999999999999999
oem_hyundai_Grid_4,HIIB - HYUNDAI,10000078806,PVT CAR(1+3),New,60.001,100.001,-999,1001,Yes,OD,0.0
oem_hyundai_Grid_4,HIIB - HYUNDAI,10000078806,PVT CAR(1+3),New,55.001,60.001,-999,1001,Yes,OD,0.0549999999999999
oem_hyundai_Grid_4,HIIB - HYUNDAI,10000078806,PVT CAR(1+3),New,50.001,55.001,-999,1001,Yes,OD,0.105
oem_hyundai_Grid_4,HIIB - HYUNDAI,10000078806,PVT CAR(1+3),New,45.001,50.001,-999,1001,Yes,OD,0.155
oem_hyundai_Grid_4,HIIB - HYUNDAI,10000078806,PVT CAR(1+3),New,40.001,45.001,-999,1001,Yes,OD,0.205
oem_hyundai_Grid_4,HIIB - HYUNDAI,10000078806,PVT CAR(1+3),New,35.001,40.001,-999,1001,Yes,OD,0.255
oem_hyundai_Grid_4,HIIB - HYUNDAI,10000078806,PVT CAR(1+3),New,30.001,35.001,-999,1001,Yes,OD,0.305
oem_hyundai_Grid_4,HIIB - HYUNDAI,10000078806,PVT CAR(1+3),New,25.001,30.001,-999,1001,Yes,OD,0.355
oem_hyundai_Grid_4,HIIB - HYUNDAI,10000078806,PVT CAR(1+3),New,20.001,25.001,-999,1001,Yes,OD,0.4049999999999999
oem_hyundai_Grid_4,HIIB - HYUNDAI,10000078806,PVT CAR(1+3),New,15.001,20.001,-999,1001,Yes,OD,0.4549999999999999
oem_hyundai_Grid_4,HIIB - HYUNDAI,10000078806,PVT CAR(1+3),New,10.001,15.001,-999,1001,Yes,OD,0.5049999999999999
oem_hyundai_Grid_4,HIIB - HYUNDAI,10000078806,PVT CAR(1+3),New,5.001,10.001,-999,1001,Yes,OD,0.5549999999999999
oem_hyundai_Grid_4,HIIB - HYUNDAI,10000078806,PVT CAR(1+3),New,1.001,5.001,-999,1001,Yes,OD,0.605
oem_hyundai_Grid_4,HIIB - HYUNDAI,10000078806,PVT CAR(1+3),New,0.0,0.999,-999,1001,Yes,OD,0.7050000000000001
oem_hyundai_Grid_4,HIIB - HYUNDAI,10000078806,PVT CAR(1+3),New,60.001,100.001,1001,1501,Yes,OD,0.0
oem_hyundai_Grid_4,HIIB - HYUNDAI,10000078806,PVT CAR(1+3),New,55.001,60.001,1001,1501,Yes,OD,0.0549999999999999
oem_hyundai_Grid_4,HIIB - HYUNDAI,10000078806,PVT CAR(1+3),New,50.001,55.001,1001,1501,Yes,OD,0.105
oem_hyundai_Grid_4,HIIB - HYUNDAI,10000078806,PVT CAR(1+3),New,45.001,50.001,1001,1501,Yes,OD,0.155
oem_hyundai_Grid_4,HIIB - HYUNDAI,10000078806,PVT CAR(1+3),New,40.001,45.001,1001,1501,Yes,OD,0.205
oem_hyundai_Grid_4,HIIB - HYUNDAI,10000078806,PVT CAR(1+3),New,35.001,40.001,1001,1501,Yes,OD,0.255
oem_hyundai_Grid_4,HIIB - HYUNDAI,10000078806,PVT CAR(1+3),New,30.001,35.001,1001,1501,Yes,OD,0.305
oem_hyundai_Grid_4,HIIB - HYUNDAI,10000078806,PVT CAR(1+3),New,25.001,30.001,1001,1501,Yes,OD,0.355
oem_hyundai_Grid_4,HIIB - HYUNDAI,10000078806,PVT CAR(1+3),New,20.001,25.001,1001,1501,Yes,OD,0.4049999999999999
oem_hyundai_Grid_4,HIIB - HYUNDAI,10000078806,PVT CAR(1+3),New,15.001,20.001,1001,1501,Yes,OD,0.4549999999999999
oem_hyundai_Grid_4,HIIB - HYUNDAI,10000078806,PVT CAR(1+3),New,10.001,15.001,1001,1501,Yes,OD,0.5049999999999999
oem_hyundai_Grid_4,HIIB - HYUNDAI,10000078806,PVT CAR(1+3),New,5.001,10.001,1001,1501,Yes,OD,0.5549999999999999
oem_hyundai_Grid_4,HIIB - HYUNDAI,10000078806,PVT CAR(1+3),New,1.001,5.001,1001,1501,Yes,OD,0.605
oem_hyundai_Grid_4,HIIB - HYUNDAI,10000078806,PVT CAR(1+3),New,0.0,0.999,1001,1501,Yes,OD,0.7050000000000001
oem_hyundai_Grid_4,HIIB - HYUNDAI,10000078806,PVT CAR(1+3),New,60.001,100.001,1501,999999999,Yes,OD,0.0
oem_hyundai_Grid_4,HIIB - HYUNDAI,10000078806,PVT CAR(1+3),New,55.001,60.001,1501,999999999,Yes,OD,0.0549999999999999
oem_hyundai_Grid_4,HIIB - HYUNDAI,10000078806,PVT CAR(1+3),New,50.001,55.001,1501,999999999,Yes,OD,0.105
oem_hyundai_Grid_4,HIIB - HYUNDAI,10000078806,PVT CAR(1+3),New,45.001,50.001,1501,999999999,Yes,OD,0.155
oem_hyundai_Grid_4,HIIB - HYUNDAI,10000078806,PVT CAR(1+3),New,40.001,45.001,1501,999999999,Yes,OD,0.205
oem_hyundai_Grid_4,HIIB - HYUNDAI,10000078806,PVT CAR(1+3),New,35.001,40.001,1501,999999999,Yes,OD,0.255
oem_hyundai_Grid_4,HIIB - HYUNDAI,10000078806,PVT CAR(1+3),New,30.001,35.001,1501,999999999,Yes,OD,0.305
oem_hyundai_Grid_4,HIIB - HYUNDAI,10000078806,PVT CAR(1+3),New,25.001,30.001,1501,999999999,Yes,OD,0.355
oem_hyundai_Grid_4,HIIB - HYUNDAI,10000078806,PVT CAR(1+3),New,20.001,25.001,1501,999999999,Yes,OD,0.4049999999999999
oem_hyundai_Grid_4,HIIB - HYUNDAI,10000078806,PVT CAR(1+3),New,15.001,20.001,1501,999999999,Yes,OD,0.4549999999999999
oem_hyundai_Grid_4,HIIB - HYUNDAI,10000078806,PVT CAR(1+3),New,10.001,15.001,1501,999999999,Yes,OD,0.5049999999999999
oem_hyundai_Grid_4,HIIB - HYUNDAI,10000078806,PVT CAR(1+3),New,5.001,10.001,1501,999999999,Yes,OD,0.5549999999999999
oem_hyundai_Grid_4,HIIB - HYUNDAI,10000078806,PVT CAR(1+3),New,1.001,5.001,1501,999999999,Yes,OD,0.605
oem_hyundai_Grid_4,HIIB - HYUNDAI,10000078806,PVT CAR(1+3),New,0.0,0.999,1501,999999999,Yes,OD,0.7050000000000001
oem_hyundai_Grid_4,HIIB - HYUNDAI,10000078807,PCV-TAXI,ANY,85.001,100.001,-999,999999999,Yes,OD,0.0
oem_hyundai_Grid_4,HIIB - HYUNDAI,10000078807,PCV-TAXI,ANY,0.0,85.001,-999,999999999,Yes,OD,0.155
oem_hyundai_Grid_4,HIIB - HYUNDAI,10000078807,PVT CAR,"Renewal, Roll Over",85.001,100.001,-999,1001,Yes,OD,0.0
oem_hyundai_Grid_4,HIIB - HYUNDAI,10000078807,PVT CAR,"Renewal, Roll Over",0.0,85.001,-999,1001,Yes,OD,0.1
oem_hyundai_Grid_4,HIIB - HYUNDAI,10000078807,PVT CAR,"Renewal, Roll Over",85.001,100.001,1001,1501,Yes,OD,0.0
oem_hyundai_Grid_4,HIIB - HYUNDAI,10000078807,PVT CAR,"Renewal, Roll Over",0.0,85.001,1001,1501,Yes,OD,0.1
oem_hyundai_Grid_4,HIIB - HYUNDAI,10000078807,PVT CAR,"Renewal, Roll Over",85.001,100.001,1501,999999999,Yes,OD,0.0
oem_hyundai_Grid_4,HIIB - HYUNDAI,10000078807,PVT CAR,"Renewal, Roll Over",0.0,85.001,1501,999999999,Yes,OD,0.1
oem_hyundai_Grid_4,HIIB - HYUNDAI,10000078807,PVT CAR(1+1),"Renewal, Roll Over",85.001,100.001,-999,1001,Yes,OD,0.0
oem_hyundai_Grid_4,HIIB - HYUNDAI,10000078807,PVT CAR(1+1),"Renewal, Roll Over",0.0,85.001,-999,1001,Yes,OD,0.0999999999999999
oem_hyundai_Grid_4,HIIB - HYUNDAI,10000078807,PVT CAR(1+1),"Renewal, Roll Over",85.001,100.001,1001,1501,Yes,OD,0.0
oem_hyundai_Grid_4,HIIB - HYUNDAI,10000078807,PVT CAR(1+1),"Renewal, Roll Over",0.0,85.001,1001,1501,Yes,OD,0.0999999999999999
oem_hyundai_Grid_4,HIIB - HYUNDAI,10000078807,PVT CAR(1+1),"Renewal, Roll Over",85.001,100.001,1501,999999999,Yes,OD,0.0
oem_hyundai_Grid_4,HIIB - HYUNDAI,10000078807,PVT CAR(1+1),"Renewal, Roll Over",0.0,85.001,1501,999999999,Yes,OD,0.0999999999999999
oem_hyundai_Grid_4,HIIB - HYUNDAI,10000078807,PVT CAR(1+3),New,60.001,100.001,-999,1001,Yes,OD,0.0
oem_hyundai_Grid_4,HIIB - HYUNDAI,10000078807,PVT CAR(1+3),New,55.001,60.001,-999,1001,Yes,OD,0.0549999999999999
oem_hyundai_Grid_4,HIIB - HYUNDAI,10000078807,PVT CAR(1+3),New,50.001,55.001,-999,1001,Yes,OD,0.105
oem_hyundai_Grid_4,HIIB - HYUNDAI,10000078807,PVT CAR(1+3),New,45.001,50.001,-999,1001,Yes,OD,0.155
oem_hyundai_Grid_4,HIIB - HYUNDAI,10000078807,PVT CAR(1+3),New,40.001,45.001,-999,1001,Yes,OD,0.205
oem_hyundai_Grid_4,HIIB - HYUNDAI,10000078807,PVT CAR(1+3),New,35.001,40.001,-999,1001,Yes,OD,0.255
oem_hyundai_Grid_4,HIIB - HYUNDAI,10000078807,PVT CAR(1+3),New,30.001,35.001,-999,1001,Yes,OD,0.305
oem_hyundai_Grid_4,HIIB - HYUNDAI,10000078807,PVT CAR(1+3),New,25.001,30.001,-999,1001,Yes,OD,0.355
oem_hyundai_Grid_4,HIIB - HYUNDAI,10000078807,PVT CAR(1+3),New,20.001,25.001,-999,1001,Yes,OD,0.4049999999999999
oem_hyundai_Grid_4,HIIB - HYUNDAI,10000078807,PVT CAR(1+3),New,15.001,20.001,-999,1001,Yes,OD,0.4549999999999999
oem_hyundai_Grid_4,HIIB - HYUNDAI,10000078807,PVT CAR(1+3),New,10.001,15.001,-999,1001,Yes,OD,0.5049999999999999
oem_hyundai_Grid_4,HIIB - HYUNDAI,10000078807,PVT CAR(1+3),New,5.001,10.001,-999,1001,Yes,OD,0.5549999999999999
oem_hyundai_Grid_4,HIIB - HYUNDAI,10000078807,PVT CAR(1+3),New,1.001,5.001,-999,1001,Yes,OD,0.605
oem_hyundai_Grid_4,HIIB - HYUNDAI,10000078807,PVT CAR(1+3),New,0.0,0.999,-999,1001,Yes,OD,0.7050000000000001
oem_hyundai_Grid_4,HIIB - HYUNDAI,10000078807,PVT CAR(1+3),New,60.001,100.001,1001,1501,Yes,OD,0.0
oem_hyundai_Grid_4,HIIB - HYUNDAI,10000078807,PVT CAR(1+3),New,55.001,60.001,1001,1501,Yes,OD,0.0549999999999999
oem_hyundai_Grid_4,HIIB - HYUNDAI,10000078807,PVT CAR(1+3),New,50.001,55.001,1001,1501,Yes,OD,0.105
oem_hyundai_Grid_4,HIIB - HYUNDAI,10000078807,PVT CAR(1+3),New,45.001,50.001,1001,1501,Yes,OD,0.155
oem_hyundai_Grid_4,HIIB - HYUNDAI,10000078807,PVT CAR(1+3),New,40.001,45.001,1001,1501,Yes,OD,0.205
oem_hyundai_Grid_4,HIIB - HYUNDAI,10000078807,PVT CAR(1+3),New,35.001,40.001,1001,1501,Yes,OD,0.255
oem_hyundai_Grid_4,HIIB - HYUNDAI,10000078807,PVT CAR(1+3),New,30.001,35.001,1001,1501,Yes,OD,0.305
oem_hyundai_Grid_4,HIIB - HYUNDAI,10000078807,PVT CAR(1+3),New,25.001,30.001,1001,1501,Yes,OD,0.355
oem_hyundai_Grid_4,HIIB - HYUNDAI,10000078807,PVT CAR(1+3),New,20.001,25.001,1001,1501,Yes,OD,0.4049999999999999
oem_hyundai_Grid_4,HIIB - HYUNDAI,10000078807,PVT CAR(1+3),New,15.001,20.001,1001,1501,Yes,OD,0.4549999999999999
oem_hyundai_Grid_4,HIIB - HYUNDAI,10000078807,PVT CAR(1+3),New,10.001,15.001,1001,1501,Yes,OD,0.5049999999999999
oem_hyundai_Grid_4,HIIB - HYUNDAI,10000078807,PVT CAR(1+3),New,5.001,10.001,1001,1501,Yes,OD,0.5549999999999999
oem_hyundai_Grid_4,HIIB - HYUNDAI,10000078807,PVT CAR(1+3),New,1.001,5.001,1001,1501,Yes,OD,0.605
oem_hyundai_Grid_4,HIIB - HYUNDAI,10000078807,PVT CAR(1+3),New,0.0,0.999,1001,1501,Yes,OD,0.7050000000000001
oem_hyundai_Grid_4,HIIB - HYUNDAI,10000078807,PVT CAR(1+3),New,60.001,100.001,1501,999999999,Yes,OD,0.0
oem_hyundai_Grid_4,HIIB - HYUNDAI,10000078807,PVT CAR(1+3),New,55.001,60.001,1501,999999999,Yes,OD,0.0549999999999999
oem_hyundai_Grid_4,HIIB - HYUNDAI,10000078807,PVT CAR(1+3),New,50.001,55.001,1501,999999999,Yes,OD,0.105
oem_hyundai_Grid_4,HIIB - HYUNDAI,10000078807,PVT CAR(1+3),New,45.001,50.001,1501,999999999,Yes,OD,0.155
oem_hyundai_Grid_4,HIIB - HYUNDAI,10000078807,PVT CAR(1+3),New,40.001,45.001,1501,999999999,Yes,OD,0.205
oem_hyundai_Grid_4,HIIB - HYUNDAI,10000078807,PVT CAR(1+3),New,35.001,40.001,1501,999999999,Yes,OD,0.255
oem_hyundai_Grid_4,HIIB - HYUNDAI,10000078807,PVT CAR(1+3),New,30.001,35.001,1501,999999999,Yes,OD,0.305
oem_hyundai_Grid_4,HIIB - HYUNDAI,10000078807,PVT CAR(1+3),New,25.001,30.001,1501,999999999,Yes,OD,0.355
oem_hyundai_Grid_4,HIIB - HYUNDAI,10000078807,PVT CAR(1+3),New,20.001,25.001,1501,999999999,Yes,OD,0.4049999999999999
oem_hyundai_Grid_4,HIIB - HYUNDAI,10000078807,PVT CAR(1+3),New,15.001,20.001,1501,999999999,Yes,OD,0.4549999999999999
oem_hyundai_Grid_4,HIIB - HYUNDAI,10000078807,PVT CAR(1+3),New,10.001,15.001,1501,999999999,Yes,OD,0.5049999999999999
oem_hyundai_Grid_4,HIIB - HYUNDAI,10000078807,PVT CAR(1+3),New,5.001,10.001,1501,999999999,Yes,OD,0.5549999999999999
oem_hyundai_Grid_4,HIIB - HYUNDAI,10000078807,PVT CAR(1+3),New,1.001,5.001,1501,999999999,Yes,OD,0.605
oem_hyundai_Grid_4,HIIB - HYUNDAI,10000078807,PVT CAR(1+3),New,0.0,0.999,1501,999999999,Yes,OD,0.7050000000000001
oem_hyundai_Grid_4,HIIB - HYUNDAI,10000078808,PCV-TAXI,ANY,0.0,100.001,-999,999999999,Yes,OD,0.0
oem_hyundai_Grid_4,HIIB - HYUNDAI,10000078808,PVT CAR,"Renewal, Roll Over",0.0,100.001,-999,1001,Yes,OD,0.0
oem_hyundai_Grid_4,HIIB - HYUNDAI,10000078808,PVT CAR,"Renewal, Roll Over",0.0,100.001,1001,1501,Yes,OD,0.0
oem_hyundai_Grid_4,HIIB - HYUNDAI,10000078808,PVT CAR,"Renewal, Roll Over",0.0,100.001,1501,999999999,Yes,OD,0.0
oem_hyundai_Grid_4,HIIB - HYUNDAI,10000078808,PVT CAR(1+1),"Renewal, Roll Over",0.0,100.001,-999,1001,Yes,OD,0.0
oem_hyundai_Grid_4,HIIB - HYUNDAI,10000078808,PVT CAR(1+1),"Renewal, Roll Over",0.0,100.001,1001,1501,Yes,OD,0.0
oem_hyundai_Grid_4,HIIB - HYUNDAI,10000078808,PVT CAR(1+1),"Renewal, Roll Over",0.0,100.001,1501,999999999,Yes,OD,0.0
oem_hyundai_Grid_4,HIIB - HYUNDAI,10000078808,PVT CAR(1+3),New,60.001,100.001,-999,1001,Yes,OD,0.0
oem_hyundai_Grid_4,HIIB - HYUNDAI,10000078808,PVT CAR(1+3),New,55.001,60.001,-999,1001,Yes,OD,0.0549999999999999
oem_hyundai_Grid_4,HIIB - HYUNDAI,10000078808,PVT CAR(1+3),New,50.001,55.001,-999,1001,Yes,OD,0.105
oem_hyundai_Grid_4,HIIB - HYUNDAI,10000078808,PVT CAR(1+3),New,45.001,50.001,-999,1001,Yes,OD,0.155
oem_hyundai_Grid_4,HIIB - HYUNDAI,10000078808,PVT CAR(1+3),New,40.001,45.001,-999,1001,Yes,OD,0.205
oem_hyundai_Grid_4,HIIB - HYUNDAI,10000078808,PVT CAR(1+3),New,35.001,40.001,-999,1001,Yes,OD,0.255
oem_hyundai_Grid_4,HIIB - HYUNDAI,10000078808,PVT CAR(1+3),New,30.001,35.001,-999,1001,Yes,OD,0.305
oem_hyundai_Grid_4,HIIB - HYUNDAI,10000078808,PVT CAR(1+3),New,25.001,30.001,-999,1001,Yes,OD,0.355
oem_hyundai_Grid_4,HIIB - HYUNDAI,10000078808,PVT CAR(1+3),New,20.001,25.001,-999,1001,Yes,OD,0.4049999999999999
oem_hyundai_Grid_4,HIIB - HYUNDAI,10000078808,PVT CAR(1+3),New,15.001,20.001,-999,1001,Yes,OD,0.4549999999999999
oem_hyundai_Grid_4,HIIB - HYUNDAI,10000078808,PVT CAR(1+3),New,10.001,15.001,-999,1001,Yes,OD,0.5049999999999999
oem_hyundai_Grid_4,HIIB - HYUNDAI,10000078808,PVT CAR(1+3),New,5.001,10.001,-999,1001,Yes,OD,0.5549999999999999
oem_hyundai_Grid_4,HIIB - HYUNDAI,10000078808,PVT CAR(1+3),New,1.001,5.001,-999,1001,Yes,OD,0.605
oem_hyundai_Grid_4,HIIB - HYUNDAI,10000078808,PVT CAR(1+3),New,0.0,0.999,-999,1001,Yes,OD,0.655
oem_hyundai_Grid_4,HIIB - HYUNDAI,10000078808,PVT CAR(1+3),New,60.001,100.001,1001,1501,Yes,OD,0.0
oem_hyundai_Grid_4,HIIB - HYUNDAI,10000078808,PVT CAR(1+3),New,55.001,60.001,1001,1501,Yes,OD,0.0549999999999999
oem_hyundai_Grid_4,HIIB - HYUNDAI,10000078808,PVT CAR(1+3),New,50.001,55.001,1001,1501,Yes,OD,0.105
oem_hyundai_Grid_4,HIIB - HYUNDAI,10000078808,PVT CAR(1+3),New,45.001,50.001,1001,1501,Yes,OD,0.155
oem_hyundai_Grid_4,HIIB - HYUNDAI,10000078808,PVT CAR(1+3),New,40.001,45.001,1001,1501,Yes,OD,0.205
oem_hyundai_Grid_4,HIIB - HYUNDAI,10000078808,PVT CAR(1+3),New,35.001,40.001,1001,1501,Yes,OD,0.255
oem_hyundai_Grid_4,HIIB - HYUNDAI,10000078808,PVT CAR(1+3),New,30.001,35.001,1001,1501,Yes,OD,0.305
oem_hyundai_Grid_4,HIIB - HYUNDAI,10000078808,PVT CAR(1+3),New,25.001,30.001,1001,1501,Yes,OD,0.355
oem_hyundai_Grid_4,HIIB - HYUNDAI,10000078808,PVT CAR(1+3),New,20.001,25.001,1001,1501,Yes,OD,0.4049999999999999
oem_hyundai_Grid_4,HIIB - HYUNDAI,10000078808,PVT CAR(1+3),New,15.001,20.001,1001,1501,Yes,OD,0.4549999999999999
oem_hyundai_Grid_4,HIIB - HYUNDAI,10000078808,PVT CAR(1+3),New,10.001,15.001,1001,1501,Yes,OD,0.5049999999999999
oem_hyundai_Grid_4,HIIB - HYUNDAI,10000078808,PVT CAR(1+3),New,5.001,10.001,1001,1501,Yes,OD,0.5549999999999999
oem_hyundai_Grid_4,HIIB - HYUNDAI,10000078808,PVT CAR(1+3),New,1.001,5.001,1001,1501,Yes,OD,0.605
oem_hyundai_Grid_4,HIIB - HYUNDAI,10000078808,PVT CAR(1+3),New,0.0,0.999,1001,1501,Yes,OD,0.655
oem_hyundai_Grid_4,HIIB - HYUNDAI,10000078808,PVT CAR(1+3),New,60.001,100.001,1501,999999999,Yes,OD,0.0
oem_hyundai_Grid_4,HIIB - HYUNDAI,10000078808,PVT CAR(1+3),New,55.001,60.001,1501,999999999,Yes,OD,0.0549999999999999
oem_hyundai_Grid_4,HIIB - HYUNDAI,10000078808,PVT CAR(1+3),New,50.001,55.001,1501,999999999,Yes,OD,0.105
oem_hyundai_Grid_4,HIIB - HYUNDAI,10000078808,PVT CAR(1+3),New,45.001,50.001,1501,999999999,Yes,OD,0.155
oem_hyundai_Grid_4,HIIB - HYUNDAI,10000078808,PVT CAR(1+3),New,40.001,45.001,1501,999999999,Yes,OD,0.205
oem_hyundai_Grid_4,HIIB - HYUNDAI,10000078808,PVT CAR(1+3),New,35.001,40.001,1501,999999999,Yes,OD,0.255
oem_hyundai_Grid_4,HIIB - HYUNDAI,10000078808,PVT CAR(1+3),New,30.001,35.001,1501,999999999,Yes,OD,0.305
oem_hyundai_Grid_4,HIIB - HYUNDAI,10000078808,PVT CAR(1+3),New,25.001,30.001,1501,999999999,Yes,OD,0.355
oem_hyundai_Grid_4,HIIB - HYUNDAI,10000078808,PVT CAR(1+3),New,20.001,25.001,1501,999999999,Yes,OD,0.4049999999999999
oem_hyundai_Grid_4,HIIB - HYUNDAI,10000078808,PVT CAR(1+3),New,15.001,20.001,1501,999999999,Yes,OD,0.4549999999999999
oem_hyundai_Grid_4,HIIB - HYUNDAI,10000078808,PVT CAR(1+3),New,10.001,15.001,1501,999999999,Yes,OD,0.5049999999999999
oem_hyundai_Grid_4,HIIB - HYUNDAI,10000078808,PVT CAR(1+3),New,5.001,10.001,1501,999999999,Yes,OD,0.5549999999999999
oem_hyundai_Grid_4,HIIB - HYUNDAI,10000078808,PVT CAR(1+3),New,1.001,5.001,1501,999999999,Yes,OD,0.605
oem_hyundai_Grid_4,HIIB - HYUNDAI,10000078808,PVT CAR(1+3),New,0.0,0.999,1501,999999999,Yes,OD,0.655
oem_hyundai_Grid_4,HIIB - HYUNDAI,10000078810,PCV-TAXI,ANY,75.001,100.001,-999,999999999,Yes,OD,0.0
oem_hyundai_Grid_4,HIIB - HYUNDAI,10000078810,PCV-TAXI,ANY,0.0,75.001,-999,999999999,Yes,OD,0.15
oem_hyundai_Grid_4,HIIB - HYUNDAI,10000078810,PVT CAR,"Renewal, Roll Over",0.0,100.001,-999,1001,Yes,OD,0.0
oem_hyundai_Grid_4,HIIB - HYUNDAI,10000078810,PVT CAR,"Renewal, Roll Over",0.0,100.001,1001,1501,Yes,OD,0.0
oem_hyundai_Grid_4,HIIB - HYUNDAI,10000078810,PVT CAR,"Renewal, Roll Over",0.0,100.001,1501,999999999,Yes,OD,0.0
oem_hyundai_Grid_4,HIIB - HYUNDAI,10000078810,PVT CAR(1+1),"Renewal, Roll Over",0.0,100.001,-999,1001,Yes,OD,0.0
oem_hyundai_Grid_4,HIIB - HYUNDAI,10000078810,PVT CAR(1+1),"Renewal, Roll Over",0.0,100.001,1001,1501,Yes,OD,0.0
oem_hyundai_Grid_4,HIIB - HYUNDAI,10000078810,PVT CAR(1+1),"Renewal, Roll Over",0.0,100.001,1501,999999999,Yes,OD,0.0
oem_hyundai_Grid_4,HIIB - HYUNDAI,10000078810,PVT CAR(1+3),New,60.001,100.001,-999,1001,Yes,OD,0.0
oem_hyundai_Grid_4,HIIB - HYUNDAI,10000078810,PVT CAR(1+3),New,55.001,60.001,-999,1001,Yes,OD,0.0549999999999999
oem_hyundai_Grid_4,HIIB - HYUNDAI,10000078810,PVT CAR(1+3),New,50.001,55.001,-999,1001,Yes,OD,0.1049999999999999
oem_hyundai_Grid_4,HIIB - HYUNDAI,10000078810,PVT CAR(1+3),New,45.001,50.001,-999,1001,Yes,OD,0.1549999999999999
oem_hyundai_Grid_4,HIIB - HYUNDAI,10000078810,PVT CAR(1+3),New,40.001,45.001,-999,1001,Yes,OD,0.2049999999999999
oem_hyundai_Grid_4,HIIB - HYUNDAI,10000078810,PVT CAR(1+3),New,35.001,40.001,-999,1001,Yes,OD,0.2549999999999999
oem_hyundai_Grid_4,HIIB - HYUNDAI,10000078810,PVT CAR(1+3),New,30.001,35.001,-999,1001,Yes,OD,0.3049999999999999
oem_hyundai_Grid_4,HIIB - HYUNDAI,10000078810,PVT CAR(1+3),New,25.001,30.001,-999,1001,Yes,OD,0.3549999999999999
oem_hyundai_Grid_4,HIIB - HYUNDAI,10000078810,PVT CAR(1+3),New,20.001,25.001,-999,1001,Yes,OD,0.4049999999999999
oem_hyundai_Grid_4,HIIB - HYUNDAI,10000078810,PVT CAR(1+3),New,15.001,20.001,-999,1001,Yes,OD,0.4549999999999999
oem_hyundai_Grid_4,HIIB - HYUNDAI,10000078810,PVT CAR(1+3),New,10.001,15.001,-999,1001,Yes,OD,0.5049999999999999
oem_hyundai_Grid_4,HIIB - HYUNDAI,10000078810,PVT CAR(1+3),New,5.001,10.001,-999,1001,Yes,OD,0.5549999999999999
oem_hyundai_Grid_4,HIIB - HYUNDAI,10000078810,PVT CAR(1+3),New,1.001,5.001,-999,1001,Yes,OD,0.605
oem_hyundai_Grid_4,HIIB - HYUNDAI,10000078810,PVT CAR(1+3),New,0.0,0.999,-999,1001,Yes,OD,0.705
oem_hyundai_Grid_4,HIIB - HYUNDAI,10000078810,PVT CAR(1+3),New,60.001,100.001,1001,1501,Yes,OD,0.0
oem_hyundai_Grid_4,HIIB - HYUNDAI,10000078810,PVT CAR(1+3),New,55.001,60.001,1001,1501,Yes,OD,0.0549999999999999
oem_hyundai_Grid_4,HIIB - HYUNDAI,10000078810,PVT CAR(1+3),New,50.001,55.001,1001,1501,Yes,OD,0.1049999999999999
oem_hyundai_Grid_4,HIIB - HYUNDAI,10000078810,PVT CAR(1+3),New,45.001,50.001,1001,1501,Yes,OD,0.1549999999999999
oem_hyundai_Grid_4,HIIB - HYUNDAI,10000078810,PVT CAR(1+3),New,40.001,45.001,1001,1501,Yes,OD,0.2049999999999999
oem_hyundai_Grid_4,HIIB - HYUNDAI,10000078810,PVT CAR(1+3),New,35.001,40.001,1001,1501,Yes,OD,0.2549999999999999
oem_hyundai_Grid_4,HIIB - HYUNDAI,10000078810,PVT CAR(1+3),New,30.001,35.001,1001,1501,Yes,OD,0.3049999999999999
oem_hyundai_Grid_4,HIIB - HYUNDAI,10000078810,PVT CAR(1+3),New,25.001,30.001,1001,1501,Yes,OD,0.3549999999999999
oem_hyundai_Grid_4,HIIB - HYUNDAI,10000078810,PVT CAR(1+3),New,20.001,25.001,1001,1501,Yes,OD,0.4049999999999999
oem_hyundai_Grid_4,HIIB - HYUNDAI,10000078810,PVT CAR(1+3),New,15.001,20.001,1001,1501,Yes,OD,0.4549999999999999
oem_hyundai_Grid_4,HIIB - HYUNDAI,10000078810,PVT CAR(1+3),New,10.001,15.001,1001,1501,Yes,OD,0.5049999999999999
oem_hyundai_Grid_4,HIIB - HYUNDAI,10000078810,PVT CAR(1+3),New,5.001,10.001,1001,1501,Yes,OD,0.5549999999999999
oem_hyundai_Grid_4,HIIB - HYUNDAI,10000078810,PVT CAR(1+3),New,1.001,5.001,1001,1501,Yes,OD,0.605
oem_hyundai_Grid_4,HIIB - HYUNDAI,10000078810,PVT CAR(1+3),New,0.0,0.999,1001,1501,Yes,OD,0.705
oem_hyundai_Grid_4,HIIB - HYUNDAI,10000078810,PVT CAR(1+3),New,60.001,100.001,1501,999999999,Yes,OD,0.0
oem_hyundai_Grid_4,HIIB - HYUNDAI,10000078810,PVT CAR(1+3),New,55.001,60.001,1501,999999999,Yes,OD,0.0549999999999999
oem_hyundai_Grid_4,HIIB - HYUNDAI,10000078810,PVT CAR(1+3),New,50.001,55.001,1501,999999999,Yes,OD,0.1049999999999999
oem_hyundai_Grid_4,HIIB - HYUNDAI,10000078810,PVT CAR(1+3),New,45.001,50.001,1501,999999999,Yes,OD,0.1549999999999999
oem_hyundai_Grid_4,HIIB - HYUNDAI,10000078810,PVT CAR(1+3),New,40.001,45.001,1501,999999999,Yes,OD,0.2049999999999999
oem_hyundai_Grid_4,HIIB - HYUNDAI,10000078810,PVT CAR(1+3),New,35.001,40.001,1501,999999999,Yes,OD,0.2549999999999999
oem_hyundai_Grid_4,HIIB - HYUNDAI,10000078810,PVT CAR(1+3),New,30.001,35.001,1501,999999999,Yes,OD,0.3049999999999999
oem_hyundai_Grid_4,HIIB - HYUNDAI,10000078810,PVT CAR(1+3),New,25.001,30.001,1501,999999999,Yes,OD,0.3549999999999999
oem_hyundai_Grid_4,HIIB - HYUNDAI,10000078810,PVT CAR(1+3),New,20.001,25.001,1501,999999999,Yes,OD,0.4049999999999999
oem_hyundai_Grid_4,HIIB - HYUNDAI,10000078810,PVT CAR(1+3),New,15.001,20.001,1501,999999999,Yes,OD,0.4549999999999999
oem_hyundai_Grid_4,HIIB - HYUNDAI,10000078810,PVT CAR(1+3),New,10.001,15.001,1501,999999999,Yes,OD,0.5049999999999999
oem_hyundai_Grid_4,HIIB - HYUNDAI,10000078810,PVT CAR(1+3),New,5.001,10.001,1501,999999999,Yes,OD,0.5549999999999999
oem_hyundai_Grid_4,HIIB - HYUNDAI,10000078810,PVT CAR(1+3),New,1.001,5.001,1501,999999999,Yes,OD,0.605
oem_hyundai_Grid_4,HIIB - HYUNDAI,10000078810,PVT CAR(1+3),New,0.0,0.999,1501,999999999,Yes,OD,0.705
oem_hyundai_Grid_4,HIIB - HYUNDAI,10000078812,PCV-TAXI,ANY,0.0,100.001,-999,999999999,Yes,OD,0.0
oem_hyundai_Grid_4,HIIB - HYUNDAI,10000078812,PVT CAR,"Renewal, Roll Over",0.0,100.001,-999,1001,Yes,OD,0.0
oem_hyundai_Grid_4,HIIB - HYUNDAI,10000078812,PVT CAR,"Renewal, Roll Over",0.0,100.001,1001,1501,Yes,OD,0.0
oem_hyundai_Grid_4,HIIB - HYUNDAI,10000078812,PVT CAR,"Renewal, Roll Over",0.0,100.001,1501,999999999,Yes,OD,0.0
oem_hyundai_Grid_4,HIIB - HYUNDAI,10000078812,PVT CAR(1+1),"Renewal, Roll Over",0.0,100.001,-999,1001,Yes,OD,0.0
oem_hyundai_Grid_4,HIIB - HYUNDAI,10000078812,PVT CAR(1+1),"Renewal, Roll Over",0.0,100.001,1001,1501,Yes,OD,0.0
oem_hyundai_Grid_4,HIIB - HYUNDAI,10000078812,PVT CAR(1+1),"Renewal, Roll Over",0.0,100.001,1501,999999999,Yes,OD,0.0
oem_hyundai_Grid_4,HIIB - HYUNDAI,10000078812,PVT CAR(1+3),New,60.001,100.001,-999,1001,Yes,OD,0.0
oem_hyundai_Grid_4,HIIB - HYUNDAI,10000078812,PVT CAR(1+3),New,45.001,60.001,-999,1001,Yes,OD,0.155
oem_hyundai_Grid_4,HIIB - HYUNDAI,10000078812,PVT CAR(1+3),New,40.001,45.001,-999,1001,Yes,OD,0.205
oem_hyundai_Grid_4,HIIB - HYUNDAI,10000078812,PVT CAR(1+3),New,35.001,40.001,-999,1001,Yes,OD,0.255
oem_hyundai_Grid_4,HIIB - HYUNDAI,10000078812,PVT CAR(1+3),New,30.001,35.001,-999,1001,Yes,OD,0.305
oem_hyundai_Grid_4,HIIB - HYUNDAI,10000078812,PVT CAR(1+3),New,25.001,30.001,-999,1001,Yes,OD,0.355
oem_hyundai_Grid_4,HIIB - HYUNDAI,10000078812,PVT CAR(1+3),New,20.001,25.001,-999,1001,Yes,OD,0.4049999999999999
oem_hyundai_Grid_4,HIIB - HYUNDAI,10000078812,PVT CAR(1+3),New,15.001,20.001,-999,1001,Yes,OD,0.4549999999999999
oem_hyundai_Grid_4,HIIB - HYUNDAI,10000078812,PVT CAR(1+3),New,10.001,15.001,-999,1001,Yes,OD,0.5049999999999999
oem_hyundai_Grid_4,HIIB - HYUNDAI,10000078812,PVT CAR(1+3),New,5.001,10.001,-999,1001,Yes,OD,0.5549999999999999
oem_hyundai_Grid_4,HIIB - HYUNDAI,10000078812,PVT CAR(1+3),New,1.001,5.001,-999,1001,Yes,OD,0.605
oem_hyundai_Grid_4,HIIB - HYUNDAI,10000078812,PVT CAR(1+3),New,0.0,0.999,-999,1001,Yes,OD,0.655
oem_hyundai_Grid_4,HIIB - HYUNDAI,10000078812,PVT CAR(1+3),New,60.001,100.001,1001,1501,Yes,OD,0.0
oem_hyundai_Grid_4,HIIB - HYUNDAI,10000078812,PVT CAR(1+3),New,45.001,60.001,1001,1501,Yes,OD,0.155
oem_hyundai_Grid_4,HIIB - HYUNDAI,10000078812,PVT CAR(1+3),New,40.001,45.001,1001,1501,Yes,OD,0.205
oem_hyundai_Grid_4,HIIB - HYUNDAI,10000078812,PVT CAR(1+3),New,35.001,40.001,1001,1501,Yes,OD,0.255
oem_hyundai_Grid_4,HIIB - HYUNDAI,10000078812,PVT CAR(1+3),New,30.001,35.001,1001,1501,Yes,OD,0.305
oem_hyundai_Grid_4,HIIB - HYUNDAI,10000078812,PVT CAR(1+3),New,25.001,30.001,1001,1501,Yes,OD,0.355
oem_hyundai_Grid_4,HIIB - HYUNDAI,10000078812,PVT CAR(1+3),New,20.001,25.001,1001,1501,Yes,OD,0.4049999999999999
oem_hyundai_Grid_4,HIIB - HYUNDAI,10000078812,PVT CAR(1+3),New,15.001,20.001,1001,1501,Yes,OD,0.4549999999999999
oem_hyundai_Grid_4,HIIB - HYUNDAI,10000078812,PVT CAR(1+3),New,10.001,15.001,1001,1501,Yes,OD,0.5049999999999999
oem_hyundai_Grid_4,HIIB - HYUNDAI,10000078812,PVT CAR(1+3),New,5.001,10.001,1001,1501,Yes,OD,0.5549999999999999
oem_hyundai_Grid_4,HIIB - HYUNDAI,10000078812,PVT CAR(1+3),New,1.001,5.001,1001,1501,Yes,OD,0.605
oem_hyundai_Grid_4,HIIB - HYUNDAI,10000078812,PVT CAR(1+3),New,0.0,0.999,1001,1501,Yes,OD,0.655
oem_hyundai_Grid_4,HIIB - HYUNDAI,10000078812,PVT CAR(1+3),New,60.001,100.001,1501,999999999,Yes,OD,0.0
oem_hyundai_Grid_4,HIIB - HYUNDAI,10000078812,PVT CAR(1+3),New,45.001,60.001,1501,999999999,Yes,OD,0.155
oem_hyundai_Grid_4,HIIB - HYUNDAI,10000078812,PVT CAR(1+3),New,40.001,45.001,1501,999999999,Yes,OD,0.205
oem_hyundai_Grid_4,HIIB - HYUNDAI,10000078812,PVT CAR(1+3),New,35.001,40.001,1501,999999999,Yes,OD,0.255
oem_hyundai_Grid_4,HIIB - HYUNDAI,10000078812,PVT CAR(1+3),New,30.001,35.001,1501,999999999,Yes,OD,0.305
oem_hyundai_Grid_4,HIIB - HYUNDAI,10000078812,PVT CAR(1+3),New,25.001,30.001,1501,999999999,Yes,OD,0.355
oem_hyundai_Grid_4,HIIB - HYUNDAI,10000078812,PVT CAR(1+3),New,20.001,25.001,1501,999999999,Yes,OD,0.4049999999999999
oem_hyundai_Grid_4,HIIB - HYUNDAI,10000078812,PVT CAR(1+3),New,15.001,20.001,1501,999999999,Yes,OD,0.4549999999999999
oem_hyundai_Grid_4,HIIB - HYUNDAI,10000078812,PVT CAR(1+3),New,10.001,15.001,1501,999999999,Yes,OD,0.5049999999999999
oem_hyundai_Grid_4,HIIB - HYUNDAI,10000078812,PVT CAR(1+3),New,5.001,10.001,1501,999999999,Yes,OD,0.5549999999999999
oem_hyundai_Grid_4,HIIB - HYUNDAI,10000078812,PVT CAR(1+3),New,1.001,5.001,1501,999999999,Yes,OD,0.605
oem_hyundai_Grid_4,HIIB - HYUNDAI,10000078812,PVT CAR(1+3),New,0.0,0.999,1501,999999999,Yes,OD,0.655
oem_hyundai_Grid_4,HIIB - HYUNDAI,10000078813,PCV-TAXI,ANY,0.0,100.001,-999,999999999,Yes,OD,0.0
oem_hyundai_Grid_4,HIIB - HYUNDAI,10000078813,PVT CAR,"Renewal, Roll Over",0.0,100.001,-999,1001,Yes,OD,0.0
oem_hyundai_Grid_4,HIIB - HYUNDAI,10000078813,PVT CAR,"Renewal, Roll Over",0.0,100.001,1001,1501,Yes,OD,0.0
oem_hyundai_Grid_4,HIIB - HYUNDAI,10000078813,PVT CAR,"Renewal, Roll Over",0.0,100.001,1501,999999999,Yes,OD,0.0
oem_hyundai_Grid_4,HIIB - HYUNDAI,10000078813,PVT CAR(1+1),"Renewal, Roll Over",0.0,100.001,-999,1001,Yes,OD,0.0
oem_hyundai_Grid_4,HIIB - HYUNDAI,10000078813,PVT CAR(1+1),"Renewal, Roll Over",0.0,100.001,1001,1501,Yes,OD,0.0
oem_hyundai_Grid_4,HIIB - HYUNDAI,10000078813,PVT CAR(1+1),"Renewal, Roll Over",0.0,100.001,1501,999999999,Yes,OD,0.0
oem_hyundai_Grid_4,HIIB - HYUNDAI,10000078813,PVT CAR(1+3),New,60.001,100.001,-999,1001,Yes,OD,0.0
oem_hyundai_Grid_4,HIIB - HYUNDAI,10000078813,PVT CAR(1+3),New,45.001,60.001,-999,1001,Yes,OD,0.155
oem_hyundai_Grid_4,HIIB - HYUNDAI,10000078813,PVT CAR(1+3),New,40.001,45.001,-999,1001,Yes,OD,0.205
oem_hyundai_Grid_4,HIIB - HYUNDAI,10000078813,PVT CAR(1+3),New,35.001,40.001,-999,1001,Yes,OD,0.255
oem_hyundai_Grid_4,HIIB - HYUNDAI,10000078813,PVT CAR(1+3),New,30.001,35.001,-999,1001,Yes,OD,0.305
oem_hyundai_Grid_4,HIIB - HYUNDAI,10000078813,PVT CAR(1+3),New,25.001,30.001,-999,1001,Yes,OD,0.355
oem_hyundai_Grid_4,HIIB - HYUNDAI,10000078813,PVT CAR(1+3),New,20.001,25.001,-999,1001,Yes,OD,0.4049999999999999
oem_hyundai_Grid_4,HIIB - HYUNDAI,10000078813,PVT CAR(1+3),New,15.001,20.001,-999,1001,Yes,OD,0.4549999999999999
oem_hyundai_Grid_4,HIIB - HYUNDAI,10000078813,PVT CAR(1+3),New,10.001,15.001,-999,1001,Yes,OD,0.5049999999999999
oem_hyundai_Grid_4,HIIB - HYUNDAI,10000078813,PVT CAR(1+3),New,5.001,10.001,-999,1001,Yes,OD,0.5549999999999999
oem_hyundai_Grid_4,HIIB - HYUNDAI,10000078813,PVT CAR(1+3),New,1.001,5.001,-999,1001,Yes,OD,0.605
oem_hyundai_Grid_4,HIIB - HYUNDAI,10000078813,PVT CAR(1+3),New,0.0,0.999,-999,1001,Yes,OD,0.655
oem_hyundai_Grid_4,HIIB - HYUNDAI,10000078813,PVT CAR(1+3),New,60.001,100.001,1001,1501,Yes,OD,0.0
oem_hyundai_Grid_4,HIIB - HYUNDAI,10000078813,PVT CAR(1+3),New,45.001,60.001,1001,1501,Yes,OD,0.155
oem_hyundai_Grid_4,HIIB - HYUNDAI,10000078813,PVT CAR(1+3),New,40.001,45.001,1001,1501,Yes,OD,0.205
oem_hyundai_Grid_4,HIIB - HYUNDAI,10000078813,PVT CAR(1+3),New,35.001,40.001,1001,1501,Yes,OD,0.255
oem_hyundai_Grid_4,HIIB - HYUNDAI,10000078813,PVT CAR(1+3),New,30.001,35.001,1001,1501,Yes,OD,0.305
oem_hyundai_Grid_4,HIIB - HYUNDAI,10000078813,PVT CAR(1+3),New,25.001,30.001,1001,1501,Yes,OD,0.355
oem_hyundai_Grid_4,HIIB - HYUNDAI,10000078813,PVT CAR(1+3),New,20.001,25.001,1001,1501,Yes,OD,0.4049999999999999
oem_hyundai_Grid_4,HIIB - HYUNDAI,10000078813,PVT CAR(1+3),New,15.001,20.001,1001,1501,Yes,OD,0.4549999999999999
oem_hyundai_Grid_4,HIIB - HYUNDAI,10000078813,PVT CAR(1+3),New,10.001,15.001,1001,1501,Yes,OD,0.5049999999999999
oem_hyundai_Grid_4,HIIB - HYUNDAI,10000078813,PVT CAR(1+3),New,5.001,10.001,1001,1501,Yes,OD,0.5549999999999999
oem_hyundai_Grid_4,HIIB - HYUNDAI,10000078813,PVT CAR(1+3),New,1.001,5.001,1001,1501,Yes,OD,0.605
oem_hyundai_Grid_4,HIIB - HYUNDAI,10000078813,PVT CAR(1+3),New,0.0,0.999,1001,1501,Yes,OD,0.655
oem_hyundai_Grid_4,HIIB - HYUNDAI,10000078813,PVT CAR(1+3),New,60.001,100.001,1501,999999999,Yes,OD,0.0
oem_hyundai_Grid_4,HIIB - HYUNDAI,10000078813,PVT CAR(1+3),New,45.001,60.001,1501,999999999,Yes,OD,0.155
oem_hyundai_Grid_4,HIIB - HYUNDAI,10000078813,PVT CAR(1+3),New,40.001,45.001,1501,999999999,Yes,OD,0.205
oem_hyundai_Grid_4,HIIB - HYUNDAI,10000078813,PVT CAR(1+3),New,35.001,40.001,1501,999999999,Yes,OD,0.255
oem_hyundai_Grid_4,HIIB - HYUNDAI,10000078813,PVT CAR(1+3),New,30.001,35.001,1501,999999999,Yes,OD,0.305
oem_hyundai_Grid_4,HIIB - HYUNDAI,10000078813,PVT CAR(1+3),New,25.001,30.001,1501,999999999,Yes,OD,0.355
oem_hyundai_Grid_4,HIIB - HYUNDAI,10000078813,PVT CAR(1+3),New,20.001,25.001,1501,999999999,Yes,OD,0.4049999999999999
oem_hyundai_Grid_4,HIIB - HYUNDAI,10000078813,PVT CAR(1+3),New,15.001,20.001,1501,999999999,Yes,OD,0.4549999999999999
oem_hyundai_Grid_4,HIIB - HYUNDAI,10000078813,PVT CAR(1+3),New,10.001,15.001,1501,999999999,Yes,OD,0.5049999999999999
oem_hyundai_Grid_4,HIIB - HYUNDAI,10000078813,PVT CAR(1+3),New,5.001,10.001,1501,999999999,Yes,OD,0.5549999999999999
oem_hyundai_Grid_4,HIIB - HYUNDAI,10000078813,PVT CAR(1+3),New,1.001,5.001,1501,999999999,Yes,OD,0.605
oem_hyundai_Grid_4,HIIB - HYUNDAI,10000078813,PVT CAR(1+3),New,0.0,0.999,1501,999999999,Yes,OD,0.655
oem_hyundai_Grid_4,HIIB - HYUNDAI,10000078826,PVT CAR,"Renewal, Roll Over",0.0,100.001,-999,1001,Yes,OD,0.0
oem_hyundai_Grid_4,HIIB - HYUNDAI,10000078826,PVT CAR,"Renewal, Roll Over",0.0,100.001,1001,1501,Yes,OD,0.0
oem_hyundai_Grid_4,HIIB - HYUNDAI,10000078826,PVT CAR,"Renewal, Roll Over",0.0,100.001,1501,999999999,Yes,OD,0.0
oem_hyundai_Grid_4,HIIB - HYUNDAI,10000078826,PVT CAR(1+1),"Renewal, Roll Over",0.0,100.001,-999,1001,Yes,OD,0.0
oem_hyundai_Grid_4,HIIB - HYUNDAI,10000078826,PVT CAR(1+1),"Renewal, Roll Over",0.0,100.001,1001,1501,Yes,OD,0.0
oem_hyundai_Grid_4,HIIB - HYUNDAI,10000078826,PVT CAR(1+1),"Renewal, Roll Over",0.0,100.001,1501,999999999,Yes,OD,0.0
oem_hyundai_Grid_4,HIIB - HYUNDAI,10000078826,PVT CAR(1+3),New,0.0,100.001,-999,1001,Yes,OD,0.0
oem_hyundai_Grid_4,HIIB - HYUNDAI,10000078826,PVT CAR(1+3),New,0.0,100.001,1001,1501,Yes,OD,0.0
oem_hyundai_Grid_4,HIIB - HYUNDAI,10000078826,PVT CAR(1+3),New,0.0,100.001,1501,999999999,Yes,OD,0.0
oem_hyundai_Grid_4,HIIB - HYUNDAI,10000078828,PVT CAR,"Renewal, Roll Over",0.0,100.001,-999,1001,Yes,OD,0.0
oem_hyundai_Grid_4,HIIB - HYUNDAI,10000078828,PVT CAR,"Renewal, Roll Over",0.0,100.001,1001,1501,Yes,OD,0.0
oem_hyundai_Grid_4,HIIB - HYUNDAI,10000078828,PVT CAR,"Renewal, Roll Over",0.0,100.001,1501,999999999,Yes,OD,0.0
oem_hyundai_Grid_4,HIIB - HYUNDAI,10000078828,PVT CAR(1+1),"Renewal, Roll Over",85.001,100.001,-999,1001,Yes,OD,0.0
oem_hyundai_Grid_4,HIIB - HYUNDAI,10000078828,PVT CAR(1+1),"Renewal, Roll Over",0.0,85.001,-999,1001,Yes,OD,0.1049999999999999
oem_hyundai_Grid_4,HIIB - HYUNDAI,10000078828,PVT CAR(1+1),"Renewal, Roll Over",85.001,100.001,1001,1501,Yes,OD,0.0
oem_hyundai_Grid_4,HIIB - HYUNDAI,10000078828,PVT CAR(1+1),"Renewal, Roll Over",0.0,85.001,1001,1501,Yes,OD,0.1049999999999999
oem_hyundai_Grid_4,HIIB - HYUNDAI,10000078828,PVT CAR(1+1),"Renewal, Roll Over",85.001,100.001,1501,999999999,Yes,OD,0.0
oem_hyundai_Grid_4,HIIB - HYUNDAI,10000078828,PVT CAR(1+1),"Renewal, Roll Over",0.0,85.001,1501,999999999,Yes,OD,0.1049999999999999
oem_hyundai_Grid_4,HIIB - HYUNDAI,10000078828,PVT CAR(1+3),New,85.001,100.001,-999,1001,Yes,OD,0.0
oem_hyundai_Grid_4,HIIB - HYUNDAI,10000078828,PVT CAR(1+3),New,0.0,85.001,-999,1001,Yes,OD,0.255
oem_hyundai_Grid_4,HIIB - HYUNDAI,10000078828,PVT CAR(1+3),New,85.001,100.001,1001,1501,Yes,OD,0.0
oem_hyundai_Grid_4,HIIB - HYUNDAI,10000078828,PVT CAR(1+3),New,0.0,85.001,1001,1501,Yes,OD,0.255
oem_hyundai_Grid_4,HIIB - HYUNDAI,10000078828,PVT CAR(1+3),New,85.001,100.001,1501,999999999,Yes,OD,0.0
oem_hyundai_Grid_4,HIIB - HYUNDAI,10000078828,PVT CAR(1+3),New,0.0,85.001,1501,999999999,Yes,OD,0.255
oem_hyundai_Grid_4,HIIB - HYUNDAI,10000078829,PVT CAR,"Renewal, Roll Over",0.0,100.001,-999,1001,Yes,OD,0.0
oem_hyundai_Grid_4,HIIB - HYUNDAI,10000078829,PVT CAR,"Renewal, Roll Over",0.0,100.001,1001,1501,Yes,OD,0.0
oem_hyundai_Grid_4,HIIB - HYUNDAI,10000078829,PVT CAR,"Renewal, Roll Over",0.0,100.001,1501,999999999,Yes,OD,0.0
oem_hyundai_Grid_4,HIIB - HYUNDAI,10000078829,PVT CAR(1+1),"Renewal, Roll Over",0.0,100.001,-999,1001,Yes,OD,0.0
oem_hyundai_Grid_4,HIIB - HYUNDAI,10000078829,PVT CAR(1+1),"Renewal, Roll Over",0.0,100.001,1001,1501,Yes,OD,0.0
oem_hyundai_Grid_4,HIIB - HYUNDAI,10000078829,PVT CAR(1+1),"Renewal, Roll Over",0.0,100.001,1501,999999999,Yes,OD,0.0
oem_hyundai_Grid_4,HIIB - HYUNDAI,10000078829,PVT CAR(1+3),New,0.0,100.001,-999,1001,Yes,OD,0.0
oem_hyundai_Grid_4,HIIB - HYUNDAI,10000078829,PVT CAR(1+3),New,0.0,100.001,1001,1501,Yes,OD,0.0
oem_hyundai_Grid_4,HIIB - HYUNDAI,10000078829,PVT CAR(1+3),New,0.0,100.001,1501,999999999,Yes,OD,0.0
oem_hyundai_Grid_4,HIIB - HYUNDAI,10000078830,PVT CAR,"Renewal, Roll Over",0.0,100.001,-999,1001,Yes,OD,0.0
oem_hyundai_Grid_4,HIIB - HYUNDAI,10000078830,PVT CAR,"Renewal, Roll Over",0.0,100.001,1001,1501,Yes,OD,0.0
oem_hyundai_Grid_4,HIIB - HYUNDAI,10000078830,PVT CAR,"Renewal, Roll Over",0.0,100.001,1501,999999999,Yes,OD,0.0
oem_hyundai_Grid_4,HIIB - HYUNDAI,10000078830,PVT CAR(1+1),"Renewal, Roll Over",0.0,100.001,-999,1001,Yes,OD,0.0
oem_hyundai_Grid_4,HIIB - HYUNDAI,10000078830,PVT CAR(1+1),"Renewal, Roll Over",0.0,100.001,1001,1501,Yes,OD,0.0
oem_hyundai_Grid_4,HIIB - HYUNDAI,10000078830,PVT CAR(1+1),"Renewal, Roll Over",0.0,100.001,1501,999999999,Yes,OD,0.0
oem_hyundai_Grid_4,HIIB - HYUNDAI,10000078830,PVT CAR(1+3),New,0.0,100.001,-999,1001,Yes,OD,0.0
oem_hyundai_Grid_4,HIIB - HYUNDAI,10000078830,PVT CAR(1+3),New,0.0,100.001,1001,1501,Yes,OD,0.0
oem_hyundai_Grid_4,HIIB - HYUNDAI,10000078830,PVT CAR(1+3),New,0.0,100.001,1501,999999999,Yes,OD,0.0
oem_hyundai_Grid_4,HIIB - HYUNDAI,10000078831,PVT CAR,"Renewal, Roll Over",0.0,100.001,-999,1001,Yes,OD,0.0
oem_hyundai_Grid_4,HIIB - HYUNDAI,10000078831,PVT CAR,"Renewal, Roll Over",0.0,100.001,1001,1501,Yes,OD,0.0
oem_hyundai_Grid_4,HIIB - HYUNDAI,10000078831,PVT CAR,"Renewal, Roll Over",0.0,100.001,1501,999999999,Yes,OD,0.0
oem_hyundai_Grid_4,HIIB - HYUNDAI,10000078831,PVT CAR(1+1),"Renewal, Roll Over",0.0,100.001,-999,1001,Yes,OD,0.0
oem_hyundai_Grid_4,HIIB - HYUNDAI,10000078831,PVT CAR(1+1),"Renewal, Roll Over",0.0,100.001,1001,1501,Yes,OD,0.0
oem_hyundai_Grid_4,HIIB - HYUNDAI,10000078831,PVT CAR(1+1),"Renewal, Roll Over",0.0,100.001,1501,999999999,Yes,OD,0.0
oem_hyundai_Grid_4,HIIB - HYUNDAI,10000078831,PVT CAR(1+3),New,0.0,100.001,-999,1001,Yes,OD,0.0
oem_hyundai_Grid_4,HIIB - HYUNDAI,10000078831,PVT CAR(1+3),New,0.0,100.001,1001,1501,Yes,OD,0.0
oem_hyundai_Grid_4,HIIB - HYUNDAI,10000078831,PVT CAR(1+3),New,0.0,100.001,1501,999999999,Yes,OD,0.0
oem_hyundai_Grid_4,HIIB - HYUNDAI,10000078834,PVT CAR,"Renewal, Roll Over",0.0,100.001,-999,1001,Yes,OD,0.0
oem_hyundai_Grid_4,HIIB - HYUNDAI,10000078834,PVT CAR,"Renewal, Roll Over",0.0,100.001,1001,1501,Yes,OD,0.0
oem_hyundai_Grid_4,HIIB - HYUNDAI,10000078834,PVT CAR,"Renewal, Roll Over",0.0,100.001,1501,999999999,Yes,OD,0.0
oem_hyundai_Grid_4,HIIB - HYUNDAI,10000078834,PVT CAR(1+1),"Renewal, Roll Over",0.0,100.001,-999,1001,Yes,OD,0.0
oem_hyundai_Grid_4,HIIB - HYUNDAI,10000078834,PVT CAR(1+1),"Renewal, Roll Over",0.0,100.001,1001,1501,Yes,OD,0.0
oem_hyundai_Grid_4,HIIB - HYUNDAI,10000078834,PVT CAR(1+1),"Renewal, Roll Over",0.0,100.001,1501,999999999,Yes,OD,0.0
oem_hyundai_Grid_4,HIIB - HYUNDAI,10000078834,PVT CAR(1+3),New,0.0,100.001,-999,1001,Yes,OD,0.0
oem_hyundai_Grid_4,HIIB - HYUNDAI,10000078834,PVT CAR(1+3),New,0.0,100.001,1001,1501,Yes,OD,0.0
oem_hyundai_Grid_4,HIIB - HYUNDAI,10000078834,PVT CAR(1+3),New,0.0,100.001,1501,999999999,Yes,OD,0.0
oem_hyundai_Grid_4,HIIB - HYUNDAI,10000078849,PVT CAR,"Renewal, Roll Over",0.0,100.001,-999,1001,Yes,OD,0.0
oem_hyundai_Grid_4,HIIB - HYUNDAI,10000078849,PVT CAR,"Renewal, Roll Over",0.0,100.001,1001,1501,Yes,OD,0.0
oem_hyundai_Grid_4,HIIB - HYUNDAI,10000078849,PVT CAR,"Renewal, Roll Over",0.0,100.001,1501,999999999,Yes,OD,0.0
oem_hyundai_Grid_4,HIIB - HYUNDAI,10000078849,PVT CAR(1+1),"Renewal, Roll Over",0.0,100.001,-999,1001,Yes,OD,0.0
oem_hyundai_Grid_4,HIIB - HYUNDAI,10000078849,PVT CAR(1+1),"Renewal, Roll Over",0.0,100.001,1001,1501,Yes,OD,0.0
oem_hyundai_Grid_4,HIIB - HYUNDAI,10000078849,PVT CAR(1+1),"Renewal, Roll Over",0.0,100.001,1501,999999999,Yes,OD,0.0
oem_hyundai_Grid_4,HIIB - HYUNDAI,10000078849,PVT CAR(1+3),New,0.0,100.001,-999,1001,Yes,OD,0.0
oem_hyundai_Grid_4,HIIB - HYUNDAI,10000078849,PVT CAR(1+3),New,0.0,100.001,1001,1501,Yes,OD,0.0
oem_hyundai_Grid_4,HIIB - HYUNDAI,10000078849,PVT CAR(1+3),New,0.0,100.001,1501,999999999,Yes,OD,0.0
oem_hyundai_Grid_4,HIIB - HYUNDAI,10000078853,PVT CAR,"Renewal, Roll Over",0.0,100.001,-999,1001,Yes,OD,0.0
oem_hyundai_Grid_4,HIIB - HYUNDAI,10000078853,PVT CAR,"Renewal, Roll Over",0.0,100.001,1001,1501,Yes,OD,0.0
oem_hyundai_Grid_4,HIIB - HYUNDAI,10000078853,PVT CAR,"Renewal, Roll Over",0.0,100.001,1501,999999999,Yes,OD,0.0
oem_hyundai_Grid_4,HIIB - HYUNDAI,10000078853,PVT CAR(1+1),"Renewal, Roll Over",70.001,100.001,-999,1001,Yes,OD,0.0
oem_hyundai_Grid_4,HIIB - HYUNDAI,10000078853,PVT CAR(1+1),"Renewal, Roll Over",0.0,70.001,-999,1001,Yes,OD,0.0549999999999999
oem_hyundai_Grid_4,HIIB - HYUNDAI,10000078853,PVT CAR(1+1),"Renewal, Roll Over",70.001,100.001,1001,1501,Yes,OD,0.0
oem_hyundai_Grid_4,HIIB - HYUNDAI,10000078853,PVT CAR(1+1),"Renewal, Roll Over",0.0,70.001,1001,1501,Yes,OD,0.0549999999999999
oem_hyundai_Grid_4,HIIB - HYUNDAI,10000078853,PVT CAR(1+1),"Renewal, Roll Over",70.001,100.001,1501,999999999,Yes,OD,0.0
oem_hyundai_Grid_4,HIIB - HYUNDAI,10000078853,PVT CAR(1+1),"Renewal, Roll Over",0.0,70.001,1501,999999999,Yes,OD,0.0549999999999999
oem_hyundai_Grid_4,HIIB - HYUNDAI,10000078853,PVT CAR(1+3),New,85.001,100.001,-999,1001,Yes,OD,0.0
oem_hyundai_Grid_4,HIIB - HYUNDAI,10000078853,PVT CAR(1+3),New,55.001,85.001,-999,1001,Yes,OD,0.4049999999999999
oem_hyundai_Grid_4,HIIB - HYUNDAI,10000078853,PVT CAR(1+3),New,50.001,55.001,-999,1001,Yes,OD,0.455
oem_hyundai_Grid_4,HIIB - HYUNDAI,10000078853,PVT CAR(1+3),New,45.001,50.001,-999,1001,Yes,OD,0.5049999999999999
oem_hyundai_Grid_4,HIIB - HYUNDAI,10000078853,PVT CAR(1+3),New,40.001,45.001,-999,1001,Yes,OD,0.5549999999999999
oem_hyundai_Grid_4,HIIB - HYUNDAI,10000078853,PVT CAR(1+3),New,0.0,40.001,-999,1001,Yes,OD,0.605
oem_hyundai_Grid_4,HIIB - HYUNDAI,10000078853,PVT CAR(1+3),New,85.001,100.001,1001,1501,Yes,OD,0.0
oem_hyundai_Grid_4,HIIB - HYUNDAI,10000078853,PVT CAR(1+3),New,55.001,85.001,1001,1501,Yes,OD,0.4049999999999999
oem_hyundai_Grid_4,HIIB - HYUNDAI,10000078853,PVT CAR(1+3),New,50.001,55.001,1001,1501,Yes,OD,0.455
oem_hyundai_Grid_4,HIIB - HYUNDAI,10000078853,PVT CAR(1+3),New,45.001,50.001,1001,1501,Yes,OD,0.5049999999999999
oem_hyundai_Grid_4,HIIB - HYUNDAI,10000078853,PVT CAR(1+3),New,40.001,45.001,1001,1501,Yes,OD,0.5549999999999999
oem_hyundai_Grid_4,HIIB - HYUNDAI,10000078853,PVT CAR(1+3),New,0.0,40.001,1001,1501,Yes,OD,0.605
oem_hyundai_Grid_4,HIIB - HYUNDAI,10000078853,PVT CAR(1+3),New,85.001,100.001,1501,999999999,Yes,OD,0.0
oem_hyundai_Grid_4,HIIB - HYUNDAI,10000078853,PVT CAR(1+3),New,55.001,85.001,1501,999999999,Yes,OD,0.4049999999999999
oem_hyundai_Grid_4,HIIB - HYUNDAI,10000078853,PVT CAR(1+3),New,50.001,55.001,1501,999999999,Yes,OD,0.455
oem_hyundai_Grid_4,HIIB - HYUNDAI,10000078853,PVT CAR(1+3),New,45.001,50.001,1501,999999999,Yes,OD,0.5049999999999999
oem_hyundai_Grid_4,HIIB - HYUNDAI,10000078853,PVT CAR(1+3),New,40.001,45.001,1501,999999999,Yes,OD,0.5549999999999999
oem_hyundai_Grid_4,HIIB - HYUNDAI,10000078853,PVT CAR(1+3),New,0.0,40.001,1501,999999999,Yes,OD,0.605
oem_hyundai_Grid_4,HIIB - HYUNDAI,10000078854,PVT CAR,"Renewal, Roll Over",0.0,100.001,-999,1001,Yes,OD,0.0
oem_hyundai_Grid_4,HIIB - HYUNDAI,10000078854,PVT CAR,"Renewal, Roll Over",0.0,100.001,1001,1501,Yes,OD,0.0
oem_hyundai_Grid_4,HIIB - HYUNDAI,10000078854,PVT CAR,"Renewal, Roll Over",0.0,100.001,1501,999999999,Yes,OD,0.0
oem_hyundai_Grid_4,HIIB - HYUNDAI,10000078854,PVT CAR(1+1),"Renewal, Roll Over",0.0,100.001,-999,1001,Yes,OD,0.0
oem_hyundai_Grid_4,HIIB - HYUNDAI,10000078854,PVT CAR(1+1),"Renewal, Roll Over",0.0,100.001,1001,1501,Yes,OD,0.0
oem_hyundai_Grid_4,HIIB - HYUNDAI,10000078854,PVT CAR(1+1),"Renewal, Roll Over",0.0,100.001,1501,999999999,Yes,OD,0.0
oem_hyundai_Grid_4,HIIB - HYUNDAI,10000078854,PVT CAR(1+3),New,0.0,100.001,-999,1001,Yes,OD,0.0
oem_hyundai_Grid_4,HIIB - HYUNDAI,10000078854,PVT CAR(1+3),New,0.0,100.001,1001,1501,Yes,OD,0.0
oem_hyundai_Grid_4,HIIB - HYUNDAI,10000078854,PVT CAR(1+3),New,0.0,100.001,1501,999999999,Yes,OD,0.0
oem_hyundai_Grid_4,HIIB - HYUNDAI,10000078861,PVT CAR,"Renewal, Roll Over",0.0,100.001,-999,1001,Yes,OD,0.0
oem_hyundai_Grid_4,HIIB - HYUNDAI,10000078861,PVT CAR,"Renewal, Roll Over",0.0,100.001,1001,1501,Yes,OD,0.0
oem_hyundai_Grid_4,HIIB - HYUNDAI,10000078861,PVT CAR,"Renewal, Roll Over",0.0,100.001,1501,999999999,Yes,OD,0.0
oem_hyundai_Grid_4,HIIB - HYUNDAI,10000078861,PVT CAR(1+1),"Renewal, Roll Over",85.001,100.001,-999,1001,Yes,OD,0.0
oem_hyundai_Grid_4,HIIB - HYUNDAI,10000078861,PVT CAR(1+1),"Renewal, Roll Over",0.0,85.001,-999,1001,Yes,OD,0.1049999999999999
oem_hyundai_Grid_4,HIIB - HYUNDAI,10000078861,PVT CAR(1+1),"Renewal, Roll Over",85.001,100.001,1001,1501,Yes,OD,0.0
oem_hyundai_Grid_4,HIIB - HYUNDAI,10000078861,PVT CAR(1+1),"Renewal, Roll Over",0.0,85.001,1001,1501,Yes,OD,0.1049999999999999
oem_hyundai_Grid_4,HIIB - HYUNDAI,10000078861,PVT CAR(1+1),"Renewal, Roll Over",85.001,100.001,1501,999999999,Yes,OD,0.0
oem_hyundai_Grid_4,HIIB - HYUNDAI,10000078861,PVT CAR(1+1),"Renewal, Roll Over",0.0,85.001,1501,999999999,Yes,OD,0.1049999999999999
oem_hyundai_Grid_4,HIIB - HYUNDAI,10000078861,PVT CAR(1+3),New,85.001,100.001,-999,1001,Yes,OD,0.0
oem_hyundai_Grid_4,HIIB - HYUNDAI,10000078861,PVT CAR(1+3),New,0.0,85.001,-999,1001,Yes,OD,0.255
oem_hyundai_Grid_4,HIIB - HYUNDAI,10000078861,PVT CAR(1+3),New,85.001,100.001,1001,1501,Yes,OD,0.0
oem_hyundai_Grid_4,HIIB - HYUNDAI,10000078861,PVT CAR(1+3),New,0.0,85.001,1001,1501,Yes,OD,0.255
oem_hyundai_Grid_4,HIIB - HYUNDAI,10000078861,PVT CAR(1+3),New,85.001,100.001,1501,999999999,Yes,OD,0.0
oem_hyundai_Grid_4,HIIB - HYUNDAI,10000078861,PVT CAR(1+3),New,0.0,85.001,1501,999999999,Yes,OD,0.255
oem_hyundai_Grid_4,HIIB - HYUNDAI,10000078864,PCV-TAXI,ANY,75.001,100.001,-999,999999999,Yes,OD,0.0
oem_hyundai_Grid_4,HIIB - HYUNDAI,10000078864,PCV-TAXI,ANY,0.0,75.001,-999,999999999,Yes,OD,0.2
oem_hyundai_Grid_4,HIIB - HYUNDAI,10000078864,PVT CAR,"Renewal, Roll Over",0.0,100.001,-999,1001,Yes,OD,0.0
oem_hyundai_Grid_4,HIIB - HYUNDAI,10000078864,PVT CAR,"Renewal, Roll Over",0.0,100.001,1001,1501,Yes,OD,0.0
oem_hyundai_Grid_4,HIIB - HYUNDAI,10000078864,PVT CAR,"Renewal, Roll Over",0.0,100.001,1501,999999999,Yes,OD,0.0
oem_hyundai_Grid_4,HIIB - HYUNDAI,10000078864,PVT CAR(1+1),"Renewal, Roll Over",70.001,100.001,-999,1001,Yes,OD,0.0
oem_hyundai_Grid_4,HIIB - HYUNDAI,10000078864,PVT CAR(1+1),"Renewal, Roll Over",0.0,70.001,-999,1001,Yes,OD,0.0549999999999999
oem_hyundai_Grid_4,HIIB - HYUNDAI,10000078864,PVT CAR(1+1),"Renewal, Roll Over",70.001,100.001,1001,1501,Yes,OD,0.0
oem_hyundai_Grid_4,HIIB - HYUNDAI,10000078864,PVT CAR(1+1),"Renewal, Roll Over",0.0,70.001,1001,1501,Yes,OD,0.0549999999999999
oem_hyundai_Grid_4,HIIB - HYUNDAI,10000078864,PVT CAR(1+1),"Renewal, Roll Over",70.001,100.001,1501,999999999,Yes,OD,0.0
oem_hyundai_Grid_4,HIIB - HYUNDAI,10000078864,PVT CAR(1+1),"Renewal, Roll Over",0.0,70.001,1501,999999999,Yes,OD,0.0549999999999999
oem_hyundai_Grid_4,HIIB - HYUNDAI,10000078864,PVT CAR(1+3),New,85.001,100.001,-999,1001,Yes,OD,0.0
oem_hyundai_Grid_4,HIIB - HYUNDAI,10000078864,PVT CAR(1+3),New,55.001,85.001,-999,1001,Yes,OD,0.405
oem_hyundai_Grid_4,HIIB - HYUNDAI,10000078864,PVT CAR(1+3),New,50.001,55.001,-999,1001,Yes,OD,0.455
oem_hyundai_Grid_4,HIIB - HYUNDAI,10000078864,PVT CAR(1+3),New,45.001,50.001,-999,1001,Yes,OD,0.505
oem_hyundai_Grid_4,HIIB - HYUNDAI,10000078864,PVT CAR(1+3),New,40.001,45.001,-999,1001,Yes,OD,0.555
oem_hyundai_Grid_4,HIIB - HYUNDAI,10000078864,PVT CAR(1+3),New,0.0,40.001,-999,1001,Yes,OD,0.605
oem_hyundai_Grid_4,HIIB - HYUNDAI,10000078864,PVT CAR(1+3),New,85.001,100.001,1001,1501,Yes,OD,0.0
oem_hyundai_Grid_4,HIIB - HYUNDAI,10000078864,PVT CAR(1+3),New,55.001,85.001,1001,1501,Yes,OD,0.405
oem_hyundai_Grid_4,HIIB - HYUNDAI,10000078864,PVT CAR(1+3),New,50.001,55.001,1001,1501,Yes,OD,0.455
oem_hyundai_Grid_4,HIIB - HYUNDAI,10000078864,PVT CAR(1+3),New,45.001,50.001,1001,1501,Yes,OD,0.505
oem_hyundai_Grid_4,HIIB - HYUNDAI,10000078864,PVT CAR(1+3),New,40.001,45.001,1001,1501,Yes,OD,0.555
oem_hyundai_Grid_4,HIIB - HYUNDAI,10000078864,PVT CAR(1+3),New,0.0,40.001,1001,1501,Yes,OD,0.605
oem_hyundai_Grid_4,HIIB - HYUNDAI,10000078864,PVT CAR(1+3),New,85.001,100.001,1501,999999999,Yes,OD,0.0
oem_hyundai_Grid_4,HIIB - HYUNDAI,10000078864,PVT CAR(1+3),New,55.001,85.001,1501,999999999,Yes,OD,0.405
oem_hyundai_Grid_4,HIIB - HYUNDAI,10000078864,PVT CAR(1+3),New,50.001,55.001,1501,999999999,Yes,OD,0.455
oem_hyundai_Grid_4,HIIB - HYUNDAI,10000078864,PVT CAR(1+3),New,45.001,50.001,1501,999999999,Yes,OD,0.505
oem_hyundai_Grid_4,HIIB - HYUNDAI,10000078864,PVT CAR(1+3),New,40.001,45.001,1501,999999999,Yes,OD,0.555
oem_hyundai_Grid_4,HIIB - HYUNDAI,10000078864,PVT CAR(1+3),New,0.0,40.001,1501,999999999,Yes,OD,0.605
oem_hyundai_Grid_4,HIIB - HYUNDAI,10000078865,PVT CAR,"Renewal, Roll Over",0.0,100.001,-999,1001,Yes,OD,0.0
oem_hyundai_Grid_4,HIIB - HYUNDAI,10000078865,PVT CAR,"Renewal, Roll Over",0.0,100.001,1001,1501,Yes,OD,0.0
oem_hyundai_Grid_4,HIIB - HYUNDAI,10000078865,PVT CAR,"Renewal, Roll Over",0.0,100.001,1501,999999999,Yes,OD,0.0
oem_hyundai_Grid_4,HIIB - HYUNDAI,10000078865,PVT CAR(1+1),"Renewal, Roll Over",0.0,100.001,-999,1001,Yes,OD,0.0
oem_hyundai_Grid_4,HIIB - HYUNDAI,10000078865,PVT CAR(1+1),"Renewal, Roll Over",0.0,100.001,1001,1501,Yes,OD,0.0
oem_hyundai_Grid_4,HIIB - HYUNDAI,10000078865,PVT CAR(1+1),"Renewal, Roll Over",0.0,100.001,1501,999999999,Yes,OD,0.0
oem_hyundai_Grid_4,HIIB - HYUNDAI,10000078865,PVT CAR(1+3),New,0.0,100.001,-999,1001,Yes,OD,0.0
oem_hyundai_Grid_4,HIIB - HYUNDAI,10000078865,PVT CAR(1+3),New,0.0,100.001,1001,1501,Yes,OD,0.0
oem_hyundai_Grid_4,HIIB - HYUNDAI,10000078865,PVT CAR(1+3),New,0.0,100.001,1501,999999999,Yes,OD,0.0
oem_hyundai_Grid_4,HIIB - HYUNDAI,10000078866,PVT CAR,"Renewal, Roll Over",0.0,100.001,-999,1001,Yes,OD,0.0
oem_hyundai_Grid_4,HIIB - HYUNDAI,10000078866,PVT CAR,"Renewal, Roll Over",0.0,100.001,1001,1501,Yes,OD,0.0
oem_hyundai_Grid_4,HIIB - HYUNDAI,10000078866,PVT CAR,"Renewal, Roll Over",0.0,100.001,1501,999999999,Yes,OD,0.0
oem_hyundai_Grid_4,HIIB - HYUNDAI,10000078866,PVT CAR(1+1),"Renewal, Roll Over",85.001,100.001,-999,1001,Yes,OD,0.0
oem_hyundai_Grid_4,HIIB - HYUNDAI,10000078866,PVT CAR(1+1),"Renewal, Roll Over",0.0,85.001,-999,1001,Yes,OD,0.105
oem_hyundai_Grid_4,HIIB - HYUNDAI,10000078866,PVT CAR(1+1),"Renewal, Roll Over",85.001,100.001,1001,1501,Yes,OD,0.0
oem_hyundai_Grid_4,HIIB - HYUNDAI,10000078866,PVT CAR(1+1),"Renewal, Roll Over",0.0,85.001,1001,1501,Yes,OD,0.105
oem_hyundai_Grid_4,HIIB - HYUNDAI,10000078866,PVT CAR(1+1),"Renewal, Roll Over",85.001,100.001,1501,999999999,Yes,OD,0.0
oem_hyundai_Grid_4,HIIB - HYUNDAI,10000078866,PVT CAR(1+1),"Renewal, Roll Over",0.0,85.001,1501,999999999,Yes,OD,0.105
oem_hyundai_Grid_4,HIIB - HYUNDAI,10000078866,PVT CAR(1+3),New,85.001,100.001,-999,1001,Yes,OD,0.0
oem_hyundai_Grid_4,HIIB - HYUNDAI,10000078866,PVT CAR(1+3),New,0.0,85.001,-999,1001,Yes,OD,0.255
oem_hyundai_Grid_4,HIIB - HYUNDAI,10000078866,PVT CAR(1+3),New,85.001,100.001,1001,1501,Yes,OD,0.0
oem_hyundai_Grid_4,HIIB - HYUNDAI,10000078866,PVT CAR(1+3),New,0.0,85.001,1001,1501,Yes,OD,0.255
oem_hyundai_Grid_4,HIIB - HYUNDAI,10000078866,PVT CAR(1+3),New,85.001,100.001,1501,999999999,Yes,OD,0.0
oem_hyundai_Grid_4,HIIB - HYUNDAI,10000078866,PVT CAR(1+3),New,0.0,85.001,1501,999999999,Yes,OD,0.255
oem_hyundai_Grid_4,HIIB - HYUNDAI,10000078868,PVT CAR,"Renewal, Roll Over",0.0,100.001,-999,1001,Yes,OD,0.0
oem_hyundai_Grid_4,HIIB - HYUNDAI,10000078868,PVT CAR,"Renewal, Roll Over",0.0,100.001,1001,1501,Yes,OD,0.0
oem_hyundai_Grid_4,HIIB - HYUNDAI,10000078868,PVT CAR,"Renewal, Roll Over",0.0,100.001,1501,999999999,Yes,OD,0.0
oem_hyundai_Grid_4,HIIB - HYUNDAI,10000078868,PVT CAR(1+1),"Renewal, Roll Over",85.001,100.001,-999,1001,Yes,OD,0.0
oem_hyundai_Grid_4,HIIB - HYUNDAI,10000078868,PVT CAR(1+1),"Renewal, Roll Over",0.0,85.001,-999,1001,Yes,OD,0.1049999999999999
oem_hyundai_Grid_4,HIIB - HYUNDAI,10000078868,PVT CAR(1+1),"Renewal, Roll Over",85.001,100.001,1001,1501,Yes,OD,0.0
oem_hyundai_Grid_4,HIIB - HYUNDAI,10000078868,PVT CAR(1+1),"Renewal, Roll Over",0.0,85.001,1001,1501,Yes,OD,0.1049999999999999
oem_hyundai_Grid_4,HIIB - HYUNDAI,10000078868,PVT CAR(1+1),"Renewal, Roll Over",85.001,100.001,1501,999999999,Yes,OD,0.0
oem_hyundai_Grid_4,HIIB - HYUNDAI,10000078868,PVT CAR(1+1),"Renewal, Roll Over",0.0,85.001,1501,999999999,Yes,OD,0.1049999999999999
oem_hyundai_Grid_4,HIIB - HYUNDAI,10000078868,PVT CAR(1+3),New,85.001,100.001,-999,1001,Yes,OD,0.0
oem_hyundai_Grid_4,HIIB - HYUNDAI,10000078868,PVT CAR(1+3),New,0.0,85.001,-999,1001,Yes,OD,0.255
oem_hyundai_Grid_4,HIIB - HYUNDAI,10000078868,PVT CAR(1+3),New,85.001,100.001,1001,1501,Yes,OD,0.0
oem_hyundai_Grid_4,HIIB - HYUNDAI,10000078868,PVT CAR(1+3),New,0.0,85.001,1001,1501,Yes,OD,0.255
oem_hyundai_Grid_4,HIIB - HYUNDAI,10000078868,PVT CAR(1+3),New,85.001,100.001,1501,999999999,Yes,OD,0.0
oem_hyundai_Grid_4,HIIB - HYUNDAI,10000078868,PVT CAR(1+3),New,0.0,85.001,1501,999999999,Yes,OD,0.255
oem_hyundai_Grid_4,HIIB - HYUNDAI,10000078869,PVT CAR,"Renewal, Roll Over",0.0,100.001,-999,1001,Yes,OD,0.0
oem_hyundai_Grid_4,HIIB - HYUNDAI,10000078869,PVT CAR,"Renewal, Roll Over",0.0,100.001,1001,1501,Yes,OD,0.0
oem_hyundai_Grid_4,HIIB - HYUNDAI,10000078869,PVT CAR,"Renewal, Roll Over",0.0,100.001,1501,999999999,Yes,OD,0.0
oem_hyundai_Grid_4,HIIB - HYUNDAI,10000078869,PVT CAR(1+1),"Renewal, Roll Over",70.001,100.001,-999,1001,Yes,OD,0.0
oem_hyundai_Grid_4,HIIB - HYUNDAI,10000078869,PVT CAR(1+1),"Renewal, Roll Over",0.0,70.001,-999,1001,Yes,OD,0.0549999999999999
oem_hyundai_Grid_4,HIIB - HYUNDAI,10000078869,PVT CAR(1+1),"Renewal, Roll Over",70.001,100.001,1001,1501,Yes,OD,0.0
oem_hyundai_Grid_4,HIIB - HYUNDAI,10000078869,PVT CAR(1+1),"Renewal, Roll Over",0.0,70.001,1001,1501,Yes,OD,0.0549999999999999
oem_hyundai_Grid_4,HIIB - HYUNDAI,10000078869,PVT CAR(1+1),"Renewal, Roll Over",70.001,100.001,1501,999999999,Yes,OD,0.0
oem_hyundai_Grid_4,HIIB - HYUNDAI,10000078869,PVT CAR(1+1),"Renewal, Roll Over",0.0,70.001,1501,999999999,Yes,OD,0.0549999999999999
oem_hyundai_Grid_4,HIIB - HYUNDAI,10000078869,PVT CAR(1+3),New,85.001,100.001,-999,1001,Yes,OD,0.0
oem_hyundai_Grid_4,HIIB - HYUNDAI,10000078869,PVT CAR(1+3),New,55.001,85.001,-999,1001,Yes,OD,0.4049999999999999
oem_hyundai_Grid_4,HIIB - HYUNDAI,10000078869,PVT CAR(1+3),New,50.001,55.001,-999,1001,Yes,OD,0.455
oem_hyundai_Grid_4,HIIB - HYUNDAI,10000078869,PVT CAR(1+3),New,45.001,50.001,-999,1001,Yes,OD,0.5049999999999999
oem_hyundai_Grid_4,HIIB - HYUNDAI,10000078869,PVT CAR(1+3),New,40.001,45.001,-999,1001,Yes,OD,0.5549999999999999
oem_hyundai_Grid_4,HIIB - HYUNDAI,10000078869,PVT CAR(1+3),New,0.0,40.001,-999,1001,Yes,OD,0.605
oem_hyundai_Grid_4,HIIB - HYUNDAI,10000078869,PVT CAR(1+3),New,85.001,100.001,1001,1501,Yes,OD,0.0
oem_hyundai_Grid_4,HIIB - HYUNDAI,10000078869,PVT CAR(1+3),New,55.001,85.001,1001,1501,Yes,OD,0.4049999999999999
oem_hyundai_Grid_4,HIIB - HYUNDAI,10000078869,PVT CAR(1+3),New,50.001,55.001,1001,1501,Yes,OD,0.455
oem_hyundai_Grid_4,HIIB - HYUNDAI,10000078869,PVT CAR(1+3),New,45.001,50.001,1001,1501,Yes,OD,0.5049999999999999
oem_hyundai_Grid_4,HIIB - HYUNDAI,10000078869,PVT CAR(1+3),New,40.001,45.001,1001,1501,Yes,OD,0.5549999999999999
oem_hyundai_Grid_4,HIIB - HYUNDAI,10000078869,PVT CAR(1+3),New,0.0,40.001,1001,1501,Yes,OD,0.605
oem_hyundai_Grid_4,HIIB - HYUNDAI,10000078869,PVT CAR(1+3),New,85.001,100.001,1501,999999999,Yes,OD,0.0
oem_hyundai_Grid_4,HIIB - HYUNDAI,10000078869,PVT CAR(1+3),New,55.001,85.001,1501,999999999,Yes,OD,0.4049999999999999
oem_hyundai_Grid_4,HIIB - HYUNDAI,10000078869,PVT CAR(1+3),New,50.001,55.001,1501,999999999,Yes,OD,0.455
oem_hyundai_Grid_4,HIIB - HYUNDAI,10000078869,PVT CAR(1+3),New,45.001,50.001,1501,999999999,Yes,OD,0.5049999999999999
oem_hyundai_Grid_4,HIIB - HYUNDAI,10000078869,PVT CAR(1+3),New,40.001,45.001,1501,999999999,Yes,OD,0.5549999999999999
oem_hyundai_Grid_4,HIIB - HYUNDAI,10000078869,PVT CAR(1+3),New,0.0,40.001,1501,999999999,Yes,OD,0.605
oem_hyundai_Grid_4,HIIB - HYUNDAI,10000078870,PVT CAR,"Renewal, Roll Over",0.0,100.001,-999,1001,Yes,OD,0.0
oem_hyundai_Grid_4,HIIB - HYUNDAI,10000078870,PVT CAR,"Renewal, Roll Over",0.0,100.001,1001,1501,Yes,OD,0.0
oem_hyundai_Grid_4,HIIB - HYUNDAI,10000078870,PVT CAR,"Renewal, Roll Over",0.0,100.001,1501,999999999,Yes,OD,0.0
oem_hyundai_Grid_4,HIIB - HYUNDAI,10000078870,PVT CAR(1+1),"Renewal, Roll Over",85.001,100.001,-999,1001,Yes,OD,0.0
oem_hyundai_Grid_4,HIIB - HYUNDAI,10000078870,PVT CAR(1+1),"Renewal, Roll Over",0.0,85.001,-999,1001,Yes,OD,0.1049999999999999
oem_hyundai_Grid_4,HIIB - HYUNDAI,10000078870,PVT CAR(1+1),"Renewal, Roll Over",85.001,100.001,1001,1501,Yes,OD,0.0
oem_hyundai_Grid_4,HIIB - HYUNDAI,10000078870,PVT CAR(1+1),"Renewal, Roll Over",0.0,85.001,1001,1501,Yes,OD,0.1049999999999999
oem_hyundai_Grid_4,HIIB - HYUNDAI,10000078870,PVT CAR(1+1),"Renewal, Roll Over",85.001,100.001,1501,999999999,Yes,OD,0.0
oem_hyundai_Grid_4,HIIB - HYUNDAI,10000078870,PVT CAR(1+1),"Renewal, Roll Over",0.0,85.001,1501,999999999,Yes,OD,0.1049999999999999
oem_hyundai_Grid_4,HIIB - HYUNDAI,10000078870,PVT CAR(1+3),New,85.001,100.001,-999,1001,Yes,OD,0.0
oem_hyundai_Grid_4,HIIB - HYUNDAI,10000078870,PVT CAR(1+3),New,0.0,85.001,-999,1001,Yes,OD,0.255
oem_hyundai_Grid_4,HIIB - HYUNDAI,10000078870,PVT CAR(1+3),New,85.001,100.001,1001,1501,Yes,OD,0.0
oem_hyundai_Grid_4,HIIB - HYUNDAI,10000078870,PVT CAR(1+3),New,0.0,85.001,1001,1501,Yes,OD,0.255
oem_hyundai_Grid_4,HIIB - HYUNDAI,10000078870,PVT CAR(1+3),New,85.001,100.001,1501,999999999,Yes,OD,0.0
oem_hyundai_Grid_4,HIIB - HYUNDAI,10000078870,PVT CAR(1+3),New,0.0,85.001,1501,999999999,Yes,OD,0.255
oem_hyundai_Grid_4,HIIB - HYUNDAI,10000078871,PVT CAR,"Renewal, Roll Over",0.0,100.001,-999,1001,Yes,OD,0.0
oem_hyundai_Grid_4,HIIB - HYUNDAI,10000078871,PVT CAR,"Renewal, Roll Over",0.0,100.001,1001,1501,Yes,OD,0.0
oem_hyundai_Grid_4,HIIB - HYUNDAI,10000078871,PVT CAR,"Renewal, Roll Over",0.0,100.001,1501,999999999,Yes,OD,0.0
oem_hyundai_Grid_4,HIIB - HYUNDAI,10000078871,PVT CAR(1+1),"Renewal, Roll Over",70.001,100.001,-999,1001,Yes,OD,0.0
oem_hyundai_Grid_4,HIIB - HYUNDAI,10000078871,PVT CAR(1+1),"Renewal, Roll Over",0.0,70.001,-999,1001,Yes,OD,0.0549999999999999
oem_hyundai_Grid_4,HIIB - HYUNDAI,10000078871,PVT CAR(1+1),"Renewal, Roll Over",70.001,100.001,1001,1501,Yes,OD,0.0
oem_hyundai_Grid_4,HIIB - HYUNDAI,10000078871,PVT CAR(1+1),"Renewal, Roll Over",0.0,70.001,1001,1501,Yes,OD,0.0549999999999999
oem_hyundai_Grid_4,HIIB - HYUNDAI,10000078871,PVT CAR(1+1),"Renewal, Roll Over",70.001,100.001,1501,999999999,Yes,OD,0.0
oem_hyundai_Grid_4,HIIB - HYUNDAI,10000078871,PVT CAR(1+1),"Renewal, Roll Over",0.0,70.001,1501,999999999,Yes,OD,0.0549999999999999
oem_hyundai_Grid_4,HIIB - HYUNDAI,10000078871,PVT CAR(1+3),New,85.001,100.001,-999,1001,Yes,OD,0.0
oem_hyundai_Grid_4,HIIB - HYUNDAI,10000078871,PVT CAR(1+3),New,55.001,85.001,-999,1001,Yes,OD,0.405
oem_hyundai_Grid_4,HIIB - HYUNDAI,10000078871,PVT CAR(1+3),New,50.001,55.001,-999,1001,Yes,OD,0.455
oem_hyundai_Grid_4,HIIB - HYUNDAI,10000078871,PVT CAR(1+3),New,45.001,50.001,-999,1001,Yes,OD,0.505
oem_hyundai_Grid_4,HIIB - HYUNDAI,10000078871,PVT CAR(1+3),New,40.001,45.001,-999,1001,Yes,OD,0.555
oem_hyundai_Grid_4,HIIB - HYUNDAI,10000078871,PVT CAR(1+3),New,0.0,40.001,-999,1001,Yes,OD,0.605
oem_hyundai_Grid_4,HIIB - HYUNDAI,10000078871,PVT CAR(1+3),New,85.001,100.001,1001,1501,Yes,OD,0.0
oem_hyundai_Grid_4,HIIB - HYUNDAI,10000078871,PVT CAR(1+3),New,55.001,85.001,1001,1501,Yes,OD,0.405
oem_hyundai_Grid_4,HIIB - HYUNDAI,10000078871,PVT CAR(1+3),New,50.001,55.001,1001,1501,Yes,OD,0.455
oem_hyundai_Grid_4,HIIB - HYUNDAI,10000078871,PVT CAR(1+3),New,45.001,50.001,1001,1501,Yes,OD,0.505
oem_hyundai_Grid_4,HIIB - HYUNDAI,10000078871,PVT CAR(1+3),New,40.001,45.001,1001,1501,Yes,OD,0.555
oem_hyundai_Grid_4,HIIB - HYUNDAI,10000078871,PVT CAR(1+3),New,0.0,40.001,1001,1501,Yes,OD,0.605
oem_hyundai_Grid_4,HIIB - HYUNDAI,10000078871,PVT CAR(1+3),New,85.001,100.001,1501,999999999,Yes,OD,0.0
oem_hyundai_Grid_4,HIIB - HYUNDAI,10000078871,PVT CAR(1+3),New,55.001,85.001,1501,999999999,Yes,OD,0.405
oem_hyundai_Grid_4,HIIB - HYUNDAI,10000078871,PVT CAR(1+3),New,50.001,55.001,1501,999999999,Yes,OD,0.455
oem_hyundai_Grid_4,HIIB - HYUNDAI,10000078871,PVT CAR(1+3),New,45.001,50.001,1501,999999999,Yes,OD,0.505
oem_hyundai_Grid_4,HIIB - HYUNDAI,10000078871,PVT CAR(1+3),New,40.001,45.001,1501,999999999,Yes,OD,0.555
oem_hyundai_Grid_4,HIIB - HYUNDAI,10000078871,PVT CAR(1+3),New,0.0,40.001,1501,999999999,Yes,OD,0.605
oem_hyundai_Grid_4,HIIB - HYUNDAI,10000078872,PCV-TAXI,ANY,75.001,100.001,-999,999999999,Yes,OD,0.0
oem_hyundai_Grid_4,HIIB - HYUNDAI,10000078872,PCV-TAXI,ANY,0.0,75.001,-999,999999999,Yes,OD,0.2
oem_hyundai_Grid_4,HIIB - HYUNDAI,10000078872,PVT CAR,"Renewal, Roll Over",0.0,100.001,-999,1001,Yes,OD,0.0
oem_hyundai_Grid_4,HIIB - HYUNDAI,10000078872,PVT CAR,"Renewal, Roll Over",0.0,100.001,1001,1501,Yes,OD,0.0
oem_hyundai_Grid_4,HIIB - HYUNDAI,10000078872,PVT CAR,"Renewal, Roll Over",0.0,100.001,1501,999999999,Yes,OD,0.0
oem_hyundai_Grid_4,HIIB - HYUNDAI,10000078872,PVT CAR(1+1),"Renewal, Roll Over",70.001,100.001,-999,1001,Yes,OD,0.0
oem_hyundai_Grid_4,HIIB - HYUNDAI,10000078872,PVT CAR(1+1),"Renewal, Roll Over",0.0,70.001,-999,1001,Yes,OD,0.0549999999999999
oem_hyundai_Grid_4,HIIB - HYUNDAI,10000078872,PVT CAR(1+1),"Renewal, Roll Over",70.001,100.001,1001,1501,Yes,OD,0.0
oem_hyundai_Grid_4,HIIB - HYUNDAI,10000078872,PVT CAR(1+1),"Renewal, Roll Over",0.0,70.001,1001,1501,Yes,OD,0.0549999999999999
oem_hyundai_Grid_4,HIIB - HYUNDAI,10000078872,PVT CAR(1+1),"Renewal, Roll Over",70.001,100.001,1501,999999999,Yes,OD,0.0
oem_hyundai_Grid_4,HIIB - HYUNDAI,10000078872,PVT CAR(1+1),"Renewal, Roll Over",0.0,70.001,1501,999999999,Yes,OD,0.0549999999999999
oem_hyundai_Grid_4,HIIB - HYUNDAI,10000078872,PVT CAR(1+3),New,85.001,100.001,-999,1001,Yes,OD,0.0
oem_hyundai_Grid_4,HIIB - HYUNDAI,10000078872,PVT CAR(1+3),New,55.001,85.001,-999,1001,Yes,OD,0.405
oem_hyundai_Grid_4,HIIB - HYUNDAI,10000078872,PVT CAR(1+3),New,50.001,55.001,-999,1001,Yes,OD,0.455
oem_hyundai_Grid_4,HIIB - HYUNDAI,10000078872,PVT CAR(1+3),New,45.001,50.001,-999,1001,Yes,OD,0.505
oem_hyundai_Grid_4,HIIB - HYUNDAI,10000078872,PVT CAR(1+3),New,40.001,45.001,-999,1001,Yes,OD,0.555
oem_hyundai_Grid_4,HIIB - HYUNDAI,10000078872,PVT CAR(1+3),New,0.0,40.001,-999,1001,Yes,OD,0.605
oem_hyundai_Grid_4,HIIB - HYUNDAI,10000078872,PVT CAR(1+3),New,85.001,100.001,1001,1501,Yes,OD,0.0
oem_hyundai_Grid_4,HIIB - HYUNDAI,10000078872,PVT CAR(1+3),New,55.001,85.001,1001,1501,Yes,OD,0.405
oem_hyundai_Grid_4,HIIB - HYUNDAI,10000078872,PVT CAR(1+3),New,50.001,55.001,1001,1501,Yes,OD,0.455
oem_hyundai_Grid_4,HIIB - HYUNDAI,10000078872,PVT CAR(1+3),New,45.001,50.001,1001,1501,Yes,OD,0.505
oem_hyundai_Grid_4,HIIB - HYUNDAI,10000078872,PVT CAR(1+3),New,40.001,45.001,1001,1501,Yes,OD,0.555
oem_hyundai_Grid_4,HIIB - HYUNDAI,10000078872,PVT CAR(1+3),New,0.0,40.001,1001,1501,Yes,OD,0.605
oem_hyundai_Grid_4,HIIB - HYUNDAI,10000078872,PVT CAR(1+3),New,85.001,100.001,1501,999999999,Yes,OD,0.0
oem_hyundai_Grid_4,HIIB - HYUNDAI,10000078872,PVT CAR(1+3),New,55.001,85.001,1501,999999999,Yes,OD,0.405
oem_hyundai_Grid_4,HIIB - HYUNDAI,10000078872,PVT CAR(1+3),New,50.001,55.001,1501,999999999,Yes,OD,0.455
oem_hyundai_Grid_4,HIIB - HYUNDAI,10000078872,PVT CAR(1+3),New,45.001,50.001,1501,999999999,Yes,OD,0.505
oem_hyundai_Grid_4,HIIB - HYUNDAI,10000078872,PVT CAR(1+3),New,40.001,45.001,1501,999999999,Yes,OD,0.555
oem_hyundai_Grid_4,HIIB - HYUNDAI,10000078872,PVT CAR(1+3),New,0.0,40.001,1501,999999999,Yes,OD,0.605
oem_hyundai_Grid_4,HIIB - HYUNDAI,10000078876,PVT CAR,"Renewal, Roll Over",0.0,100.001,-999,1001,Yes,OD,0.0
oem_hyundai_Grid_4,HIIB - HYUNDAI,10000078876,PVT CAR,"Renewal, Roll Over",0.0,100.001,1001,1501,Yes,OD,0.0
oem_hyundai_Grid_4,HIIB - HYUNDAI,10000078876,PVT CAR,"Renewal, Roll Over",0.0,100.001,1501,999999999,Yes,OD,0.0
oem_hyundai_Grid_4,HIIB - HYUNDAI,10000078876,PVT CAR(1+1),"Renewal, Roll Over",0.0,100.001,-999,1001,Yes,OD,0.0
oem_hyundai_Grid_4,HIIB - HYUNDAI,10000078876,PVT CAR(1+1),"Renewal, Roll Over",0.0,100.001,1001,1501,Yes,OD,0.0
oem_hyundai_Grid_4,HIIB - HYUNDAI,10000078876,PVT CAR(1+1),"Renewal, Roll Over",0.0,100.001,1501,999999999,Yes,OD,0.0
oem_hyundai_Grid_4,HIIB - HYUNDAI,10000078876,PVT CAR(1+3),New,0.0,100.001,-999,1001,Yes,OD,0.0
oem_hyundai_Grid_4,HIIB - HYUNDAI,10000078876,PVT CAR(1+3),New,0.0,100.001,1001,1501,Yes,OD,0.0
oem_hyundai_Grid_4,HIIB - HYUNDAI,10000078876,PVT CAR(1+3),New,0.0,100.001,1501,999999999,Yes,OD,0.0
oem_hyundai_Grid_4,HIIB - HYUNDAI,10000078880,PVT CAR,"Renewal, Roll Over",0.0,100.001,-999,1001,Yes,OD,0.0
oem_hyundai_Grid_4,HIIB - HYUNDAI,10000078880,PVT CAR,"Renewal, Roll Over",0.0,100.001,1001,1501,Yes,OD,0.0
oem_hyundai_Grid_4,HIIB - HYUNDAI,10000078880,PVT CAR,"Renewal, Roll Over",0.0,100.001,1501,999999999,Yes,OD,0.0
oem_hyundai_Grid_4,HIIB - HYUNDAI,10000078880,PVT CAR(1+1),"Renewal, Roll Over",0.0,100.001,-999,1001,Yes,OD,0.0
oem_hyundai_Grid_4,HIIB - HYUNDAI,10000078880,PVT CAR(1+1),"Renewal, Roll Over",0.0,100.001,1001,1501,Yes,OD,0.0
oem_hyundai_Grid_4,HIIB - HYUNDAI,10000078880,PVT CAR(1+1),"Renewal, Roll Over",0.0,100.001,1501,999999999,Yes,OD,0.0
oem_hyundai_Grid_4,HIIB - HYUNDAI,10000078880,PVT CAR(1+3),New,0.0,100.001,-999,1001,Yes,OD,0.0
oem_hyundai_Grid_4,HIIB - HYUNDAI,10000078880,PVT CAR(1+3),New,0.0,100.001,1001,1501,Yes,OD,0.0
oem_hyundai_Grid_4,HIIB - HYUNDAI,10000078880,PVT CAR(1+3),New,0.0,100.001,1501,999999999,Yes,OD,0.0
oem_hyundai_Grid_4,HIIB - HYUNDAI,10000078885,PCV-TAXI,ANY,85.001,100.001,-999,999999999,Yes,OD,0.0
oem_hyundai_Grid_4,HIIB - HYUNDAI,10000078885,PCV-TAXI,ANY,0.0,85.001,-999,999999999,Yes,OD,0.105
oem_hyundai_Grid_4,HIIB - HYUNDAI,10000078885,PVT CAR,"Renewal, Roll Over",0.0,100.001,-999,1001,Yes,OD,0.0
oem_hyundai_Grid_4,HIIB - HYUNDAI,10000078885,PVT CAR,"Renewal, Roll Over",0.0,100.001,1001,1501,Yes,OD,0.0
oem_hyundai_Grid_4,HIIB - HYUNDAI,10000078885,PVT CAR,"Renewal, Roll Over",0.0,100.001,1501,999999999,Yes,OD,0.0
oem_hyundai_Grid_4,HIIB - HYUNDAI,10000078885,PVT CAR(1+1),"Renewal, Roll Over",85.001,100.001,-999,1001,Yes,OD,0.0
oem_hyundai_Grid_4,HIIB - HYUNDAI,10000078885,PVT CAR(1+1),"Renewal, Roll Over",0.0,85.001,-999,1001,Yes,OD,0.1049999999999999
oem_hyundai_Grid_4,HIIB - HYUNDAI,10000078885,PVT CAR(1+1),"Renewal, Roll Over",85.001,100.001,1001,1501,Yes,OD,0.0
oem_hyundai_Grid_4,HIIB - HYUNDAI,10000078885,PVT CAR(1+1),"Renewal, Roll Over",0.0,85.001,1001,1501,Yes,OD,0.1049999999999999
oem_hyundai_Grid_4,HIIB - HYUNDAI,10000078885,PVT CAR(1+1),"Renewal, Roll Over",85.001,100.001,1501,999999999,Yes,OD,0.0
oem_hyundai_Grid_4,HIIB - HYUNDAI,10000078885,PVT CAR(1+1),"Renewal, Roll Over",0.0,85.001,1501,999999999,Yes,OD,0.1049999999999999
oem_hyundai_Grid_4,HIIB - HYUNDAI,10000078885,PVT CAR(1+3),New,85.001,100.001,-999,1001,Yes,OD,0.0
oem_hyundai_Grid_4,HIIB - HYUNDAI,10000078885,PVT CAR(1+3),New,0.0,85.001,-999,1001,Yes,OD,0.355
oem_hyundai_Grid_4,HIIB - HYUNDAI,10000078885,PVT CAR(1+3),New,85.001,100.001,1001,1501,Yes,OD,0.0
oem_hyundai_Grid_4,HIIB - HYUNDAI,10000078885,PVT CAR(1+3),New,0.0,85.001,1001,1501,Yes,OD,0.355
oem_hyundai_Grid_4,HIIB - HYUNDAI,10000078885,PVT CAR(1+3),New,85.001,100.001,1501,999999999,Yes,OD,0.0
oem_hyundai_Grid_4,HIIB - HYUNDAI,10000078885,PVT CAR(1+3),New,0.0,85.001,1501,999999999,Yes,OD,0.355
oem_hyundai_Grid_4,HIIB - HYUNDAI,10000078886,PVT CAR,"Renewal, Roll Over",0.0,100.001,-999,1001,Yes,OD,0.0
oem_hyundai_Grid_4,HIIB - HYUNDAI,10000078886,PVT CAR,"Renewal, Roll Over",0.0,100.001,1001,1501,Yes,OD,0.0
oem_hyundai_Grid_4,HIIB - HYUNDAI,10000078886,PVT CAR,"Renewal, Roll Over",0.0,100.001,1501,999999999,Yes,OD,0.0
oem_hyundai_Grid_4,HIIB - HYUNDAI,10000078886,PVT CAR(1+1),"Renewal, Roll Over",85.001,100.001,-999,1001,Yes,OD,0.0
oem_hyundai_Grid_4,HIIB - HYUNDAI,10000078886,PVT CAR(1+1),"Renewal, Roll Over",0.0,85.001,-999,1001,Yes,OD,0.1049999999999999
oem_hyundai_Grid_4,HIIB - HYUNDAI,10000078886,PVT CAR(1+1),"Renewal, Roll Over",85.001,100.001,1001,1501,Yes,OD,0.0
oem_hyundai_Grid_4,HIIB - HYUNDAI,10000078886,PVT CAR(1+1),"Renewal, Roll Over",0.0,85.001,1001,1501,Yes,OD,0.1049999999999999
oem_hyundai_Grid_4,HIIB - HYUNDAI,10000078886,PVT CAR(1+1),"Renewal, Roll Over",85.001,100.001,1501,999999999,Yes,OD,0.0
oem_hyundai_Grid_4,HIIB - HYUNDAI,10000078886,PVT CAR(1+1),"Renewal, Roll Over",0.0,85.001,1501,999999999,Yes,OD,0.1049999999999999
oem_hyundai_Grid_4,HIIB - HYUNDAI,10000078886,PVT CAR(1+3),New,85.001,100.001,-999,1001,Yes,OD,0.0
oem_hyundai_Grid_4,HIIB - HYUNDAI,10000078886,PVT CAR(1+3),New,0.0,85.001,-999,1001,Yes,OD,0.255
oem_hyundai_Grid_4,HIIB - HYUNDAI,10000078886,PVT CAR(1+3),New,85.001,100.001,1001,1501,Yes,OD,0.0
oem_hyundai_Grid_4,HIIB - HYUNDAI,10000078886,PVT CAR(1+3),New,0.0,85.001,1001,1501,Yes,OD,0.255
oem_hyundai_Grid_4,HIIB - HYUNDAI,10000078886,PVT CAR(1+3),New,85.001,100.001,1501,999999999,Yes,OD,0.0
oem_hyundai_Grid_4,HIIB - HYUNDAI,10000078886,PVT CAR(1+3),New,0.0,85.001,1501,999999999,Yes,OD,0.255
oem_hyundai_Grid_4,HIIB - HYUNDAI,10000078887,PCV-TAXI,ANY,85.001,100.001,-999,999999999,Yes,OD,0.0
oem_hyundai_Grid_4,HIIB - HYUNDAI,10000078887,PCV-TAXI,ANY,0.0,85.001,-999,999999999,Yes,OD,0.105
oem_hyundai_Grid_4,HIIB - HYUNDAI,10000078887,PVT CAR,"Renewal, Roll Over",0.0,100.001,-999,1001,Yes,OD,0.0
oem_hyundai_Grid_4,HIIB - HYUNDAI,10000078887,PVT CAR,"Renewal, Roll Over",0.0,100.001,1001,1501,Yes,OD,0.0
oem_hyundai_Grid_4,HIIB - HYUNDAI,10000078887,PVT CAR,"Renewal, Roll Over",0.0,100.001,1501,999999999,Yes,OD,0.0
oem_hyundai_Grid_4,HIIB - HYUNDAI,10000078887,PVT CAR(1+1),"Renewal, Roll Over",85.001,100.001,-999,1001,Yes,OD,0.0
oem_hyundai_Grid_4,HIIB - HYUNDAI,10000078887,PVT CAR(1+1),"Renewal, Roll Over",0.0,85.001,-999,1001,Yes,OD,0.1049999999999999
oem_hyundai_Grid_4,HIIB - HYUNDAI,10000078887,PVT CAR(1+1),"Renewal, Roll Over",85.001,100.001,1001,1501,Yes,OD,0.0
oem_hyundai_Grid_4,HIIB - HYUNDAI,10000078887,PVT CAR(1+1),"Renewal, Roll Over",0.0,85.001,1001,1501,Yes,OD,0.1049999999999999
oem_hyundai_Grid_4,HIIB - HYUNDAI,10000078887,PVT CAR(1+1),"Renewal, Roll Over",85.001,100.001,1501,999999999,Yes,OD,0.0
oem_hyundai_Grid_4,HIIB - HYUNDAI,10000078887,PVT CAR(1+1),"Renewal, Roll Over",0.0,85.001,1501,999999999,Yes,OD,0.1049999999999999
oem_hyundai_Grid_4,HIIB - HYUNDAI,10000078887,PVT CAR(1+3),New,85.001,100.001,-999,1001,Yes,OD,0.0
oem_hyundai_Grid_4,HIIB - HYUNDAI,10000078887,PVT CAR(1+3),New,0.0,85.001,-999,1001,Yes,OD,0.355
oem_hyundai_Grid_4,HIIB - HYUNDAI,10000078887,PVT CAR(1+3),New,85.001,100.001,1001,1501,Yes,OD,0.0
oem_hyundai_Grid_4,HIIB - HYUNDAI,10000078887,PVT CAR(1+3),New,0.0,85.001,1001,1501,Yes,OD,0.355
oem_hyundai_Grid_4,HIIB - HYUNDAI,10000078887,PVT CAR(1+3),New,85.001,100.001,1501,999999999,Yes,OD,0.0
oem_hyundai_Grid_4,HIIB - HYUNDAI,10000078887,PVT CAR(1+3),New,0.0,85.001,1501,999999999,Yes,OD,0.355
oem_hyundai_Grid_4,HIIB - HYUNDAI,10000078888,PVT CAR,"Renewal, Roll Over",0.0,100.001,-999,1001,Yes,OD,0.0
oem_hyundai_Grid_4,HIIB - HYUNDAI,10000078888,PVT CAR,"Renewal, Roll Over",0.0,100.001,1001,1501,Yes,OD,0.0
oem_hyundai_Grid_4,HIIB - HYUNDAI,10000078888,PVT CAR,"Renewal, Roll Over",0.0,100.001,1501,999999999,Yes,OD,0.0
oem_hyundai_Grid_4,HIIB - HYUNDAI,10000078888,PVT CAR(1+1),"Renewal, Roll Over",0.0,100.001,-999,1001,Yes,OD,0.0
oem_hyundai_Grid_4,HIIB - HYUNDAI,10000078888,PVT CAR(1+1),"Renewal, Roll Over",0.0,100.001,1001,1501,Yes,OD,0.0
oem_hyundai_Grid_4,HIIB - HYUNDAI,10000078888,PVT CAR(1+1),"Renewal, Roll Over",0.0,100.001,1501,999999999,Yes,OD,0.0
oem_hyundai_Grid_4,HIIB - HYUNDAI,10000078888,PVT CAR(1+3),New,0.0,100.001,-999,1001,Yes,OD,0.0
oem_hyundai_Grid_4,HIIB - HYUNDAI,10000078888,PVT CAR(1+3),New,0.0,100.001,1001,1501,Yes,OD,0.0
oem_hyundai_Grid_4,HIIB - HYUNDAI,10000078888,PVT CAR(1+3),New,0.0,100.001,1501,999999999,Yes,OD,0.0
oem_hyundai_Grid_4,HIIB - HYUNDAI,10000078889,PVT CAR,"Renewal, Roll Over",0.0,100.001,-999,1001,Yes,OD,0.0
oem_hyundai_Grid_4,HIIB - HYUNDAI,10000078889,PVT CAR,"Renewal, Roll Over",0.0,100.001,1001,1501,Yes,OD,0.0
oem_hyundai_Grid_4,HIIB - HYUNDAI,10000078889,PVT CAR,"Renewal, Roll Over",0.0,100.001,1501,999999999,Yes,OD,0.0
oem_hyundai_Grid_4,HIIB - HYUNDAI,10000078889,PVT CAR(1+1),"Renewal, Roll Over",0.0,100.001,-999,1001,Yes,OD,0.0
oem_hyundai_Grid_4,HIIB - HYUNDAI,10000078889,PVT CAR(1+1),"Renewal, Roll Over",0.0,100.001,1001,1501,Yes,OD,0.0
oem_hyundai_Grid_4,HIIB - HYUNDAI,10000078889,PVT CAR(1+1),"Renewal, Roll Over",0.0,100.001,1501,999999999,Yes,OD,0.0
oem_hyundai_Grid_4,HIIB - HYUNDAI,10000078889,PVT CAR(1+3),New,0.0,100.001,-999,1001,Yes,OD,0.0
oem_hyundai_Grid_4,HIIB - HYUNDAI,10000078889,PVT CAR(1+3),New,0.0,100.001,1001,1501,Yes,OD,0.0
oem_hyundai_Grid_4,HIIB - HYUNDAI,10000078889,PVT CAR(1+3),New,0.0,100.001,1501,999999999,Yes,OD,0.0
oem_hyundai_Grid_4,HIIB - HYUNDAI,10000078890,PVT CAR,"Renewal, Roll Over",0.0,100.001,-999,1001,Yes,OD,0.0
oem_hyundai_Grid_4,HIIB - HYUNDAI,10000078890,PVT CAR,"Renewal, Roll Over",0.0,100.001,1001,1501,Yes,OD,0.0
oem_hyundai_Grid_4,HIIB - HYUNDAI,10000078890,PVT CAR,"Renewal, Roll Over",0.0,100.001,1501,999999999,Yes,OD,0.0
oem_hyundai_Grid_4,HIIB - HYUNDAI,10000078890,PVT CAR(1+1),"Renewal, Roll Over",0.0,100.001,-999,1001,Yes,OD,0.0
oem_hyundai_Grid_4,HIIB - HYUNDAI,10000078890,PVT CAR(1+1),"Renewal, Roll Over",0.0,100.001,1001,1501,Yes,OD,0.0
oem_hyundai_Grid_4,HIIB - HYUNDAI,10000078890,PVT CAR(1+1),"Renewal, Roll Over",0.0,100.001,1501,999999999,Yes,OD,0.0
oem_hyundai_Grid_4,HIIB - HYUNDAI,10000078890,PVT CAR(1+3),New,0.0,100.001,-999,1001,Yes,OD,0.0
oem_hyundai_Grid_4,HIIB - HYUNDAI,10000078890,PVT CAR(1+3),New,0.0,100.001,1001,1501,Yes,OD,0.0
oem_hyundai_Grid_4,HIIB - HYUNDAI,10000078890,PVT CAR(1+3),New,0.0,100.001,1501,999999999,Yes,OD,0.0
oem_hyundai_Grid_4,HIIB - HYUNDAI,10000078891,PVT CAR,"Renewal, Roll Over",0.0,100.001,-999,1001,Yes,OD,0.0
oem_hyundai_Grid_4,HIIB - HYUNDAI,10000078891,PVT CAR,"Renewal, Roll Over",0.0,100.001,1001,1501,Yes,OD,0.0
oem_hyundai_Grid_4,HIIB - HYUNDAI,10000078891,PVT CAR,"Renewal, Roll Over",0.0,100.001,1501,999999999,Yes,OD,0.0
oem_hyundai_Grid_4,HIIB - HYUNDAI,10000078891,PVT CAR(1+1),"Renewal, Roll Over",85.001,100.001,-999,1001,Yes,OD,0.0
oem_hyundai_Grid_4,HIIB - HYUNDAI,10000078891,PVT CAR(1+1),"Renewal, Roll Over",0.0,85.001,-999,1001,Yes,OD,0.1049999999999999
oem_hyundai_Grid_4,HIIB - HYUNDAI,10000078891,PVT CAR(1+1),"Renewal, Roll Over",85.001,100.001,1001,1501,Yes,OD,0.0
oem_hyundai_Grid_4,HIIB - HYUNDAI,10000078891,PVT CAR(1+1),"Renewal, Roll Over",0.0,85.001,1001,1501,Yes,OD,0.1049999999999999
oem_hyundai_Grid_4,HIIB - HYUNDAI,10000078891,PVT CAR(1+1),"Renewal, Roll Over",85.001,100.001,1501,999999999,Yes,OD,0.0
oem_hyundai_Grid_4,HIIB - HYUNDAI,10000078891,PVT CAR(1+1),"Renewal, Roll Over",0.0,85.001,1501,999999999,Yes,OD,0.1049999999999999
oem_hyundai_Grid_4,HIIB - HYUNDAI,10000078891,PVT CAR(1+3),New,85.001,100.001,-999,1001,Yes,OD,0.0
oem_hyundai_Grid_4,HIIB - HYUNDAI,10000078891,PVT CAR(1+3),New,70.001,85.001,-999,1001,Yes,OD,0.255
oem_hyundai_Grid_4,HIIB - HYUNDAI,10000078891,PVT CAR(1+3),New,0.0,70.001,-999,1001,Yes,OD,0.455
oem_hyundai_Grid_4,HIIB - HYUNDAI,10000078891,PVT CAR(1+3),New,85.001,100.001,1001,1501,Yes,OD,0.0
oem_hyundai_Grid_4,HIIB - HYUNDAI,10000078891,PVT CAR(1+3),New,70.001,85.001,1001,1501,Yes,OD,0.255
oem_hyundai_Grid_4,HIIB - HYUNDAI,10000078891,PVT CAR(1+3),New,0.0,70.001,1001,1501,Yes,OD,0.455
oem_hyundai_Grid_4,HIIB - HYUNDAI,10000078891,PVT CAR(1+3),New,85.001,100.001,1501,999999999,Yes,OD,0.0
oem_hyundai_Grid_4,HIIB - HYUNDAI,10000078891,PVT CAR(1+3),New,70.001,85.001,1501,999999999,Yes,OD,0.255
oem_hyundai_Grid_4,HIIB - HYUNDAI,10000078891,PVT CAR(1+3),New,0.0,70.001,1501,999999999,Yes,OD,0.455
oem_hyundai_Grid_4,HIIB - HYUNDAI,10000078892,PVT CAR,"Renewal, Roll Over",0.0,100.001,-999,1001,Yes,OD,0.0
oem_hyundai_Grid_4,HIIB - HYUNDAI,10000078892,PVT CAR,"Renewal, Roll Over",0.0,100.001,1001,1501,Yes,OD,0.0
oem_hyundai_Grid_4,HIIB - HYUNDAI,10000078892,PVT CAR,"Renewal, Roll Over",0.0,100.001,1501,999999999,Yes,OD,0.0
oem_hyundai_Grid_4,HIIB - HYUNDAI,10000078892,PVT CAR(1+1),"Renewal, Roll Over",85.001,100.001,-999,1001,Yes,OD,0.0
oem_hyundai_Grid_4,HIIB - HYUNDAI,10000078892,PVT CAR(1+1),"Renewal, Roll Over",0.0,85.001,-999,1001,Yes,OD,0.1049999999999999
oem_hyundai_Grid_4,HIIB - HYUNDAI,10000078892,PVT CAR(1+1),"Renewal, Roll Over",85.001,100.001,1001,1501,Yes,OD,0.0
oem_hyundai_Grid_4,HIIB - HYUNDAI,10000078892,PVT CAR(1+1),"Renewal, Roll Over",0.0,85.001,1001,1501,Yes,OD,0.1049999999999999
oem_hyundai_Grid_4,HIIB - HYUNDAI,10000078892,PVT CAR(1+1),"Renewal, Roll Over",85.001,100.001,1501,999999999,Yes,OD,0.0
oem_hyundai_Grid_4,HIIB - HYUNDAI,10000078892,PVT CAR(1+1),"Renewal, Roll Over",0.0,85.001,1501,999999999,Yes,OD,0.1049999999999999
oem_hyundai_Grid_4,HIIB - HYUNDAI,10000078892,PVT CAR(1+3),New,85.001,100.001,-999,1001,Yes,OD,0.0
oem_hyundai_Grid_4,HIIB - HYUNDAI,10000078892,PVT CAR(1+3),New,0.0,85.001,-999,1001,Yes,OD,0.255
oem_hyundai_Grid_4,HIIB - HYUNDAI,10000078892,PVT CAR(1+3),New,85.001,100.001,1001,1501,Yes,OD,0.0
oem_hyundai_Grid_4,HIIB - HYUNDAI,10000078892,PVT CAR(1+3),New,0.0,85.001,1001,1501,Yes,OD,0.255
oem_hyundai_Grid_4,HIIB - HYUNDAI,10000078892,PVT CAR(1+3),New,85.001,100.001,1501,999999999,Yes,OD,0.0
oem_hyundai_Grid_4,HIIB - HYUNDAI,10000078892,PVT CAR(1+3),New,0.0,85.001,1501,999999999,Yes,OD,0.255
oem_hyundai_Grid_4,HIIB - HYUNDAI,10000078893,PVT CAR,"Renewal, Roll Over",0.0,100.001,-999,1001,Yes,OD,0.0
oem_hyundai_Grid_4,HIIB - HYUNDAI,10000078893,PVT CAR,"Renewal, Roll Over",0.0,100.001,1001,1501,Yes,OD,0.0
oem_hyundai_Grid_4,HIIB - HYUNDAI,10000078893,PVT CAR,"Renewal, Roll Over",0.0,100.001,1501,999999999,Yes,OD,0.0
oem_hyundai_Grid_4,HIIB - HYUNDAI,10000078893,PVT CAR(1+1),"Renewal, Roll Over",0.0,100.001,-999,1001,Yes,OD,0.0
oem_hyundai_Grid_4,HIIB - HYUNDAI,10000078893,PVT CAR(1+1),"Renewal, Roll Over",0.0,100.001,1001,1501,Yes,OD,0.0
oem_hyundai_Grid_4,HIIB - HYUNDAI,10000078893,PVT CAR(1+1),"Renewal, Roll Over",0.0,100.001,1501,999999999,Yes,OD,0.0
oem_hyundai_Grid_4,HIIB - HYUNDAI,10000078893,PVT CAR(1+3),New,0.0,100.001,-999,1001,Yes,OD,0.0
oem_hyundai_Grid_4,HIIB - HYUNDAI,10000078893,PVT CAR(1+3),New,0.0,100.001,1001,1501,Yes,OD,0.0
oem_hyundai_Grid_4,HIIB - HYUNDAI,10000078893,PVT CAR(1+3),New,0.0,100.001,1501,999999999,Yes,OD,0.0
oem_hyundai_Grid_4,HIIB - HYUNDAI,10000078894,PCV-TAXI,ANY,85.001,100.001,-999,999999999,Yes,OD,0.0
oem_hyundai_Grid_4,HIIB - HYUNDAI,10000078894,PCV-TAXI,ANY,0.0,85.001,-999,999999999,Yes,OD,0.205
oem_hyundai_Grid_4,HIIB - HYUNDAI,10000078894,PVT CAR,"Renewal, Roll Over",0.0,100.001,-999,1001,Yes,OD,0.0
oem_hyundai_Grid_4,HIIB - HYUNDAI,10000078894,PVT CAR,"Renewal, Roll Over",0.0,100.001,1001,1501,Yes,OD,0.0
oem_hyundai_Grid_4,HIIB - HYUNDAI,10000078894,PVT CAR,"Renewal, Roll Over",0.0,100.001,1501,999999999,Yes,OD,0.0
oem_hyundai_Grid_4,HIIB - HYUNDAI,10000078894,PVT CAR(1+1),"Renewal, Roll Over",85.001,100.001,-999,1001,Yes,OD,0.0
oem_hyundai_Grid_4,HIIB - HYUNDAI,10000078894,PVT CAR(1+1),"Renewal, Roll Over",0.0,85.001,-999,1001,Yes,OD,0.07
oem_hyundai_Grid_4,HIIB - HYUNDAI,10000078894,PVT CAR(1+1),"Renewal, Roll Over",85.001,100.001,1001,1501,Yes,OD,0.0
oem_hyundai_Grid_4,HIIB - HYUNDAI,10000078894,PVT CAR(1+1),"Renewal, Roll Over",0.0,85.001,1001,1501,Yes,OD,0.07
oem_hyundai_Grid_4,HIIB - HYUNDAI,10000078894,PVT CAR(1+1),"Renewal, Roll Over",85.001,100.001,1501,999999999,Yes,OD,0.0
oem_hyundai_Grid_4,HIIB - HYUNDAI,10000078894,PVT CAR(1+1),"Renewal, Roll Over",0.0,85.001,1501,999999999,Yes,OD,0.07
oem_hyundai_Grid_4,HIIB - HYUNDAI,10000078894,PVT CAR(1+3),New,85.001,100.001,-999,1001,Yes,OD,0.0
oem_hyundai_Grid_4,HIIB - HYUNDAI,10000078894,PVT CAR(1+3),New,0.0,85.001,-999,1001,Yes,OD,0.4049999999999999
oem_hyundai_Grid_4,HIIB - HYUNDAI,10000078894,PVT CAR(1+3),New,85.001,100.001,1001,1501,Yes,OD,0.0
oem_hyundai_Grid_4,HIIB - HYUNDAI,10000078894,PVT CAR(1+3),New,0.0,85.001,1001,1501,Yes,OD,0.4049999999999999
oem_hyundai_Grid_4,HIIB - HYUNDAI,10000078894,PVT CAR(1+3),New,85.001,100.001,1501,999999999,Yes,OD,0.0
oem_hyundai_Grid_4,HIIB - HYUNDAI,10000078894,PVT CAR(1+3),New,0.0,85.001,1501,999999999,Yes,OD,0.4049999999999999
oem_hyundai_Grid_4,HIIB - HYUNDAI,10000078895,PVT CAR,"Renewal, Roll Over",0.0,100.001,-999,1001,Yes,OD,0.0
oem_hyundai_Grid_4,HIIB - HYUNDAI,10000078895,PVT CAR,"Renewal, Roll Over",0.0,100.001,1001,1501,Yes,OD,0.0
oem_hyundai_Grid_4,HIIB - HYUNDAI,10000078895,PVT CAR,"Renewal, Roll Over",0.0,100.001,1501,999999999,Yes,OD,0.0
oem_hyundai_Grid_4,HIIB - HYUNDAI,10000078895,PVT CAR(1+1),"Renewal, Roll Over",85.001,100.001,-999,1001,Yes,OD,0.0
oem_hyundai_Grid_4,HIIB - HYUNDAI,10000078895,PVT CAR(1+1),"Renewal, Roll Over",0.0,85.001,-999,1001,Yes,OD,0.1049999999999999
oem_hyundai_Grid_4,HIIB - HYUNDAI,10000078895,PVT CAR(1+1),"Renewal, Roll Over",85.001,100.001,1001,1501,Yes,OD,0.0
oem_hyundai_Grid_4,HIIB - HYUNDAI,10000078895,PVT CAR(1+1),"Renewal, Roll Over",0.0,85.001,1001,1501,Yes,OD,0.1049999999999999
oem_hyundai_Grid_4,HIIB - HYUNDAI,10000078895,PVT CAR(1+1),"Renewal, Roll Over",85.001,100.001,1501,999999999,Yes,OD,0.0
oem_hyundai_Grid_4,HIIB - HYUNDAI,10000078895,PVT CAR(1+1),"Renewal, Roll Over",0.0,85.001,1501,999999999,Yes,OD,0.1049999999999999
oem_hyundai_Grid_4,HIIB - HYUNDAI,10000078895,PVT CAR(1+3),New,85.001,100.001,-999,1001,Yes,OD,0.0
oem_hyundai_Grid_4,HIIB - HYUNDAI,10000078895,PVT CAR(1+3),New,0.0,85.001,-999,1001,Yes,OD,0.255
oem_hyundai_Grid_4,HIIB - HYUNDAI,10000078895,PVT CAR(1+3),New,85.001,100.001,1001,1501,Yes,OD,0.0
oem_hyundai_Grid_4,HIIB - HYUNDAI,10000078895,PVT CAR(1+3),New,0.0,85.001,1001,1501,Yes,OD,0.255
oem_hyundai_Grid_4,HIIB - HYUNDAI,10000078895,PVT CAR(1+3),New,85.001,100.001,1501,999999999,Yes,OD,0.0
oem_hyundai_Grid_4,HIIB - HYUNDAI,10000078895,PVT CAR(1+3),New,0.0,85.001,1501,999999999,Yes,OD,0.255
oem_hyundai_Grid_4,HIIB - HYUNDAI,10000078896,PCV-TAXI,ANY,85.001,100.001,-999,999999999,Yes,OD,0.0
oem_hyundai_Grid_4,HIIB - HYUNDAI,10000078896,PCV-TAXI,ANY,0.0,85.001,-999,999999999,Yes,OD,0.105
oem_hyundai_Grid_4,HIIB - HYUNDAI,10000078896,PVT CAR,"Renewal, Roll Over",0.0,100.001,-999,1001,Yes,OD,0.0
oem_hyundai_Grid_4,HIIB - HYUNDAI,10000078896,PVT CAR,"Renewal, Roll Over",0.0,100.001,1001,1501,Yes,OD,0.0
oem_hyundai_Grid_4,HIIB - HYUNDAI,10000078896,PVT CAR,"Renewal, Roll Over",0.0,100.001,1501,999999999,Yes,OD,0.0
oem_hyundai_Grid_4,HIIB - HYUNDAI,10000078896,PVT CAR(1+1),"Renewal, Roll Over",85.001,100.001,-999,1001,Yes,OD,0.0
oem_hyundai_Grid_4,HIIB - HYUNDAI,10000078896,PVT CAR(1+1),"Renewal, Roll Over",0.0,85.001,-999,1001,Yes,OD,0.1049999999999999
oem_hyundai_Grid_4,HIIB - HYUNDAI,10000078896,PVT CAR(1+1),"Renewal, Roll Over",85.001,100.001,1001,1501,Yes,OD,0.0
oem_hyundai_Grid_4,HIIB - HYUNDAI,10000078896,PVT CAR(1+1),"Renewal, Roll Over",0.0,85.001,1001,1501,Yes,OD,0.1049999999999999
oem_hyundai_Grid_4,HIIB - HYUNDAI,10000078896,PVT CAR(1+1),"Renewal, Roll Over",85.001,100.001,1501,999999999,Yes,OD,0.0
oem_hyundai_Grid_4,HIIB - HYUNDAI,10000078896,PVT CAR(1+1),"Renewal, Roll Over",0.0,85.001,1501,999999999,Yes,OD,0.1049999999999999
oem_hyundai_Grid_4,HIIB - HYUNDAI,10000078896,PVT CAR(1+3),New,85.001,100.001,-999,1001,Yes,OD,0.0
oem_hyundai_Grid_4,HIIB - HYUNDAI,10000078896,PVT CAR(1+3),New,0.0,85.001,-999,1001,Yes,OD,0.355
oem_hyundai_Grid_4,HIIB - HYUNDAI,10000078896,PVT CAR(1+3),New,85.001,100.001,1001,1501,Yes,OD,0.0
oem_hyundai_Grid_4,HIIB - HYUNDAI,10000078896,PVT CAR(1+3),New,0.0,85.001,1001,1501,Yes,OD,0.355
oem_hyundai_Grid_4,HIIB - HYUNDAI,10000078896,PVT CAR(1+3),New,85.001,100.001,1501,999999999,Yes,OD,0.0
oem_hyundai_Grid_4,HIIB - HYUNDAI,10000078896,PVT CAR(1+3),New,0.0,85.001,1501,999999999,Yes,OD,0.355
oem_hyundai_Grid_4,HIIB - HYUNDAI,10000078897,PCV-TAXI,ANY,85.001,100.001,-999,999999999,Yes,OD,0.0
oem_hyundai_Grid_4,HIIB - HYUNDAI,10000078897,PCV-TAXI,ANY,0.0,85.001,-999,999999999,Yes,OD,0.105
oem_hyundai_Grid_4,HIIB - HYUNDAI,10000078897,PVT CAR,"Renewal, Roll Over",0.0,100.001,-999,1001,Yes,OD,0.0
oem_hyundai_Grid_4,HIIB - HYUNDAI,10000078897,PVT CAR,"Renewal, Roll Over",0.0,100.001,1001,1501,Yes,OD,0.0
oem_hyundai_Grid_4,HIIB - HYUNDAI,10000078897,PVT CAR,"Renewal, Roll Over",0.0,100.001,1501,999999999,Yes,OD,0.0
oem_hyundai_Grid_4,HIIB - HYUNDAI,10000078897,PVT CAR(1+1),"Renewal, Roll Over",85.001,100.001,-999,1001,Yes,OD,0.0
oem_hyundai_Grid_4,HIIB - HYUNDAI,10000078897,PVT CAR(1+1),"Renewal, Roll Over",0.0,85.001,-999,1001,Yes,OD,0.1049999999999999
oem_hyundai_Grid_4,HIIB - HYUNDAI,10000078897,PVT CAR(1+1),"Renewal, Roll Over",85.001,100.001,1001,1501,Yes,OD,0.0
oem_hyundai_Grid_4,HIIB - HYUNDAI,10000078897,PVT CAR(1+1),"Renewal, Roll Over",0.0,85.001,1001,1501,Yes,OD,0.1049999999999999
oem_hyundai_Grid_4,HIIB - HYUNDAI,10000078897,PVT CAR(1+1),"Renewal, Roll Over",85.001,100.001,1501,999999999,Yes,OD,0.0
oem_hyundai_Grid_4,HIIB - HYUNDAI,10000078897,PVT CAR(1+1),"Renewal, Roll Over",0.0,85.001,1501,999999999,Yes,OD,0.1049999999999999
oem_hyundai_Grid_4,HIIB - HYUNDAI,10000078897,PVT CAR(1+3),New,85.001,100.001,-999,1001,Yes,OD,0.0
oem_hyundai_Grid_4,HIIB - HYUNDAI,10000078897,PVT CAR(1+3),New,0.0,85.001,-999,1001,Yes,OD,0.355
oem_hyundai_Grid_4,HIIB - HYUNDAI,10000078897,PVT CAR(1+3),New,85.001,100.001,1001,1501,Yes,OD,0.0
oem_hyundai_Grid_4,HIIB - HYUNDAI,10000078897,PVT CAR(1+3),New,0.0,85.001,1001,1501,Yes,OD,0.355
oem_hyundai_Grid_4,HIIB - HYUNDAI,10000078897,PVT CAR(1+3),New,85.001,100.001,1501,999999999,Yes,OD,0.0
oem_hyundai_Grid_4,HIIB - HYUNDAI,10000078897,PVT CAR(1+3),New,0.0,85.001,1501,999999999,Yes,OD,0.355
oem_hyundai_Grid_4,HIIB - HYUNDAI,10000083125,PVT CAR,"Renewal, Roll Over",0.0,100.001,-999,1001,Yes,OD,0.0
oem_hyundai_Grid_4,HIIB - HYUNDAI,10000083125,PVT CAR,"Renewal, Roll Over",0.0,100.001,1001,1501,Yes,OD,0.0
oem_hyundai_Grid_4,HIIB - HYUNDAI,10000083125,PVT CAR,"Renewal, Roll Over",0.0,100.001,1501,999999999,Yes,OD,0.0
oem_hyundai_Grid_4,HIIB - HYUNDAI,10000083125,PVT CAR(1+1),"Renewal, Roll Over",0.0,100.001,-999,1001,Yes,OD,0.0
oem_hyundai_Grid_4,HIIB - HYUNDAI,10000083125,PVT CAR(1+1),"Renewal, Roll Over",0.0,100.001,1001,1501,Yes,OD,0.0
oem_hyundai_Grid_4,HIIB - HYUNDAI,10000083125,PVT CAR(1+1),"Renewal, Roll Over",0.0,100.001,1501,999999999,Yes,OD,0.0
oem_hyundai_Grid_4,HIIB - HYUNDAI,10000083125,PVT CAR(1+3),New,85.001,100.001,-999,1001,Yes,OD,0.0
oem_hyundai_Grid_4,HIIB - HYUNDAI,10000083125,PVT CAR(1+3),New,80.001,85.001,-999,1001,Yes,OD,0.2
oem_hyundai_Grid_4,HIIB - HYUNDAI,10000083125,PVT CAR(1+3),New,75.001,80.001,-999,1001,Yes,OD,0.25
oem_hyundai_Grid_4,HIIB - HYUNDAI,10000083125,PVT CAR(1+3),New,60.001,75.001,-999,1001,Yes,OD,0.35
oem_hyundai_Grid_4,HIIB - HYUNDAI,10000083125,PVT CAR(1+3),New,0.0,60.001,-999,1001,Yes,OD,0.4
oem_hyundai_Grid_4,HIIB - HYUNDAI,10000083125,PVT CAR(1+3),New,85.001,100.001,1001,1501,Yes,OD,0.0
oem_hyundai_Grid_4,HIIB - HYUNDAI,10000083125,PVT CAR(1+3),New,80.001,85.001,1001,1501,Yes,OD,0.2
oem_hyundai_Grid_4,HIIB - HYUNDAI,10000083125,PVT CAR(1+3),New,75.001,80.001,1001,1501,Yes,OD,0.25
oem_hyundai_Grid_4,HIIB - HYUNDAI,10000083125,PVT CAR(1+3),New,60.001,75.001,1001,1501,Yes,OD,0.35
oem_hyundai_Grid_4,HIIB - HYUNDAI,10000083125,PVT CAR(1+3),New,0.0,60.001,1001,1501,Yes,OD,0.4
oem_hyundai_Grid_4,HIIB - HYUNDAI,10000083125,PVT CAR(1+3),New,85.001,100.001,1501,999999999,Yes,OD,0.0
oem_hyundai_Grid_4,HIIB - HYUNDAI,10000083125,PVT CAR(1+3),New,80.001,85.001,1501,999999999,Yes,OD,0.2
oem_hyundai_Grid_4,HIIB - HYUNDAI,10000083125,PVT CAR(1+3),New,75.001,80.001,1501,999999999,Yes,OD,0.25
oem_hyundai_Grid_4,HIIB - HYUNDAI,10000083125,PVT CAR(1+3),New,60.001,75.001,1501,999999999,Yes,OD,0.35
oem_hyundai_Grid_4,HIIB - HYUNDAI,10000083125,PVT CAR(1+3),New,0.0,60.001,1501,999999999,Yes,OD,0.4
oem_hyundai_Grid_4,HIIB - HYUNDAI,10000083135,PVT CAR,"Renewal, Roll Over",0.0,100.001,-999,1001,Yes,OD,0.0
oem_hyundai_Grid_4,HIIB - HYUNDAI,10000083135,PVT CAR,"Renewal, Roll Over",0.0,100.001,1001,1501,Yes,OD,0.0
oem_hyundai_Grid_4,HIIB - HYUNDAI,10000083135,PVT CAR,"Renewal, Roll Over",0.0,100.001,1501,999999999,Yes,OD,0.0
oem_hyundai_Grid_4,HIIB - HYUNDAI,10000083135,PVT CAR(1+1),"Renewal, Roll Over",0.0,100.001,-999,1001,Yes,OD,0.0
oem_hyundai_Grid_4,HIIB - HYUNDAI,10000083135,PVT CAR(1+1),"Renewal, Roll Over",0.0,100.001,1001,1501,Yes,OD,0.0
oem_hyundai_Grid_4,HIIB - HYUNDAI,10000083135,PVT CAR(1+1),"Renewal, Roll Over",0.0,100.001,1501,999999999,Yes,OD,0.0
oem_hyundai_Grid_4,HIIB - HYUNDAI,10000083135,PVT CAR(1+3),New,0.0,100.001,-999,1001,Yes,OD,0.0
oem_hyundai_Grid_4,HIIB - HYUNDAI,10000083135,PVT CAR(1+3),New,0.0,100.001,1001,1501,Yes,OD,0.0
oem_hyundai_Grid_4,HIIB - HYUNDAI,10000083135,PVT CAR(1+3),New,0.0,100.001,1501,999999999,Yes,OD,0.0
oem_hyundai_Grid_4,HIIB - HYUNDAI,10000083137,PVT CAR,"Renewal, Roll Over",0.0,100.001,-999,1001,Yes,OD,0.0
oem_hyundai_Grid_4,HIIB - HYUNDAI,10000083137,PVT CAR,"Renewal, Roll Over",0.0,100.001,1001,1501,Yes,OD,0.0
oem_hyundai_Grid_4,HIIB - HYUNDAI,10000083137,PVT CAR,"Renewal, Roll Over",0.0,100.001,1501,999999999,Yes,OD,0.0
oem_hyundai_Grid_4,HIIB - HYUNDAI,10000083137,PVT CAR(1+1),"Renewal, Roll Over",0.0,100.001,-999,1001,Yes,OD,0.0
oem_hyundai_Grid_4,HIIB - HYUNDAI,10000083137,PVT CAR(1+1),"Renewal, Roll Over",0.0,100.001,1001,1501,Yes,OD,0.0
oem_hyundai_Grid_4,HIIB - HYUNDAI,10000083137,PVT CAR(1+1),"Renewal, Roll Over",0.0,100.001,1501,999999999,Yes,OD,0.0
oem_hyundai_Grid_4,HIIB - HYUNDAI,10000083137,PVT CAR(1+3),New,0.0,100.001,-999,1001,Yes,OD,0.0
oem_hyundai_Grid_4,HIIB - HYUNDAI,10000083137,PVT CAR(1+3),New,0.0,100.001,1001,1501,Yes,OD,0.0
oem_hyundai_Grid_4,HIIB - HYUNDAI,10000083137,PVT CAR(1+3),New,0.0,100.001,1501,999999999,Yes,OD,0.0
oem_hyundai_Grid_4,HIIB - HYUNDAI,10000083138,PVT CAR,"Renewal, Roll Over",0.0,100.001,-999,1001,Yes,OD,0.0
oem_hyundai_Grid_4,HIIB - HYUNDAI,10000083138,PVT CAR,"Renewal, Roll Over",0.0,100.001,1001,1501,Yes,OD,0.0
oem_hyundai_Grid_4,HIIB - HYUNDAI,10000083138,PVT CAR,"Renewal, Roll Over",0.0,100.001,1501,999999999,Yes,OD,0.0
oem_hyundai_Grid_4,HIIB - HYUNDAI,10000083138,PVT CAR(1+1),"Renewal, Roll Over",0.0,100.001,-999,1001,Yes,OD,0.0
oem_hyundai_Grid_4,HIIB - HYUNDAI,10000083138,PVT CAR(1+1),"Renewal, Roll Over",0.0,100.001,1001,1501,Yes,OD,0.0
oem_hyundai_Grid_4,HIIB - HYUNDAI,10000083138,PVT CAR(1+1),"Renewal, Roll Over",0.0,100.001,1501,999999999,Yes,OD,0.0
oem_hyundai_Grid_4,HIIB - HYUNDAI,10000083138,PVT CAR(1+3),New,0.0,100.001,-999,1001,Yes,OD,0.0
oem_hyundai_Grid_4,HIIB - HYUNDAI,10000083138,PVT CAR(1+3),New,0.0,100.001,1001,1501,Yes,OD,0.0
oem_hyundai_Grid_4,HIIB - HYUNDAI,10000083138,PVT CAR(1+3),New,0.0,100.001,1501,999999999,Yes,OD,0.0
oem_hyundai_Grid_4,HIIB - HYUNDAI,10000083139,PVT CAR,"Renewal, Roll Over",0.0,100.001,-999,1001,Yes,OD,0.0
oem_hyundai_Grid_4,HIIB - HYUNDAI,10000083139,PVT CAR,"Renewal, Roll Over",0.0,100.001,1001,1501,Yes,OD,0.0
oem_hyundai_Grid_4,HIIB - HYUNDAI,10000083139,PVT CAR,"Renewal, Roll Over",0.0,100.001,1501,999999999,Yes,OD,0.0
oem_hyundai_Grid_4,HIIB - HYUNDAI,10000083139,PVT CAR(1+1),"Renewal, Roll Over",0.0,100.001,-999,1001,Yes,OD,0.0
oem_hyundai_Grid_4,HIIB - HYUNDAI,10000083139,PVT CAR(1+1),"Renewal, Roll Over",0.0,100.001,1001,1501,Yes,OD,0.0
oem_hyundai_Grid_4,HIIB - HYUNDAI,10000083139,PVT CAR(1+1),"Renewal, Roll Over",0.0,100.001,1501,999999999,Yes,OD,0.0
oem_hyundai_Grid_4,HIIB - HYUNDAI,10000083139,PVT CAR(1+3),New,0.0,100.001,-999,1001,Yes,OD,0.0
oem_hyundai_Grid_4,HIIB - HYUNDAI,10000083139,PVT CAR(1+3),New,0.0,100.001,1001,1501,Yes,OD,0.0
oem_hyundai_Grid_4,HIIB - HYUNDAI,10000083139,PVT CAR(1+3),New,0.0,100.001,1501,999999999,Yes,OD,0.0
oem_hyundai_Grid_4,HIIB - HYUNDAI,10000083142,PVT CAR,"Renewal, Roll Over",0.0,100.001,-999,1001,Yes,OD,0.0
oem_hyundai_Grid_4,HIIB - HYUNDAI,10000083142,PVT CAR,"Renewal, Roll Over",0.0,100.001,1001,1501,Yes,OD,0.0
oem_hyundai_Grid_4,HIIB - HYUNDAI,10000083142,PVT CAR,"Renewal, Roll Over",0.0,100.001,1501,999999999,Yes,OD,0.0
oem_hyundai_Grid_4,HIIB - HYUNDAI,10000083142,PVT CAR(1+1),"Renewal, Roll Over",0.0,100.001,-999,1001,Yes,OD,0.0
oem_hyundai_Grid_4,HIIB - HYUNDAI,10000083142,PVT CAR(1+1),"Renewal, Roll Over",0.0,100.001,1001,1501,Yes,OD,0.0
oem_hyundai_Grid_4,HIIB - HYUNDAI,10000083142,PVT CAR(1+1),"Renewal, Roll Over",0.0,100.001,1501,999999999,Yes,OD,0.0
oem_hyundai_Grid_4,HIIB - HYUNDAI,10000083142,PVT CAR(1+3),New,0.0,100.001,-999,1001,Yes,OD,0.0
oem_hyundai_Grid_4,HIIB - HYUNDAI,10000083142,PVT CAR(1+3),New,0.0,100.001,1001,1501,Yes,OD,0.0
oem_hyundai_Grid_4,HIIB - HYUNDAI,10000083142,PVT CAR(1+3),New,0.0,100.001,1501,999999999,Yes,OD,0.0
oem_hyundai_Grid_4,HIIB - HYUNDAI,10000083143,PVT CAR,"Renewal, Roll Over",0.0,100.001,-999,1001,Yes,OD,0.0
oem_hyundai_Grid_4,HIIB - HYUNDAI,10000083143,PVT CAR,"Renewal, Roll Over",0.0,100.001,1001,1501,Yes,OD,0.0
oem_hyundai_Grid_4,HIIB - HYUNDAI,10000083143,PVT CAR,"Renewal, Roll Over",0.0,100.001,1501,999999999,Yes,OD,0.0
oem_hyundai_Grid_4,HIIB - HYUNDAI,10000083143,PVT CAR(1+1),"Renewal, Roll Over",0.0,100.001,-999,1001,Yes,OD,0.0
oem_hyundai_Grid_4,HIIB - HYUNDAI,10000083143,PVT CAR(1+1),"Renewal, Roll Over",0.0,100.001,1001,1501,Yes,OD,0.0
oem_hyundai_Grid_4,HIIB - HYUNDAI,10000083143,PVT CAR(1+1),"Renewal, Roll Over",0.0,100.001,1501,999999999,Yes,OD,0.0
oem_hyundai_Grid_4,HIIB - HYUNDAI,10000083143,PVT CAR(1+3),New,0.0,100.001,-999,1001,Yes,OD,0.0
oem_hyundai_Grid_4,HIIB - HYUNDAI,10000083143,PVT CAR(1+3),New,0.0,100.001,1001,1501,Yes,OD,0.0
oem_hyundai_Grid_4,HIIB - HYUNDAI,10000083143,PVT CAR(1+3),New,0.0,100.001,1501,999999999,Yes,OD,0.0
oem_hyundai_Grid_4,HIIB - HYUNDAI,10000083144,PVT CAR,"Renewal, Roll Over",0.0,100.001,-999,1001,Yes,OD,0.0
oem_hyundai_Grid_4,HIIB - HYUNDAI,10000083144,PVT CAR,"Renewal, Roll Over",0.0,100.001,1001,1501,Yes,OD,0.0
oem_hyundai_Grid_4,HIIB - HYUNDAI,10000083144,PVT CAR,"Renewal, Roll Over",0.0,100.001,1501,999999999,Yes,OD,0.0
oem_hyundai_Grid_4,HIIB - HYUNDAI,10000083144,PVT CAR(1+1),"Renewal, Roll Over",0.0,100.001,-999,1001,Yes,OD,0.0
oem_hyundai_Grid_4,HIIB - HYUNDAI,10000083144,PVT CAR(1+1),"Renewal, Roll Over",0.0,100.001,1001,1501,Yes,OD,0.0
oem_hyundai_Grid_4,HIIB - HYUNDAI,10000083144,PVT CAR(1+1),"Renewal, Roll Over",0.0,100.001,1501,999999999,Yes,OD,0.0
oem_hyundai_Grid_4,HIIB - HYUNDAI,10000083144,PVT CAR(1+3),New,0.0,100.001,-999,1001,Yes,OD,0.0
oem_hyundai_Grid_4,HIIB - HYUNDAI,10000083144,PVT CAR(1+3),New,0.0,100.001,1001,1501,Yes,OD,0.0
oem_hyundai_Grid_4,HIIB - HYUNDAI,10000083144,PVT CAR(1+3),New,0.0,100.001,1501,999999999,Yes,OD,0.0
oem_hyundai_Grid_4,HIIB - HYUNDAI,10000083145,PVT CAR,"Renewal, Roll Over",0.0,100.001,-999,1001,Yes,OD,0.0
oem_hyundai_Grid_4,HIIB - HYUNDAI,10000083145,PVT CAR,"Renewal, Roll Over",0.0,100.001,1001,1501,Yes,OD,0.0
oem_hyundai_Grid_4,HIIB - HYUNDAI,10000083145,PVT CAR,"Renewal, Roll Over",0.0,100.001,1501,999999999,Yes,OD,0.0
oem_hyundai_Grid_4,HIIB - HYUNDAI,10000083145,PVT CAR(1+1),"Renewal, Roll Over",0.0,100.001,-999,1001,Yes,OD,0.0
oem_hyundai_Grid_4,HIIB - HYUNDAI,10000083145,PVT CAR(1+1),"Renewal, Roll Over",0.0,100.001,1001,1501,Yes,OD,0.0
oem_hyundai_Grid_4,HIIB - HYUNDAI,10000083145,PVT CAR(1+1),"Renewal, Roll Over",0.0,100.001,1501,999999999,Yes,OD,0.0
oem_hyundai_Grid_4,HIIB - HYUNDAI,10000083145,PVT CAR(1+3),New,0.0,100.001,-999,1001,Yes,OD,0.0
oem_hyundai_Grid_4,HIIB - HYUNDAI,10000083145,PVT CAR(1+3),New,0.0,100.001,1001,1501,Yes,OD,0.0
oem_hyundai_Grid_4,HIIB - HYUNDAI,10000083145,PVT CAR(1+3),New,0.0,100.001,1501,999999999,Yes,OD,0.0
oem_hyundai_Grid_4,HIIB - HYUNDAI,10000083147,PVT CAR,"Renewal, Roll Over",0.0,100.001,-999,1001,Yes,OD,0.0
oem_hyundai_Grid_4,HIIB - HYUNDAI,10000083147,PVT CAR,"Renewal, Roll Over",0.0,100.001,1001,1501,Yes,OD,0.0
oem_hyundai_Grid_4,HIIB - HYUNDAI,10000083147,PVT CAR,"Renewal, Roll Over",0.0,100.001,1501,999999999,Yes,OD,0.0
oem_hyundai_Grid_4,HIIB - HYUNDAI,10000083147,PVT CAR(1+1),"Renewal, Roll Over",0.0,100.001,-999,1001,Yes,OD,0.0
oem_hyundai_Grid_4,HIIB - HYUNDAI,10000083147,PVT CAR(1+1),"Renewal, Roll Over",0.0,100.001,1001,1501,Yes,OD,0.0
oem_hyundai_Grid_4,HIIB - HYUNDAI,10000083147,PVT CAR(1+1),"Renewal, Roll Over",0.0,100.001,1501,999999999,Yes,OD,0.0
oem_hyundai_Grid_4,HIIB - HYUNDAI,10000083147,PVT CAR(1+3),New,0.0,100.001,-999,1001,Yes,OD,0.0
oem_hyundai_Grid_4,HIIB - HYUNDAI,10000083147,PVT CAR(1+3),New,0.0,100.001,1001,1501,Yes,OD,0.0
oem_hyundai_Grid_4,HIIB - HYUNDAI,10000083147,PVT CAR(1+3),New,0.0,100.001,1501,999999999,Yes,OD,0.0
oem_hyundai_Grid_4,HIIB - HYUNDAI,10000083148,PVT CAR,"Renewal, Roll Over",0.0,100.001,-999,1001,Yes,OD,0.0
oem_hyundai_Grid_4,HIIB - HYUNDAI,10000083148,PVT CAR,"Renewal, Roll Over",0.0,100.001,1001,1501,Yes,OD,0.0
oem_hyundai_Grid_4,HIIB - HYUNDAI,10000083148,PVT CAR,"Renewal, Roll Over",0.0,100.001,1501,999999999,Yes,OD,0.0
oem_hyundai_Grid_4,HIIB - HYUNDAI,10000083148,PVT CAR(1+1),"Renewal, Roll Over",0.0,100.001,-999,1001,Yes,OD,0.0
oem_hyundai_Grid_4,HIIB - HYUNDAI,10000083148,PVT CAR(1+1),"Renewal, Roll Over",0.0,100.001,1001,1501,Yes,OD,0.0
oem_hyundai_Grid_4,HIIB - HYUNDAI,10000083148,PVT CAR(1+1),"Renewal, Roll Over",0.0,100.001,1501,999999999,Yes,OD,0.0
oem_hyundai_Grid_4,HIIB - HYUNDAI,10000083148,PVT CAR(1+3),New,85.001,100.001,-999,1001,Yes,OD,0.0
oem_hyundai_Grid_4,HIIB - HYUNDAI,10000083148,PVT CAR(1+3),New,60.001,85.001,-999,1001,Yes,OD,0.4
oem_hyundai_Grid_4,HIIB - HYUNDAI,10000083148,PVT CAR(1+3),New,0.0,60.001,-999,1001,Yes,OD,0.48
oem_hyundai_Grid_4,HIIB - HYUNDAI,10000083148,PVT CAR(1+3),New,85.001,100.001,1001,1501,Yes,OD,0.0
oem_hyundai_Grid_4,HIIB - HYUNDAI,10000083148,PVT CAR(1+3),New,60.001,65.001,1001,1501,Yes,OD,0.255
oem_hyundai_Grid_4,HIIB - HYUNDAI,10000083148,PVT CAR(1+3),New,65.001,85.001,1001,1501,Yes,OD,0.4
oem_hyundai_Grid_4,HIIB - HYUNDAI,10000083148,PVT CAR(1+3),New,0.0,60.001,1001,1501,Yes,OD,0.48
oem_hyundai_Grid_4,HIIB - HYUNDAI,10000083148,PVT CAR(1+3),New,85.001,100.001,1501,999999999,Yes,OD,0.0
oem_hyundai_Grid_4,HIIB - HYUNDAI,10000083148,PVT CAR(1+3),New,60.001,65.001,1501,999999999,Yes,OD,0.255
oem_hyundai_Grid_4,HIIB - HYUNDAI,10000083148,PVT CAR(1+3),New,65.001,85.001,1501,999999999,Yes,OD,0.4
oem_hyundai_Grid_4,HIIB - HYUNDAI,10000083148,PVT CAR(1+3),New,0.0,60.001,1501,999999999,Yes,OD,0.48
oem_hyundai_Grid_4,HIIB - HYUNDAI,10000083154,PVT CAR,"Renewal, Roll Over",0.0,100.001,-999,1001,Yes,OD,0.0
oem_hyundai_Grid_4,HIIB - HYUNDAI,10000083154,PVT CAR,"Renewal, Roll Over",0.0,100.001,1001,1501,Yes,OD,0.0
oem_hyundai_Grid_4,HIIB - HYUNDAI,10000083154,PVT CAR,"Renewal, Roll Over",0.0,100.001,1501,999999999,Yes,OD,0.0
oem_hyundai_Grid_4,HIIB - HYUNDAI,10000083154,PVT CAR(1+1),"Renewal, Roll Over",0.0,100.001,-999,1001,Yes,OD,0.0
oem_hyundai_Grid_4,HIIB - HYUNDAI,10000083154,PVT CAR(1+1),"Renewal, Roll Over",0.0,100.001,1001,1501,Yes,OD,0.0
oem_hyundai_Grid_4,HIIB - HYUNDAI,10000083154,PVT CAR(1+1),"Renewal, Roll Over",0.0,100.001,1501,999999999,Yes,OD,0.0
oem_hyundai_Grid_4,HIIB - HYUNDAI,10000083154,PVT CAR(1+3),New,0.0,100.001,-999,1001,Yes,OD,0.0
oem_hyundai_Grid_4,HIIB - HYUNDAI,10000083154,PVT CAR(1+3),New,0.0,100.001,1001,1501,Yes,OD,0.0
oem_hyundai_Grid_4,HIIB - HYUNDAI,10000083154,PVT CAR(1+3),New,0.0,100.001,1501,999999999,Yes,OD,0.0
oem_hyundai_Grid_4,HIIB - HYUNDAI,10000083156,PVT CAR,"Renewal, Roll Over",0.0,100.001,-999,1001,Yes,OD,0.0
oem_hyundai_Grid_4,HIIB - HYUNDAI,10000083156,PVT CAR,"Renewal, Roll Over",0.0,100.001,1001,1501,Yes,OD,0.0
oem_hyundai_Grid_4,HIIB - HYUNDAI,10000083156,PVT CAR,"Renewal, Roll Over",0.0,100.001,1501,999999999,Yes,OD,0.0
oem_hyundai_Grid_4,HIIB - HYUNDAI,10000083156,PVT CAR(1+1),"Renewal, Roll Over",0.0,100.001,-999,1001,Yes,OD,0.0
oem_hyundai_Grid_4,HIIB - HYUNDAI,10000083156,PVT CAR(1+1),"Renewal, Roll Over",0.0,100.001,1001,1501,Yes,OD,0.0
oem_hyundai_Grid_4,HIIB - HYUNDAI,10000083156,PVT CAR(1+1),"Renewal, Roll Over",0.0,100.001,1501,999999999,Yes,OD,0.0
oem_hyundai_Grid_4,HIIB - HYUNDAI,10000083156,PVT CAR(1+3),New,0.0,100.001,-999,1001,Yes,OD,0.0
oem_hyundai_Grid_4,HIIB - HYUNDAI,10000083156,PVT CAR(1+3),New,0.0,100.001,1001,1501,Yes,OD,0.0
oem_hyundai_Grid_4,HIIB - HYUNDAI,10000083156,PVT CAR(1+3),New,0.0,100.001,1501,999999999,Yes,OD,0.0
oem_hyundai_Grid_4,HIIB - HYUNDAI,10000083157,PVT CAR,"Renewal, Roll Over",0.0,100.001,-999,1001,Yes,OD,0.0
oem_hyundai_Grid_4,HIIB - HYUNDAI,10000083157,PVT CAR,"Renewal, Roll Over",0.0,100.001,1001,1501,Yes,OD,0.0
oem_hyundai_Grid_4,HIIB - HYUNDAI,10000083157,PVT CAR,"Renewal, Roll Over",0.0,100.001,1501,999999999,Yes,OD,0.0
oem_hyundai_Grid_4,HIIB - HYUNDAI,10000083157,PVT CAR(1+1),"Renewal, Roll Over",0.0,100.001,-999,1001,Yes,OD,0.0
oem_hyundai_Grid_4,HIIB - HYUNDAI,10000083157,PVT CAR(1+1),"Renewal, Roll Over",0.0,100.001,1001,1501,Yes,OD,0.0
oem_hyundai_Grid_4,HIIB - HYUNDAI,10000083157,PVT CAR(1+1),"Renewal, Roll Over",0.0,100.001,1501,999999999,Yes,OD,0.0
oem_hyundai_Grid_4,HIIB - HYUNDAI,10000083157,PVT CAR(1+3),New,0.0,100.001,-999,1001,Yes,OD,0.0
oem_hyundai_Grid_4,HIIB - HYUNDAI,10000083157,PVT CAR(1+3),New,0.0,100.001,1001,1501,Yes,OD,0.0
oem_hyundai_Grid_4,HIIB - HYUNDAI,10000083157,PVT CAR(1+3),New,0.0,100.001,1501,999999999,Yes,OD,0.0
oem_hyundai_Grid_4,HIIB - HYUNDAI,10000083158,PVT CAR,"Renewal, Roll Over",0.0,100.001,-999,1001,Yes,OD,0.0
oem_hyundai_Grid_4,HIIB - HYUNDAI,10000083158,PVT CAR,"Renewal, Roll Over",0.0,100.001,1001,1501,Yes,OD,0.0
oem_hyundai_Grid_4,HIIB - HYUNDAI,10000083158,PVT CAR,"Renewal, Roll Over",0.0,100.001,1501,999999999,Yes,OD,0.0
oem_hyundai_Grid_4,HIIB - HYUNDAI,10000083158,PVT CAR(1+1),"Renewal, Roll Over",0.0,100.001,-999,1001,Yes,OD,0.0
oem_hyundai_Grid_4,HIIB - HYUNDAI,10000083158,PVT CAR(1+1),"Renewal, Roll Over",0.0,100.001,1001,1501,Yes,OD,0.0
oem_hyundai_Grid_4,HIIB - HYUNDAI,10000083158,PVT CAR(1+1),"Renewal, Roll Over",0.0,100.001,1501,999999999,Yes,OD,0.0
oem_hyundai_Grid_4,HIIB - HYUNDAI,10000083158,PVT CAR(1+3),New,0.0,100.001,-999,1001,Yes,OD,0.0
oem_hyundai_Grid_4,HIIB - HYUNDAI,10000083158,PVT CAR(1+3),New,0.0,100.001,1001,1501,Yes,OD,0.0
oem_hyundai_Grid_4,HIIB - HYUNDAI,10000083158,PVT CAR(1+3),New,0.0,100.001,1501,999999999,Yes,OD,0.0
oem_hyundai_Grid_4,HIIB - HYUNDAI,10000083159,PVT CAR,"Renewal, Roll Over",0.0,100.001,-999,1001,Yes,OD,0.0
oem_hyundai_Grid_4,HIIB - HYUNDAI,10000083159,PVT CAR,"Renewal, Roll Over",0.0,100.001,1001,1501,Yes,OD,0.0
oem_hyundai_Grid_4,HIIB - HYUNDAI,10000083159,PVT CAR,"Renewal, Roll Over",0.0,100.001,1501,999999999,Yes,OD,0.0
oem_hyundai_Grid_4,HIIB - HYUNDAI,10000083159,PVT CAR(1+1),"Renewal, Roll Over",0.0,100.001,-999,1001,Yes,OD,0.0
oem_hyundai_Grid_4,HIIB - HYUNDAI,10000083159,PVT CAR(1+1),"Renewal, Roll Over",0.0,100.001,1001,1501,Yes,OD,0.0
oem_hyundai_Grid_4,HIIB - HYUNDAI,10000083159,PVT CAR(1+1),"Renewal, Roll Over",0.0,100.001,1501,999999999,Yes,OD,0.0
oem_hyundai_Grid_4,HIIB - HYUNDAI,10000083159,PVT CAR(1+3),New,0.0,100.001,-999,1001,Yes,OD,0.0
oem_hyundai_Grid_4,HIIB - HYUNDAI,10000083159,PVT CAR(1+3),New,0.0,100.001,1001,1501,Yes,OD,0.0
oem_hyundai_Grid_4,HIIB - HYUNDAI,10000083159,PVT CAR(1+3),New,0.0,100.001,1501,999999999,Yes,OD,0.0
oem_hyundai_Grid_4,HIIB - HYUNDAI,10000083162,PVT CAR,"Renewal, Roll Over",0.0,100.001,-999,1001,Yes,OD,0.0
oem_hyundai_Grid_4,HIIB - HYUNDAI,10000083162,PVT CAR,"Renewal, Roll Over",0.0,100.001,1001,1501,Yes,OD,0.0
oem_hyundai_Grid_4,HIIB - HYUNDAI,10000083162,PVT CAR,"Renewal, Roll Over",0.0,100.001,1501,999999999,Yes,OD,0.0
oem_hyundai_Grid_4,HIIB - HYUNDAI,10000083162,PVT CAR(1+1),"Renewal, Roll Over",0.0,100.001,-999,1001,Yes,OD,0.0
oem_hyundai_Grid_4,HIIB - HYUNDAI,10000083162,PVT CAR(1+1),"Renewal, Roll Over",0.0,100.001,1001,1501,Yes,OD,0.0
oem_hyundai_Grid_4,HIIB - HYUNDAI,10000083162,PVT CAR(1+1),"Renewal, Roll Over",0.0,100.001,1501,999999999,Yes,OD,0.0
oem_hyundai_Grid_4,HIIB - HYUNDAI,10000083162,PVT CAR(1+3),New,0.0,100.001,-999,1001,Yes,OD,0.0
oem_hyundai_Grid_4,HIIB - HYUNDAI,10000083162,PVT CAR(1+3),New,0.0,100.001,1001,1501,Yes,OD,0.0
oem_hyundai_Grid_4,HIIB - HYUNDAI,10000083162,PVT CAR(1+3),New,0.0,100.001,1501,999999999,Yes,OD,0.0
oem_hyundai_Grid_4,HIIB - HYUNDAI,10000083166,PVT CAR,"Renewal, Roll Over",0.0,100.001,-999,1001,Yes,OD,0.0
oem_hyundai_Grid_4,HIIB - HYUNDAI,10000083166,PVT CAR,"Renewal, Roll Over",0.0,100.001,1001,1501,Yes,OD,0.0
oem_hyundai_Grid_4,HIIB - HYUNDAI,10000083166,PVT CAR,"Renewal, Roll Over",0.0,100.001,1501,999999999,Yes,OD,0.0
oem_hyundai_Grid_4,HIIB - HYUNDAI,10000083166,PVT CAR(1+1),"Renewal, Roll Over",0.0,100.001,-999,1001,Yes,OD,0.0
oem_hyundai_Grid_4,HIIB - HYUNDAI,10000083166,PVT CAR(1+1),"Renewal, Roll Over",0.0,100.001,1001,1501,Yes,OD,0.0
oem_hyundai_Grid_4,HIIB - HYUNDAI,10000083166,PVT CAR(1+1),"Renewal, Roll Over",0.0,100.001,1501,999999999,Yes,OD,0.0
oem_hyundai_Grid_4,HIIB - HYUNDAI,10000083166,PVT CAR(1+3),New,0.0,100.001,-999,1001,Yes,OD,0.0
oem_hyundai_Grid_4,HIIB - HYUNDAI,10000083166,PVT CAR(1+3),New,0.0,100.001,1001,1501,Yes,OD,0.0
oem_hyundai_Grid_4,HIIB - HYUNDAI,10000083166,PVT CAR(1+3),New,0.0,100.001,1501,999999999,Yes,OD,0.0
oem_hyundai_Grid_4,HIIB - HYUNDAI,10000083168,PVT CAR,"Renewal, Roll Over",0.0,100.001,-999,1001,Yes,OD,0.0
oem_hyundai_Grid_4,HIIB - HYUNDAI,10000083168,PVT CAR,"Renewal, Roll Over",0.0,100.001,1001,1501,Yes,OD,0.0
oem_hyundai_Grid_4,HIIB - HYUNDAI,10000083168,PVT CAR,"Renewal, Roll Over",0.0,100.001,1501,999999999,Yes,OD,0.0
oem_hyundai_Grid_4,HIIB - HYUNDAI,10000083168,PVT CAR(1+1),"Renewal, Roll Over",0.0,100.001,-999,1001,Yes,OD,0.0
oem_hyundai_Grid_4,HIIB - HYUNDAI,10000083168,PVT CAR(1+1),"Renewal, Roll Over",0.0,100.001,1001,1501,Yes,OD,0.0
oem_hyundai_Grid_4,HIIB - HYUNDAI,10000083168,PVT CAR(1+1),"Renewal, Roll Over",0.0,100.001,1501,999999999,Yes,OD,0.0
oem_hyundai_Grid_4,HIIB - HYUNDAI,10000083168,PVT CAR(1+3),New,0.0,100.001,-999,1001,Yes,OD,0.0
oem_hyundai_Grid_4,HIIB - HYUNDAI,10000083168,PVT CAR(1+3),New,0.0,100.001,1001,1501,Yes,OD,0.0
oem_hyundai_Grid_4,HIIB - HYUNDAI,10000083168,PVT CAR(1+3),New,0.0,100.001,1501,999999999,Yes,OD,0.0
oem_hyundai_Grid_4,HIIB - HYUNDAI,10000083170,PVT CAR,"Renewal, Roll Over",0.0,100.001,-999,1001,Yes,OD,0.0
oem_hyundai_Grid_4,HIIB - HYUNDAI,10000083170,PVT CAR,"Renewal, Roll Over",0.0,100.001,1001,1501,Yes,OD,0.0
oem_hyundai_Grid_4,HIIB - HYUNDAI,10000083170,PVT CAR,"Renewal, Roll Over",0.0,100.001,1501,999999999,Yes,OD,0.0
oem_hyundai_Grid_4,HIIB - HYUNDAI,10000083170,PVT CAR(1+1),"Renewal, Roll Over",0.0,100.001,-999,1001,Yes,OD,0.0
oem_hyundai_Grid_4,HIIB - HYUNDAI,10000083170,PVT CAR(1+1),"Renewal, Roll Over",0.0,100.001,1001,1501,Yes,OD,0.0
oem_hyundai_Grid_4,HIIB - HYUNDAI,10000083170,PVT CAR(1+1),"Renewal, Roll Over",0.0,100.001,1501,999999999,Yes,OD,0.0
oem_hyundai_Grid_4,HIIB - HYUNDAI,10000083170,PVT CAR(1+3),New,0.0,100.001,-999,1001,Yes,OD,0.0
oem_hyundai_Grid_4,HIIB - HYUNDAI,10000083170,PVT CAR(1+3),New,0.0,100.001,1001,1501,Yes,OD,0.0
oem_hyundai_Grid_4,HIIB - HYUNDAI,10000083170,PVT CAR(1+3),New,0.0,100.001,1501,999999999,Yes,OD,0.0
oem_hyundai_Grid_4,HIIB - HYUNDAI,10000083173,PVT CAR,"Renewal, Roll Over",0.0,100.001,-999,1001,Yes,OD,0.0
oem_hyundai_Grid_4,HIIB - HYUNDAI,10000083173,PVT CAR,"Renewal, Roll Over",0.0,100.001,1001,1501,Yes,OD,0.0
oem_hyundai_Grid_4,HIIB - HYUNDAI,10000083173,PVT CAR,"Renewal, Roll Over",0.0,100.001,1501,999999999,Yes,OD,0.0
oem_hyundai_Grid_4,HIIB - HYUNDAI,10000083173,PVT CAR(1+1),"Renewal, Roll Over",0.0,100.001,-999,1001,Yes,OD,0.0
oem_hyundai_Grid_4,HIIB - HYUNDAI,10000083173,PVT CAR(1+1),"Renewal, Roll Over",0.0,100.001,1001,1501,Yes,OD,0.0
oem_hyundai_Grid_4,HIIB - HYUNDAI,10000083173,PVT CAR(1+1),"Renewal, Roll Over",0.0,100.001,1501,999999999,Yes,OD,0.0
oem_hyundai_Grid_4,HIIB - HYUNDAI,10000083173,PVT CAR(1+3),New,0.0,100.001,-999,1001,Yes,OD,0.0
oem_hyundai_Grid_4,HIIB - HYUNDAI,10000083173,PVT CAR(1+3),New,0.0,100.001,1001,1501,Yes,OD,0.0
oem_hyundai_Grid_4,HIIB - HYUNDAI,10000083173,PVT CAR(1+3),New,0.0,100.001,1501,999999999,Yes,OD,0.0
oem_hyundai_Grid_4,HIIB - HYUNDAI,10000083174,PVT CAR,"Renewal, Roll Over",0.0,100.001,-999,1001,Yes,OD,0.0
oem_hyundai_Grid_4,HIIB - HYUNDAI,10000083174,PVT CAR,"Renewal, Roll Over",0.0,100.001,1001,1501,Yes,OD,0.0
oem_hyundai_Grid_4,HIIB - HYUNDAI,10000083174,PVT CAR,"Renewal, Roll Over",0.0,100.001,1501,999999999,Yes,OD,0.0
oem_hyundai_Grid_4,HIIB - HYUNDAI,10000083174,PVT CAR(1+1),"Renewal, Roll Over",0.0,100.001,-999,1001,Yes,OD,0.0
oem_hyundai_Grid_4,HIIB - HYUNDAI,10000083174,PVT CAR(1+1),"Renewal, Roll Over",0.0,100.001,1001,1501,Yes,OD,0.0
oem_hyundai_Grid_4,HIIB - HYUNDAI,10000083174,PVT CAR(1+1),"Renewal, Roll Over",0.0,100.001,1501,999999999,Yes,OD,0.0
oem_hyundai_Grid_4,HIIB - HYUNDAI,10000083174,PVT CAR(1+3),New,80.001,100.001,-999,1001,Yes,OD,0.0
oem_hyundai_Grid_4,HIIB - HYUNDAI,10000083174,PVT CAR(1+3),New,0.0,80.001,-999,1001,Yes,OD,0.2
oem_hyundai_Grid_4,HIIB - HYUNDAI,10000083174,PVT CAR(1+3),New,80.001,100.001,1001,1501,Yes,OD,0.0
oem_hyundai_Grid_4,HIIB - HYUNDAI,10000083174,PVT CAR(1+3),New,0.0,80.001,1001,1501,Yes,OD,0.2
oem_hyundai_Grid_4,HIIB - HYUNDAI,10000083174,PVT CAR(1+3),New,80.001,100.001,1501,999999999,Yes,OD,0.0
oem_hyundai_Grid_4,HIIB - HYUNDAI,10000083174,PVT CAR(1+3),New,0.0,80.001,1501,999999999,Yes,OD,0.2
oem_hyundai_Grid_4,HIIB - HYUNDAI,10000083182,PVT CAR,"Renewal, Roll Over",0.0,100.001,-999,1001,Yes,OD,0.0
oem_hyundai_Grid_4,HIIB - HYUNDAI,10000083182,PVT CAR,"Renewal, Roll Over",0.0,100.001,1001,1501,Yes,OD,0.0
oem_hyundai_Grid_4,HIIB - HYUNDAI,10000083182,PVT CAR,"Renewal, Roll Over",0.0,100.001,1501,999999999,Yes,OD,0.0
oem_hyundai_Grid_4,HIIB - HYUNDAI,10000083182,PVT CAR(1+1),"Renewal, Roll Over",0.0,100.001,-999,1001,Yes,OD,0.0
oem_hyundai_Grid_4,HIIB - HYUNDAI,10000083182,PVT CAR(1+1),"Renewal, Roll Over",0.0,100.001,1001,1501,Yes,OD,0.0
oem_hyundai_Grid_4,HIIB - HYUNDAI,10000083182,PVT CAR(1+1),"Renewal, Roll Over",0.0,100.001,1501,999999999,Yes,OD,0.0
oem_hyundai_Grid_4,HIIB - HYUNDAI,10000083182,PVT CAR(1+3),New,0.0,100.001,-999,1001,Yes,OD,0.0
oem_hyundai_Grid_4,HIIB - HYUNDAI,10000083182,PVT CAR(1+3),New,0.0,100.001,1001,1501,Yes,OD,0.0
oem_hyundai_Grid_4,HIIB - HYUNDAI,10000083182,PVT CAR(1+3),New,0.0,100.001,1501,999999999,Yes,OD,0.0
oem_hyundai_Grid_4,HIIB - HYUNDAI,10000083186,PVT CAR,"Renewal, Roll Over",0.0,100.001,-999,1001,Yes,OD,0.0
oem_hyundai_Grid_4,HIIB - HYUNDAI,10000083186,PVT CAR,"Renewal, Roll Over",0.0,100.001,1001,1501,Yes,OD,0.0
oem_hyundai_Grid_4,HIIB - HYUNDAI,10000083186,PVT CAR,"Renewal, Roll Over",0.0,100.001,1501,999999999,Yes,OD,0.0
oem_hyundai_Grid_4,HIIB - HYUNDAI,10000083186,PVT CAR(1+1),"Renewal, Roll Over",0.0,100.001,-999,1001,Yes,OD,0.0
oem_hyundai_Grid_4,HIIB - HYUNDAI,10000083186,PVT CAR(1+1),"Renewal, Roll Over",0.0,100.001,1001,1501,Yes,OD,0.0
oem_hyundai_Grid_4,HIIB - HYUNDAI,10000083186,PVT CAR(1+1),"Renewal, Roll Over",0.0,100.001,1501,999999999,Yes,OD,0.0
oem_hyundai_Grid_4,HIIB - HYUNDAI,10000083186,PVT CAR(1+3),New,85.001,100.001,-999,1001,Yes,OD,0.0
oem_hyundai_Grid_4,HIIB - HYUNDAI,10000083186,PVT CAR(1+3),New,60.001,85.001,-999,1001,Yes,OD,0.45
oem_hyundai_Grid_4,HIIB - HYUNDAI,10000083186,PVT CAR(1+3),New,20.001,60.001,-999,1001,Yes,OD,0.5549999999999999
oem_hyundai_Grid_4,HIIB - HYUNDAI,10000083186,PVT CAR(1+3),New,0.0,20.001,-999,1001,Yes,OD,0.655
oem_hyundai_Grid_4,HIIB - HYUNDAI,10000083186,PVT CAR(1+3),New,85.001,100.001,1001,1501,Yes,OD,0.0
oem_hyundai_Grid_4,HIIB - HYUNDAI,10000083186,PVT CAR(1+3),New,60.001,85.001,1001,1501,Yes,OD,0.45
oem_hyundai_Grid_4,HIIB - HYUNDAI,10000083186,PVT CAR(1+3),New,20.001,60.001,1001,1501,Yes,OD,0.5549999999999999
oem_hyundai_Grid_4,HIIB - HYUNDAI,10000083186,PVT CAR(1+3),New,0.0,20.001,1001,1501,Yes,OD,0.655
oem_hyundai_Grid_4,HIIB - HYUNDAI,10000083186,PVT CAR(1+3),New,85.001,100.001,1501,999999999,Yes,OD,0.0
oem_hyundai_Grid_4,HIIB - HYUNDAI,10000083186,PVT CAR(1+3),New,60.001,85.001,1501,999999999,Yes,OD,0.45
oem_hyundai_Grid_4,HIIB - HYUNDAI,10000083186,PVT CAR(1+3),New,20.001,60.001,1501,999999999,Yes,OD,0.5549999999999999
oem_hyundai_Grid_4,HIIB - HYUNDAI,10000083186,PVT CAR(1+3),New,0.0,20.001,1501,999999999,Yes,OD,0.655
oem_hyundai_Grid_4,HIIB - HYUNDAI,10000083188,PVT CAR,"Renewal, Roll Over",0.0,100.001,-999,1001,Yes,OD,0.0
oem_hyundai_Grid_4,HIIB - HYUNDAI,10000083188,PVT CAR,"Renewal, Roll Over",0.0,100.001,1001,1501,Yes,OD,0.0
oem_hyundai_Grid_4,HIIB - HYUNDAI,10000083188,PVT CAR,"Renewal, Roll Over",0.0,100.001,1501,999999999,Yes,OD,0.0
oem_hyundai_Grid_4,HIIB - HYUNDAI,10000083188,PVT CAR(1+1),"Renewal, Roll Over",0.0,100.001,-999,1001,Yes,OD,0.0
oem_hyundai_Grid_4,HIIB - HYUNDAI,10000083188,PVT CAR(1+1),"Renewal, Roll Over",0.0,100.001,1001,1501,Yes,OD,0.0
oem_hyundai_Grid_4,HIIB - HYUNDAI,10000083188,PVT CAR(1+1),"Renewal, Roll Over",0.0,100.001,1501,999999999,Yes,OD,0.0
oem_hyundai_Grid_4,HIIB - HYUNDAI,10000083188,PVT CAR(1+3),New,85.001,100.001,-999,1001,Yes,OD,0.0
oem_hyundai_Grid_4,HIIB - HYUNDAI,10000083188,PVT CAR(1+3),New,60.001,85.001,-999,1001,Yes,OD,0.33
oem_hyundai_Grid_4,HIIB - HYUNDAI,10000083188,PVT CAR(1+3),New,0.0,60.001,-999,1001,Yes,OD,0.48
oem_hyundai_Grid_4,HIIB - HYUNDAI,10000083188,PVT CAR(1+3),New,85.001,100.001,1001,1501,Yes,OD,0.0
oem_hyundai_Grid_4,HIIB - HYUNDAI,10000083188,PVT CAR(1+3),New,60.001,85.001,1001,1501,Yes,OD,0.33
oem_hyundai_Grid_4,HIIB - HYUNDAI,10000083188,PVT CAR(1+3),New,0.0,60.001,1001,1501,Yes,OD,0.48
oem_hyundai_Grid_4,HIIB - HYUNDAI,10000083188,PVT CAR(1+3),New,85.001,100.001,1501,999999999,Yes,OD,0.0
oem_hyundai_Grid_4,HIIB - HYUNDAI,10000083188,PVT CAR(1+3),New,60.001,85.001,1501,999999999,Yes,OD,0.33
oem_hyundai_Grid_4,HIIB - HYUNDAI,10000083188,PVT CAR(1+3),New,0.0,60.001,1501,999999999,Yes,OD,0.48
oem_hyundai_Grid_4,HIIB - HYUNDAI,10000083193,PVT CAR,"Renewal, Roll Over",0.0,100.001,-999,1001,Yes,OD,0.0
oem_hyundai_Grid_4,HIIB - HYUNDAI,10000083193,PVT CAR,"Renewal, Roll Over",0.0,100.001,1001,1501,Yes,OD,0.0
oem_hyundai_Grid_4,HIIB - HYUNDAI,10000083193,PVT CAR,"Renewal, Roll Over",0.0,100.001,1501,999999999,Yes,OD,0.0
oem_hyundai_Grid_4,HIIB - HYUNDAI,10000083193,PVT CAR(1+1),"Renewal, Roll Over",0.0,100.001,-999,1001,Yes,OD,0.0
oem_hyundai_Grid_4,HIIB - HYUNDAI,10000083193,PVT CAR(1+1),"Renewal, Roll Over",0.0,100.001,1001,1501,Yes,OD,0.0
oem_hyundai_Grid_4,HIIB - HYUNDAI,10000083193,PVT CAR(1+1),"Renewal, Roll Over",0.0,100.001,1501,999999999,Yes,OD,0.0
oem_hyundai_Grid_4,HIIB - HYUNDAI,10000083193,PVT CAR(1+3),New,0.0,100.001,-999,1001,Yes,OD,0.0
oem_hyundai_Grid_4,HIIB - HYUNDAI,10000083193,PVT CAR(1+3),New,0.0,100.001,1001,1501,Yes,OD,0.0
oem_hyundai_Grid_4,HIIB - HYUNDAI,10000083193,PVT CAR(1+3),New,0.0,100.001,1501,999999999,Yes,OD,0.0
oem_hyundai_Grid_4,HIIB - HYUNDAI,10000083195,PVT CAR,"Renewal, Roll Over",0.0,100.001,-999,1001,Yes,OD,0.0
oem_hyundai_Grid_4,HIIB - HYUNDAI,10000083195,PVT CAR,"Renewal, Roll Over",0.0,100.001,1001,1501,Yes,OD,0.0
oem_hyundai_Grid_4,HIIB - HYUNDAI,10000083195,PVT CAR,"Renewal, Roll Over",0.0,100.001,1501,999999999,Yes,OD,0.0
oem_hyundai_Grid_4,HIIB - HYUNDAI,10000083195,PVT CAR(1+1),"Renewal, Roll Over",0.0,100.001,-999,1001,Yes,OD,0.0
oem_hyundai_Grid_4,HIIB - HYUNDAI,10000083195,PVT CAR(1+1),"Renewal, Roll Over",0.0,100.001,1001,1501,Yes,OD,0.0
oem_hyundai_Grid_4,HIIB - HYUNDAI,10000083195,PVT CAR(1+1),"Renewal, Roll Over",0.0,100.001,1501,999999999,Yes,OD,0.0
oem_hyundai_Grid_4,HIIB - HYUNDAI,10000083195,PVT CAR(1+3),New,85.001,100.001,-999,1001,Yes,OD,0.0
oem_hyundai_Grid_4,HIIB - HYUNDAI,10000083195,PVT CAR(1+3),New,60.001,85.001,-999,1001,Yes,OD,0.33
oem_hyundai_Grid_4,HIIB - HYUNDAI,10000083195,PVT CAR(1+3),New,0.0,60.001,-999,1001,Yes,OD,0.48
oem_hyundai_Grid_4,HIIB - HYUNDAI,10000083195,PVT CAR(1+3),New,85.001,100.001,1001,1501,Yes,OD,0.0
oem_hyundai_Grid_4,HIIB - HYUNDAI,10000083195,PVT CAR(1+3),New,60.001,85.001,1001,1501,Yes,OD,0.33
oem_hyundai_Grid_4,HIIB - HYUNDAI,10000083195,PVT CAR(1+3),New,0.0,60.001,1001,1501,Yes,OD,0.48
oem_hyundai_Grid_4,HIIB - HYUNDAI,10000083195,PVT CAR(1+3),New,85.001,100.001,1501,999999999,Yes,OD,0.0
oem_hyundai_Grid_4,HIIB - HYUNDAI,10000083195,PVT CAR(1+3),New,60.001,85.001,1501,999999999,Yes,OD,0.33
oem_hyundai_Grid_4,HIIB - HYUNDAI,10000083195,PVT CAR(1+3),New,0.0,60.001,1501,999999999,Yes,OD,0.48
oem_hyundai_Grid_4,HIIB - HYUNDAI,10000083202,PVT CAR,"Renewal, Roll Over",0.0,100.001,-999,1001,Yes,OD,0.0
oem_hyundai_Grid_4,HIIB - HYUNDAI,10000083202,PVT CAR,"Renewal, Roll Over",0.0,100.001,1001,1501,Yes,OD,0.0
oem_hyundai_Grid_4,HIIB - HYUNDAI,10000083202,PVT CAR,"Renewal, Roll Over",0.0,100.001,1501,999999999,Yes,OD,0.0
oem_hyundai_Grid_4,HIIB - HYUNDAI,10000083202,PVT CAR(1+1),"Renewal, Roll Over",0.0,100.001,-999,1001,Yes,OD,0.0
oem_hyundai_Grid_4,HIIB - HYUNDAI,10000083202,PVT CAR(1+1),"Renewal, Roll Over",0.0,100.001,1001,1501,Yes,OD,0.0
oem_hyundai_Grid_4,HIIB - HYUNDAI,10000083202,PVT CAR(1+1),"Renewal, Roll Over",0.0,100.001,1501,999999999,Yes,OD,0.0
oem_hyundai_Grid_4,HIIB - HYUNDAI,10000083202,PVT CAR(1+3),New,0.0,100.001,-999,1001,Yes,OD,0.0
oem_hyundai_Grid_4,HIIB - HYUNDAI,10000083202,PVT CAR(1+3),New,0.0,100.001,1001,1501,Yes,OD,0.0
oem_hyundai_Grid_4,HIIB - HYUNDAI,10000083202,PVT CAR(1+3),New,0.0,100.001,1501,999999999,Yes,OD,0.0
oem_hyundai_Grid_4,HIIB - HYUNDAI,10000083208,PVT CAR,"Renewal, Roll Over",0.0,100.001,-999,1001,Yes,OD,0.0
oem_hyundai_Grid_4,HIIB - HYUNDAI,10000083208,PVT CAR,"Renewal, Roll Over",0.0,100.001,1001,1501,Yes,OD,0.0
oem_hyundai_Grid_4,HIIB - HYUNDAI,10000083208,PVT CAR,"Renewal, Roll Over",0.0,100.001,1501,999999999,Yes,OD,0.0
oem_hyundai_Grid_4,HIIB - HYUNDAI,10000083208,PVT CAR(1+1),"Renewal, Roll Over",0.0,100.001,-999,1001,Yes,OD,0.0
oem_hyundai_Grid_4,HIIB - HYUNDAI,10000083208,PVT CAR(1+1),"Renewal, Roll Over",0.0,100.001,1001,1501,Yes,OD,0.0
oem_hyundai_Grid_4,HIIB - HYUNDAI,10000083208,PVT CAR(1+1),"Renewal, Roll Over",0.0,100.001,1501,999999999,Yes,OD,0.0
oem_hyundai_Grid_4,HIIB - HYUNDAI,10000083208,PVT CAR(1+3),New,85.001,100.001,-999,1001,Yes,OD,0.0
oem_hyundai_Grid_4,HIIB - HYUNDAI,10000083208,PVT CAR(1+3),New,60.001,85.001,-999,1001,Yes,OD,0.45
oem_hyundai_Grid_4,HIIB - HYUNDAI,10000083208,PVT CAR(1+3),New,20.001,60.001,-999,1001,Yes,OD,0.5549999999999999
oem_hyundai_Grid_4,HIIB - HYUNDAI,10000083208,PVT CAR(1+3),New,0.0,20.001,-999,1001,Yes,OD,0.655
oem_hyundai_Grid_4,HIIB - HYUNDAI,10000083208,PVT CAR(1+3),New,85.001,100.001,1001,1501,Yes,OD,0.0
oem_hyundai_Grid_4,HIIB - HYUNDAI,10000083208,PVT CAR(1+3),New,60.001,85.001,1001,1501,Yes,OD,0.45
oem_hyundai_Grid_4,HIIB - HYUNDAI,10000083208,PVT CAR(1+3),New,20.001,60.001,1001,1501,Yes,OD,0.5549999999999999
oem_hyundai_Grid_4,HIIB - HYUNDAI,10000083208,PVT CAR(1+3),New,0.0,20.001,1001,1501,Yes,OD,0.655
oem_hyundai_Grid_4,HIIB - HYUNDAI,10000083208,PVT CAR(1+3),New,85.001,100.001,1501,999999999,Yes,OD,0.0
oem_hyundai_Grid_4,HIIB - HYUNDAI,10000083208,PVT CAR(1+3),New,60.001,85.001,1501,999999999,Yes,OD,0.45
oem_hyundai_Grid_4,HIIB - HYUNDAI,10000083208,PVT CAR(1+3),New,20.001,60.001,1501,999999999,Yes,OD,0.5549999999999999
oem_hyundai_Grid_4,HIIB - HYUNDAI,10000083208,PVT CAR(1+3),New,0.0,20.001,1501,999999999,Yes,OD,0.655
oem_hyundai_Grid_4,HIIB - HYUNDAI,10000083222,PVT CAR,"Renewal, Roll Over",0.0,100.001,-999,1001,Yes,OD,0.0
oem_hyundai_Grid_4,HIIB - HYUNDAI,10000083222,PVT CAR,"Renewal, Roll Over",0.0,100.001,1001,1501,Yes,OD,0.0
oem_hyundai_Grid_4,HIIB - HYUNDAI,10000083222,PVT CAR,"Renewal, Roll Over",0.0,100.001,1501,999999999,Yes,OD,0.0
oem_hyundai_Grid_4,HIIB - HYUNDAI,10000083222,PVT CAR(1+1),"Renewal, Roll Over",0.0,100.001,-999,1001,Yes,OD,0.0
oem_hyundai_Grid_4,HIIB - HYUNDAI,10000083222,PVT CAR(1+1),"Renewal, Roll Over",0.0,100.001,1001,1501,Yes,OD,0.0
oem_hyundai_Grid_4,HIIB - HYUNDAI,10000083222,PVT CAR(1+1),"Renewal, Roll Over",0.0,100.001,1501,999999999,Yes,OD,0.0
oem_hyundai_Grid_4,HIIB - HYUNDAI,10000083222,PVT CAR(1+3),New,80.001,100.001,-999,1001,Yes,OD,0.0
oem_hyundai_Grid_4,HIIB - HYUNDAI,10000083222,PVT CAR(1+3),New,0.0,80.001,-999,1001,Yes,OD,0.2
oem_hyundai_Grid_4,HIIB - HYUNDAI,10000083222,PVT CAR(1+3),New,80.001,100.001,1001,1501,Yes,OD,0.0
oem_hyundai_Grid_4,HIIB - HYUNDAI,10000083222,PVT CAR(1+3),New,0.0,80.001,1001,1501,Yes,OD,0.2
oem_hyundai_Grid_4,HIIB - HYUNDAI,10000083222,PVT CAR(1+3),New,80.001,100.001,1501,999999999,Yes,OD,0.0
oem_hyundai_Grid_4,HIIB - HYUNDAI,10000083222,PVT CAR(1+3),New,0.0,80.001,1501,999999999,Yes,OD,0.2
oem_hyundai_Grid_4,HIIB - HYUNDAI,10000083226,PVT CAR,"Renewal, Roll Over",0.0,100.001,-999,1001,Yes,OD,0.0
oem_hyundai_Grid_4,HIIB - HYUNDAI,10000083226,PVT CAR,"Renewal, Roll Over",0.0,100.001,1001,1501,Yes,OD,0.0
oem_hyundai_Grid_4,HIIB - HYUNDAI,10000083226,PVT CAR,"Renewal, Roll Over",0.0,100.001,1501,999999999,Yes,OD,0.0
oem_hyundai_Grid_4,HIIB - HYUNDAI,10000083226,PVT CAR(1+1),"Renewal, Roll Over",0.0,100.001,-999,1001,Yes,OD,0.0
oem_hyundai_Grid_4,HIIB - HYUNDAI,10000083226,PVT CAR(1+1),"Renewal, Roll Over",0.0,100.001,1001,1501,Yes,OD,0.0
oem_hyundai_Grid_4,HIIB - HYUNDAI,10000083226,PVT CAR(1+1),"Renewal, Roll Over",0.0,100.001,1501,999999999,Yes,OD,0.0
oem_hyundai_Grid_4,HIIB - HYUNDAI,10000083226,PVT CAR(1+3),New,85.001,100.001,-999,1001,Yes,OD,0.0
oem_hyundai_Grid_4,HIIB - HYUNDAI,10000083226,PVT CAR(1+3),New,60.001,85.001,-999,1001,Yes,OD,0.255
oem_hyundai_Grid_4,HIIB - HYUNDAI,10000083226,PVT CAR(1+3),New,0.0,60.001,-999,1001,Yes,OD,0.48
oem_hyundai_Grid_4,HIIB - HYUNDAI,10000083226,PVT CAR(1+3),New,85.001,100.001,1001,1501,Yes,OD,0.0
oem_hyundai_Grid_4,HIIB - HYUNDAI,10000083226,PVT CAR(1+3),New,60.001,85.001,1001,1501,Yes,OD,0.255
oem_hyundai_Grid_4,HIIB - HYUNDAI,10000083226,PVT CAR(1+3),New,0.0,60.001,1001,1501,Yes,OD,0.48
oem_hyundai_Grid_4,HIIB - HYUNDAI,10000083226,PVT CAR(1+3),New,85.001,100.001,1501,999999999,Yes,OD,0.0
oem_hyundai_Grid_4,HIIB - HYUNDAI,10000083226,PVT CAR(1+3),New,60.001,85.001,1501,999999999,Yes,OD,0.255
oem_hyundai_Grid_4,HIIB - HYUNDAI,10000083226,PVT CAR(1+3),New,0.0,60.001,1501,999999999,Yes,OD,0.48
oem_hyundai_Grid_4,HIIB - HYUNDAI,10000083229,PVT CAR,"Renewal, Roll Over",0.0,100.001,-999,1001,Yes,OD,0.0
oem_hyundai_Grid_4,HIIB - HYUNDAI,10000083229,PVT CAR,"Renewal, Roll Over",0.0,100.001,1001,1501,Yes,OD,0.0
oem_hyundai_Grid_4,HIIB - HYUNDAI,10000083229,PVT CAR,"Renewal, Roll Over",0.0,100.001,1501,999999999,Yes,OD,0.0
oem_hyundai_Grid_4,HIIB - HYUNDAI,10000083229,PVT CAR(1+1),"Renewal, Roll Over",0.0,100.001,-999,1001,Yes,OD,0.0
oem_hyundai_Grid_4,HIIB - HYUNDAI,10000083229,PVT CAR(1+1),"Renewal, Roll Over",0.0,100.001,1001,1501,Yes,OD,0.0
oem_hyundai_Grid_4,HIIB - HYUNDAI,10000083229,PVT CAR(1+1),"Renewal, Roll Over",0.0,100.001,1501,999999999,Yes,OD,0.0
oem_hyundai_Grid_4,HIIB - HYUNDAI,10000083229,PVT CAR(1+3),New,0.0,100.001,-999,1001,Yes,OD,0.0
oem_hyundai_Grid_4,HIIB - HYUNDAI,10000083229,PVT CAR(1+3),New,0.0,100.001,1001,1501,Yes,OD,0.0
oem_hyundai_Grid_4,HIIB - HYUNDAI,10000083229,PVT CAR(1+3),New,0.0,100.001,1501,999999999,Yes,OD,0.0
oem_hyundai_Grid_4,HIIB - HYUNDAI,10000083234,PVT CAR,"Renewal, Roll Over",0.0,100.001,-999,1001,Yes,OD,0.0
oem_hyundai_Grid_4,HIIB - HYUNDAI,10000083234,PVT CAR,"Renewal, Roll Over",0.0,100.001,1001,1501,Yes,OD,0.0
oem_hyundai_Grid_4,HIIB - HYUNDAI,10000083234,PVT CAR,"Renewal, Roll Over",0.0,100.001,1501,999999999,Yes,OD,0.0
oem_hyundai_Grid_4,HIIB - HYUNDAI,10000083234,PVT CAR(1+1),"Renewal, Roll Over",0.0,100.001,-999,1001,Yes,OD,0.0
oem_hyundai_Grid_4,HIIB - HYUNDAI,10000083234,PVT CAR(1+1),"Renewal, Roll Over",0.0,100.001,1001,1501,Yes,OD,0.0
oem_hyundai_Grid_4,HIIB - HYUNDAI,10000083234,PVT CAR(1+1),"Renewal, Roll Over",0.0,100.001,1501,999999999,Yes,OD,0.0
oem_hyundai_Grid_4,HIIB - HYUNDAI,10000083234,PVT CAR(1+3),New,85.001,100.001,-999,1001,Yes,OD,0.0
oem_hyundai_Grid_4,HIIB - HYUNDAI,10000083234,PVT CAR(1+3),New,0.0,85.001,-999,1001,Yes,OD,0.3
oem_hyundai_Grid_4,HIIB - HYUNDAI,10000083234,PVT CAR(1+3),New,85.001,100.001,1001,1501,Yes,OD,0.0
oem_hyundai_Grid_4,HIIB - HYUNDAI,10000083234,PVT CAR(1+3),New,0.0,85.001,1001,1501,Yes,OD,0.3
oem_hyundai_Grid_4,HIIB - HYUNDAI,10000083234,PVT CAR(1+3),New,85.001,100.001,1501,999999999,Yes,OD,0.0
oem_hyundai_Grid_4,HIIB - HYUNDAI,10000083234,PVT CAR(1+3),New,0.0,85.001,1501,999999999,Yes,OD,0.3
oem_hyundai_Grid_4,HIIB - HYUNDAI,10000083235,PVT CAR,"Renewal, Roll Over",0.0,100.001,-999,1001,Yes,OD,0.0
oem_hyundai_Grid_4,HIIB - HYUNDAI,10000083235,PVT CAR,"Renewal, Roll Over",0.0,100.001,1001,1501,Yes,OD,0.0
oem_hyundai_Grid_4,HIIB - HYUNDAI,10000083235,PVT CAR,"Renewal, Roll Over",0.0,100.001,1501,999999999,Yes,OD,0.0
oem_hyundai_Grid_4,HIIB - HYUNDAI,10000083235,PVT CAR(1+1),"Renewal, Roll Over",0.0,100.001,-999,1001,Yes,OD,0.0
oem_hyundai_Grid_4,HIIB - HYUNDAI,10000083235,PVT CAR(1+1),"Renewal, Roll Over",0.0,100.001,1001,1501,Yes,OD,0.0
oem_hyundai_Grid_4,HIIB - HYUNDAI,10000083235,PVT CAR(1+1),"Renewal, Roll Over",0.0,100.001,1501,999999999,Yes,OD,0.0
oem_hyundai_Grid_4,HIIB - HYUNDAI,10000083235,PVT CAR(1+3),New,0.0,100.001,-999,1001,Yes,OD,0.0
oem_hyundai_Grid_4,HIIB - HYUNDAI,10000083235,PVT CAR(1+3),New,0.0,100.001,1001,1501,Yes,OD,0.0
oem_hyundai_Grid_4,HIIB - HYUNDAI,10000083235,PVT CAR(1+3),New,0.0,100.001,1501,999999999,Yes,OD,0.0
oem_hyundai_Grid_4,HIIB - HYUNDAI,10000083236,PVT CAR,"Renewal, Roll Over",0.0,100.001,-999,1001,Yes,OD,0.0
oem_hyundai_Grid_4,HIIB - HYUNDAI,10000083236,PVT CAR,"Renewal, Roll Over",0.0,100.001,1001,1501,Yes,OD,0.0
oem_hyundai_Grid_4,HIIB - HYUNDAI,10000083236,PVT CAR,"Renewal, Roll Over",0.0,100.001,1501,999999999,Yes,OD,0.0
oem_hyundai_Grid_4,HIIB - HYUNDAI,10000083236,PVT CAR(1+1),"Renewal, Roll Over",0.0,100.001,-999,1001,Yes,OD,0.0
oem_hyundai_Grid_4,HIIB - HYUNDAI,10000083236,PVT CAR(1+1),"Renewal, Roll Over",0.0,100.001,1001,1501,Yes,OD,0.0
oem_hyundai_Grid_4,HIIB - HYUNDAI,10000083236,PVT CAR(1+1),"Renewal, Roll Over",0.0,100.001,1501,999999999,Yes,OD,0.0
oem_hyundai_Grid_4,HIIB - HYUNDAI,10000083236,PVT CAR(1+3),New,0.0,100.001,-999,1001,Yes,OD,0.0
oem_hyundai_Grid_4,HIIB - HYUNDAI,10000083236,PVT CAR(1+3),New,0.0,100.001,1001,1501,Yes,OD,0.0
oem_hyundai_Grid_4,HIIB - HYUNDAI,10000083236,PVT CAR(1+3),New,0.0,100.001,1501,999999999,Yes,OD,0.0
oem_hyundai_Grid_4,HIIB - HYUNDAI,10000083286,PVT CAR,"Renewal, Roll Over",0.0,100.001,-999,1001,Yes,OD,0.0
oem_hyundai_Grid_4,HIIB - HYUNDAI,10000083286,PVT CAR,"Renewal, Roll Over",0.0,100.001,1001,1501,Yes,OD,0.0
oem_hyundai_Grid_4,HIIB - HYUNDAI,10000083286,PVT CAR,"Renewal, Roll Over",0.0,100.001,1501,999999999,Yes,OD,0.0
oem_hyundai_Grid_4,HIIB - HYUNDAI,10000083286,PVT CAR(1+1),"Renewal, Roll Over",0.0,100.001,-999,1001,Yes,OD,0.0
oem_hyundai_Grid_4,HIIB - HYUNDAI,10000083286,PVT CAR(1+1),"Renewal, Roll Over",0.0,100.001,1001,1501,Yes,OD,0.0
oem_hyundai_Grid_4,HIIB - HYUNDAI,10000083286,PVT CAR(1+1),"Renewal, Roll Over",0.0,100.001,1501,999999999,Yes,OD,0.0
oem_hyundai_Grid_4,HIIB - HYUNDAI,10000083286,PVT CAR(1+3),New,85.001,100.001,-999,1001,Yes,OD,0.0
oem_hyundai_Grid_4,HIIB - HYUNDAI,10000083286,PVT CAR(1+3),New,60.001,85.001,-999,1001,Yes,OD,0.1549999999999999
oem_hyundai_Grid_4,HIIB - HYUNDAI,10000083286,PVT CAR(1+3),New,0.0,60.001,-999,1001,Yes,OD,0.5049999999999999
oem_hyundai_Grid_4,HIIB - HYUNDAI,10000083286,PVT CAR(1+3),New,85.001,100.001,1001,1501,Yes,OD,0.0
oem_hyundai_Grid_4,HIIB - HYUNDAI,10000083286,PVT CAR(1+3),New,60.001,85.001,1001,1501,Yes,OD,0.1549999999999999
oem_hyundai_Grid_4,HIIB - HYUNDAI,10000083286,PVT CAR(1+3),New,0.0,60.001,1001,1501,Yes,OD,0.5049999999999999
oem_hyundai_Grid_4,HIIB - HYUNDAI,10000083286,PVT CAR(1+3),New,85.001,100.001,1501,999999999,Yes,OD,0.0
oem_hyundai_Grid_4,HIIB - HYUNDAI,10000083286,PVT CAR(1+3),New,60.001,85.001,1501,999999999,Yes,OD,0.1549999999999999
oem_hyundai_Grid_4,HIIB - HYUNDAI,10000083286,PVT CAR(1+3),New,0.0,60.001,1501,999999999,Yes,OD,0.5049999999999999
oem_hyundai_Grid_4,HIIB - HYUNDAI,10000083287,PVT CAR,"Renewal, Roll Over",0.0,100.001,-999,1001,Yes,OD,0.0
oem_hyundai_Grid_4,HIIB - HYUNDAI,10000083287,PVT CAR,"Renewal, Roll Over",0.0,100.001,1001,1501,Yes,OD,0.0
oem_hyundai_Grid_4,HIIB - HYUNDAI,10000083287,PVT CAR,"Renewal, Roll Over",0.0,100.001,1501,999999999,Yes,OD,0.0
oem_hyundai_Grid_4,HIIB - HYUNDAI,10000083287,PVT CAR(1+1),"Renewal, Roll Over",0.0,100.001,-999,1001,Yes,OD,0.0
oem_hyundai_Grid_4,HIIB - HYUNDAI,10000083287,PVT CAR(1+1),"Renewal, Roll Over",0.0,100.001,1001,1501,Yes,OD,0.0
oem_hyundai_Grid_4,HIIB - HYUNDAI,10000083287,PVT CAR(1+1),"Renewal, Roll Over",0.0,100.001,1501,999999999,Yes,OD,0.0
oem_hyundai_Grid_4,HIIB - HYUNDAI,10000083287,PVT CAR(1+3),New,85.001,100.001,-999,1001,Yes,OD,0.0
oem_hyundai_Grid_4,HIIB - HYUNDAI,10000083287,PVT CAR(1+3),New,60.001,85.001,-999,1001,Yes,OD,0.1549999999999999
oem_hyundai_Grid_4,HIIB - HYUNDAI,10000083287,PVT CAR(1+3),New,0.0,60.001,-999,1001,Yes,OD,0.455
oem_hyundai_Grid_4,HIIB - HYUNDAI,10000083287,PVT CAR(1+3),New,85.001,100.001,1001,1501,Yes,OD,0.0
oem_hyundai_Grid_4,HIIB - HYUNDAI,10000083287,PVT CAR(1+3),New,60.001,85.001,1001,1501,Yes,OD,0.1549999999999999
oem_hyundai_Grid_4,HIIB - HYUNDAI,10000083287,PVT CAR(1+3),New,0.0,60.001,1001,1501,Yes,OD,0.455
oem_hyundai_Grid_4,HIIB - HYUNDAI,10000083287,PVT CAR(1+3),New,85.001,100.001,1501,999999999,Yes,OD,0.0
oem_hyundai_Grid_4,HIIB - HYUNDAI,10000083287,PVT CAR(1+3),New,60.001,85.001,1501,999999999,Yes,OD,0.1549999999999999
oem_hyundai_Grid_4,HIIB - HYUNDAI,10000083287,PVT CAR(1+3),New,0.0,60.001,1501,999999999,Yes,OD,0.455
oem_hyundai_Grid_4,HIIB - HYUNDAI,10000083288,PVT CAR,"Renewal, Roll Over",0.0,100.001,-999,1001,Yes,OD,0.0
oem_hyundai_Grid_4,HIIB - HYUNDAI,10000083288,PVT CAR,"Renewal, Roll Over",0.0,100.001,1001,1501,Yes,OD,0.0
oem_hyundai_Grid_4,HIIB - HYUNDAI,10000083288,PVT CAR,"Renewal, Roll Over",0.0,100.001,1501,999999999,Yes,OD,0.0
oem_hyundai_Grid_4,HIIB - HYUNDAI,10000083288,PVT CAR(1+1),"Renewal, Roll Over",0.0,100.001,-999,1001,Yes,OD,0.0
oem_hyundai_Grid_4,HIIB - HYUNDAI,10000083288,PVT CAR(1+1),"Renewal, Roll Over",0.0,100.001,1001,1501,Yes,OD,0.0
oem_hyundai_Grid_4,HIIB - HYUNDAI,10000083288,PVT CAR(1+1),"Renewal, Roll Over",0.0,100.001,1501,999999999,Yes,OD,0.0
oem_hyundai_Grid_4,HIIB - HYUNDAI,10000083288,PVT CAR(1+3),New,0.0,100.001,-999,1001,Yes,OD,0.0
oem_hyundai_Grid_4,HIIB - HYUNDAI,10000083288,PVT CAR(1+3),New,0.0,100.001,1001,1501,Yes,OD,0.0
oem_hyundai_Grid_4,HIIB - HYUNDAI,10000083288,PVT CAR(1+3),New,0.0,100.001,1501,999999999,Yes,OD,0.0
oem_hyundai_Grid_4,HIIB - HYUNDAI,10000083289,PVT CAR,"Renewal, Roll Over",0.0,100.001,-999,1001,Yes,OD,0.0
oem_hyundai_Grid_4,HIIB - HYUNDAI,10000083289,PVT CAR,"Renewal, Roll Over",0.0,100.001,1001,1501,Yes,OD,0.0
oem_hyundai_Grid_4,HIIB - HYUNDAI,10000083289,PVT CAR,"Renewal, Roll Over",0.0,100.001,1501,999999999,Yes,OD,0.0
oem_hyundai_Grid_4,HIIB - HYUNDAI,10000083289,PVT CAR(1+1),"Renewal, Roll Over",0.0,100.001,-999,1001,Yes,OD,0.0
oem_hyundai_Grid_4,HIIB - HYUNDAI,10000083289,PVT CAR(1+1),"Renewal, Roll Over",0.0,100.001,1001,1501,Yes,OD,0.0
oem_hyundai_Grid_4,HIIB - HYUNDAI,10000083289,PVT CAR(1+1),"Renewal, Roll Over",0.0,100.001,1501,999999999,Yes,OD,0.0
oem_hyundai_Grid_4,HIIB - HYUNDAI,10000083289,PVT CAR(1+3),New,0.0,100.001,-999,1001,Yes,OD,0.0
oem_hyundai_Grid_4,HIIB - HYUNDAI,10000083289,PVT CAR(1+3),New,0.0,100.001,1001,1501,Yes,OD,0.0
oem_hyundai_Grid_4,HIIB - HYUNDAI,10000083289,PVT CAR(1+3),New,0.0,100.001,1501,999999999,Yes,OD,0.0
oem_hyundai_Grid_4,HIIB - HYUNDAI,10000083291,PVT CAR,"Renewal, Roll Over",0.0,100.001,-999,1001,Yes,OD,0.0
oem_hyundai_Grid_4,HIIB - HYUNDAI,10000083291,PVT CAR,"Renewal, Roll Over",0.0,100.001,1001,1501,Yes,OD,0.0
oem_hyundai_Grid_4,HIIB - HYUNDAI,10000083291,PVT CAR,"Renewal, Roll Over",0.0,100.001,1501,999999999,Yes,OD,0.0
oem_hyundai_Grid_4,HIIB - HYUNDAI,10000083291,PVT CAR(1+1),"Renewal, Roll Over",0.0,100.001,-999,1001,Yes,OD,0.0
oem_hyundai_Grid_4,HIIB - HYUNDAI,10000083291,PVT CAR(1+1),"Renewal, Roll Over",0.0,100.001,1001,1501,Yes,OD,0.0
oem_hyundai_Grid_4,HIIB - HYUNDAI,10000083291,PVT CAR(1+1),"Renewal, Roll Over",0.0,100.001,1501,999999999,Yes,OD,0.0
oem_hyundai_Grid_4,HIIB - HYUNDAI,10000083291,PVT CAR(1+3),New,85.001,100.001,-999,1001,Yes,OD,0.0
oem_hyundai_Grid_4,HIIB - HYUNDAI,10000083291,PVT CAR(1+3),New,60.001,85.001,-999,1001,Yes,OD,0.1549999999999999
oem_hyundai_Grid_4,HIIB - HYUNDAI,10000083291,PVT CAR(1+3),New,0.0,60.001,-999,1001,Yes,OD,0.405
oem_hyundai_Grid_4,HIIB - HYUNDAI,10000083291,PVT CAR(1+3),New,85.001,100.001,1001,1501,Yes,OD,0.0
oem_hyundai_Grid_4,HIIB - HYUNDAI,10000083291,PVT CAR(1+3),New,60.001,85.001,1001,1501,Yes,OD,0.1549999999999999
oem_hyundai_Grid_4,HIIB - HYUNDAI,10000083291,PVT CAR(1+3),New,0.0,60.001,1001,1501,Yes,OD,0.405
oem_hyundai_Grid_4,HIIB - HYUNDAI,10000083291,PVT CAR(1+3),New,85.001,100.001,1501,999999999,Yes,OD,0.0
oem_hyundai_Grid_4,HIIB - HYUNDAI,10000083291,PVT CAR(1+3),New,60.001,85.001,1501,999999999,Yes,OD,0.1549999999999999
oem_hyundai_Grid_4,HIIB - HYUNDAI,10000083291,PVT CAR(1+3),New,0.0,60.001,1501,999999999,Yes,OD,0.405
oem_hyundai_Grid_4,HIIB - HYUNDAI,10000083292,PVT CAR,"Renewal, Roll Over",0.0,100.001,-999,1001,Yes,OD,0.0
oem_hyundai_Grid_4,HIIB - HYUNDAI,10000083292,PVT CAR,"Renewal, Roll Over",0.0,100.001,1001,1501,Yes,OD,0.0
oem_hyundai_Grid_4,HIIB - HYUNDAI,10000083292,PVT CAR,"Renewal, Roll Over",0.0,100.001,1501,999999999,Yes,OD,0.0
oem_hyundai_Grid_4,HIIB - HYUNDAI,10000083292,PVT CAR(1+1),"Renewal, Roll Over",0.0,100.001,-999,1001,Yes,OD,0.0
oem_hyundai_Grid_4,HIIB - HYUNDAI,10000083292,PVT CAR(1+1),"Renewal, Roll Over",0.0,100.001,1001,1501,Yes,OD,0.0
oem_hyundai_Grid_4,HIIB - HYUNDAI,10000083292,PVT CAR(1+1),"Renewal, Roll Over",0.0,100.001,1501,999999999,Yes,OD,0.0
oem_hyundai_Grid_4,HIIB - HYUNDAI,10000083292,PVT CAR(1+3),New,0.0,100.001,-999,1001,Yes,OD,0.0
oem_hyundai_Grid_4,HIIB - HYUNDAI,10000083292,PVT CAR(1+3),New,0.0,100.001,1001,1501,Yes,OD,0.0
oem_hyundai_Grid_4,HIIB - HYUNDAI,10000083292,PVT CAR(1+3),New,0.0,100.001,1501,999999999,Yes,OD,0.0
oem_hyundai_Grid_4,HIIB - HYUNDAI,10000083293,PVT CAR,"Renewal, Roll Over",0.0,100.001,-999,1001,Yes,OD,0.0
oem_hyundai_Grid_4,HIIB - HYUNDAI,10000083293,PVT CAR,"Renewal, Roll Over",0.0,100.001,1001,1501,Yes,OD,0.0
oem_hyundai_Grid_4,HIIB - HYUNDAI,10000083293,PVT CAR,"Renewal, Roll Over",0.0,100.001,1501,999999999,Yes,OD,0.0
oem_hyundai_Grid_4,HIIB - HYUNDAI,10000083293,PVT CAR(1+1),"Renewal, Roll Over",0.0,100.001,-999,1001,Yes,OD,0.0
oem_hyundai_Grid_4,HIIB - HYUNDAI,10000083293,PVT CAR(1+1),"Renewal, Roll Over",0.0,100.001,1001,1501,Yes,OD,0.0
oem_hyundai_Grid_4,HIIB - HYUNDAI,10000083293,PVT CAR(1+1),"Renewal, Roll Over",0.0,100.001,1501,999999999,Yes,OD,0.0
oem_hyundai_Grid_4,HIIB - HYUNDAI,10000083293,PVT CAR(1+3),New,0.0,100.001,-999,1001,Yes,OD,0.0
oem_hyundai_Grid_4,HIIB - HYUNDAI,10000083293,PVT CAR(1+3),New,0.0,100.001,1001,1501,Yes,OD,0.0
oem_hyundai_Grid_4,HIIB - HYUNDAI,10000083293,PVT CAR(1+3),New,0.0,100.001,1501,999999999,Yes,OD,0.0
oem_hyundai_Grid_4,HIIB - HYUNDAI,10000083294,PVT CAR,"Renewal, Roll Over",0.0,100.001,-999,1001,Yes,OD,0.0
oem_hyundai_Grid_4,HIIB - HYUNDAI,10000083294,PVT CAR,"Renewal, Roll Over",0.0,100.001,1001,1501,Yes,OD,0.0
oem_hyundai_Grid_4,HIIB - HYUNDAI,10000083294,PVT CAR,"Renewal, Roll Over",0.0,100.001,1501,999999999,Yes,OD,0.0
oem_hyundai_Grid_4,HIIB - HYUNDAI,10000083294,PVT CAR(1+1),"Renewal, Roll Over",0.0,100.001,-999,1001,Yes,OD,0.0
oem_hyundai_Grid_4,HIIB - HYUNDAI,10000083294,PVT CAR(1+1),"Renewal, Roll Over",0.0,100.001,1001,1501,Yes,OD,0.0
oem_hyundai_Grid_4,HIIB - HYUNDAI,10000083294,PVT CAR(1+1),"Renewal, Roll Over",0.0,100.001,1501,999999999,Yes,OD,0.0
oem_hyundai_Grid_4,HIIB - HYUNDAI,10000083294,PVT CAR(1+3),New,85.001,100.001,-999,1001,Yes,OD,0.0
oem_hyundai_Grid_4,HIIB - HYUNDAI,10000083294,PVT CAR(1+3),New,60.001,85.001,-999,1001,Yes,OD,0.1549999999999999
oem_hyundai_Grid_4,HIIB - HYUNDAI,10000083294,PVT CAR(1+3),New,20.001,60.001,-999,1001,Yes,OD,0.455
oem_hyundai_Grid_4,HIIB - HYUNDAI,10000083294,PVT CAR(1+3),New,1.001,20.001,-999,1001,Yes,OD,0.655
oem_hyundai_Grid_4,HIIB - HYUNDAI,10000083294,PVT CAR(1+3),New,0.0,0.999,-999,1001,Yes,OD,0.7050000000000001
oem_hyundai_Grid_4,HIIB - HYUNDAI,10000083294,PVT CAR(1+3),New,85.001,100.001,1001,1501,Yes,OD,0.0
oem_hyundai_Grid_4,HIIB - HYUNDAI,10000083294,PVT CAR(1+3),New,60.001,85.001,1001,1501,Yes,OD,0.1549999999999999
oem_hyundai_Grid_4,HIIB - HYUNDAI,10000083294,PVT CAR(1+3),New,20.001,60.001,1001,1501,Yes,OD,0.455
oem_hyundai_Grid_4,HIIB - HYUNDAI,10000083294,PVT CAR(1+3),New,1.001,20.001,1001,1501,Yes,OD,0.655
oem_hyundai_Grid_4,HIIB - HYUNDAI,10000083294,PVT CAR(1+3),New,0.0,0.999,1001,1501,Yes,OD,0.7050000000000001
oem_hyundai_Grid_4,HIIB - HYUNDAI,10000083294,PVT CAR(1+3),New,85.001,100.001,1501,999999999,Yes,OD,0.0
oem_hyundai_Grid_4,HIIB - HYUNDAI,10000083294,PVT CAR(1+3),New,60.001,85.001,1501,999999999,Yes,OD,0.1549999999999999
oem_hyundai_Grid_4,HIIB - HYUNDAI,10000083294,PVT CAR(1+3),New,20.001,60.001,1501,999999999,Yes,OD,0.455
oem_hyundai_Grid_4,HIIB - HYUNDAI,10000083294,PVT CAR(1+3),New,1.001,20.001,1501,999999999,Yes,OD,0.655
oem_hyundai_Grid_4,HIIB - HYUNDAI,10000083294,PVT CAR(1+3),New,0.0,0.999,1501,999999999,Yes,OD,0.7050000000000001
oem_hyundai_Grid_4,HIIB - HYUNDAI,10000083295,PVT CAR,"Renewal, Roll Over",0.0,100.001,-999,1001,Yes,OD,0.0
oem_hyundai_Grid_4,HIIB - HYUNDAI,10000083295,PVT CAR,"Renewal, Roll Over",0.0,100.001,1001,1501,Yes,OD,0.0
oem_hyundai_Grid_4,HIIB - HYUNDAI,10000083295,PVT CAR,"Renewal, Roll Over",0.0,100.001,1501,999999999,Yes,OD,0.0
oem_hyundai_Grid_4,HIIB - HYUNDAI,10000083295,PVT CAR(1+1),"Renewal, Roll Over",0.0,100.001,-999,1001,Yes,OD,0.0
oem_hyundai_Grid_4,HIIB - HYUNDAI,10000083295,PVT CAR(1+1),"Renewal, Roll Over",0.0,100.001,1001,1501,Yes,OD,0.0
oem_hyundai_Grid_4,HIIB - HYUNDAI,10000083295,PVT CAR(1+1),"Renewal, Roll Over",0.0,100.001,1501,999999999,Yes,OD,0.0
oem_hyundai_Grid_4,HIIB - HYUNDAI,10000083295,PVT CAR(1+3),New,85.001,100.001,-999,1001,Yes,OD,0.0
oem_hyundai_Grid_4,HIIB - HYUNDAI,10000083295,PVT CAR(1+3),New,60.001,85.001,-999,1001,Yes,OD,0.1549999999999999
oem_hyundai_Grid_4,HIIB - HYUNDAI,10000083295,PVT CAR(1+3),New,20.001,60.001,-999,1001,Yes,OD,0.455
oem_hyundai_Grid_4,HIIB - HYUNDAI,10000083295,PVT CAR(1+3),New,1.001,20.001,-999,1001,Yes,OD,0.655
oem_hyundai_Grid_4,HIIB - HYUNDAI,10000083295,PVT CAR(1+3),New,0.0,0.999,-999,1001,Yes,OD,0.7050000000000001
oem_hyundai_Grid_4,HIIB - HYUNDAI,10000083295,PVT CAR(1+3),New,85.001,100.001,1001,1501,Yes,OD,0.0
oem_hyundai_Grid_4,HIIB - HYUNDAI,10000083295,PVT CAR(1+3),New,60.001,85.001,1001,1501,Yes,OD,0.1549999999999999
oem_hyundai_Grid_4,HIIB - HYUNDAI,10000083295,PVT CAR(1+3),New,20.001,60.001,1001,1501,Yes,OD,0.455
oem_hyundai_Grid_4,HIIB - HYUNDAI,10000083295,PVT CAR(1+3),New,1.001,20.001,1001,1501,Yes,OD,0.655
oem_hyundai_Grid_4,HIIB - HYUNDAI,10000083295,PVT CAR(1+3),New,0.0,0.999,1001,1501,Yes,OD,0.7050000000000001
oem_hyundai_Grid_4,HIIB - HYUNDAI,10000083295,PVT CAR(1+3),New,85.001,100.001,1501,999999999,Yes,OD,0.0
oem_hyundai_Grid_4,HIIB - HYUNDAI,10000083295,PVT CAR(1+3),New,60.001,85.001,1501,999999999,Yes,OD,0.1549999999999999
oem_hyundai_Grid_4,HIIB - HYUNDAI,10000083295,PVT CAR(1+3),New,20.001,60.001,1501,999999999,Yes,OD,0.455
oem_hyundai_Grid_4,HIIB - HYUNDAI,10000083295,PVT CAR(1+3),New,1.001,20.001,1501,999999999,Yes,OD,0.655
oem_hyundai_Grid_4,HIIB - HYUNDAI,10000083295,PVT CAR(1+3),New,0.0,0.999,1501,999999999,Yes,OD,0.7050000000000001
oem_hyundai_Grid_4,HIIB - HYUNDAI,10000083296,PVT CAR,"Renewal, Roll Over",0.0,100.001,-999,1001,Yes,OD,0.0
oem_hyundai_Grid_4,HIIB - HYUNDAI,10000083296,PVT CAR,"Renewal, Roll Over",0.0,100.001,1001,1501,Yes,OD,0.0
oem_hyundai_Grid_4,HIIB - HYUNDAI,10000083296,PVT CAR,"Renewal, Roll Over",0.0,100.001,1501,999999999,Yes,OD,0.0
oem_hyundai_Grid_4,HIIB - HYUNDAI,10000083296,PVT CAR(1+1),"Renewal, Roll Over",0.0,100.001,-999,1001,Yes,OD,0.0
oem_hyundai_Grid_4,HIIB - HYUNDAI,10000083296,PVT CAR(1+1),"Renewal, Roll Over",0.0,100.001,1001,1501,Yes,OD,0.0
oem_hyundai_Grid_4,HIIB - HYUNDAI,10000083296,PVT CAR(1+1),"Renewal, Roll Over",0.0,100.001,1501,999999999,Yes,OD,0.0
oem_hyundai_Grid_4,HIIB - HYUNDAI,10000083296,PVT CAR(1+3),New,0.0,100.001,-999,1001,Yes,OD,0.0
oem_hyundai_Grid_4,HIIB - HYUNDAI,10000083296,PVT CAR(1+3),New,0.0,100.001,1001,1501,Yes,OD,0.0
oem_hyundai_Grid_4,HIIB - HYUNDAI,10000083296,PVT CAR(1+3),New,0.0,100.001,1501,999999999,Yes,OD,0.0
oem_hyundai_Grid_4,HIIB - HYUNDAI,10000083299,PVT CAR,"Renewal, Roll Over",0.0,100.001,-999,1001,Yes,OD,0.0
oem_hyundai_Grid_4,HIIB - HYUNDAI,10000083299,PVT CAR,"Renewal, Roll Over",0.0,100.001,1001,1501,Yes,OD,0.0
oem_hyundai_Grid_4,HIIB - HYUNDAI,10000083299,PVT CAR,"Renewal, Roll Over",0.0,100.001,1501,999999999,Yes,OD,0.0
oem_hyundai_Grid_4,HIIB - HYUNDAI,10000083299,PVT CAR(1+1),"Renewal, Roll Over",0.0,100.001,-999,1001,Yes,OD,0.0
oem_hyundai_Grid_4,HIIB - HYUNDAI,10000083299,PVT CAR(1+1),"Renewal, Roll Over",0.0,100.001,1001,1501,Yes,OD,0.0
oem_hyundai_Grid_4,HIIB - HYUNDAI,10000083299,PVT CAR(1+1),"Renewal, Roll Over",0.0,100.001,1501,999999999,Yes,OD,0.0
oem_hyundai_Grid_4,HIIB - HYUNDAI,10000083299,PVT CAR(1+3),New,0.0,100.001,-999,1001,Yes,OD,0.0
oem_hyundai_Grid_4,HIIB - HYUNDAI,10000083299,PVT CAR(1+3),New,0.0,100.001,1001,1501,Yes,OD,0.0
oem_hyundai_Grid_4,HIIB - HYUNDAI,10000083299,PVT CAR(1+3),New,0.0,100.001,1501,999999999,Yes,OD,0.0
oem_hyundai_Grid_4,HIIB - HYUNDAI,10000083302,PVT CAR,"Renewal, Roll Over",0.0,100.001,-999,1001,Yes,OD,0.0
oem_hyundai_Grid_4,HIIB - HYUNDAI,10000083302,PVT CAR,"Renewal, Roll Over",0.0,100.001,1001,1501,Yes,OD,0.0
oem_hyundai_Grid_4,HIIB - HYUNDAI,10000083302,PVT CAR,"Renewal, Roll Over",0.0,100.001,1501,999999999,Yes,OD,0.0
oem_hyundai_Grid_4,HIIB - HYUNDAI,10000083302,PVT CAR(1+1),"Renewal, Roll Over",0.0,100.001,-999,1001,Yes,OD,0.0
oem_hyundai_Grid_4,HIIB - HYUNDAI,10000083302,PVT CAR(1+1),"Renewal, Roll Over",0.0,100.001,1001,1501,Yes,OD,0.0
oem_hyundai_Grid_4,HIIB - HYUNDAI,10000083302,PVT CAR(1+1),"Renewal, Roll Over",0.0,100.001,1501,999999999,Yes,OD,0.0
oem_hyundai_Grid_4,HIIB - HYUNDAI,10000083302,PVT CAR(1+3),New,85.001,100.001,-999,1001,Yes,OD,0.0
oem_hyundai_Grid_4,HIIB - HYUNDAI,10000083302,PVT CAR(1+3),New,60.001,85.001,-999,1001,Yes,OD,0.1549999999999999
oem_hyundai_Grid_4,HIIB - HYUNDAI,10000083302,PVT CAR(1+3),New,0.0,60.001,-999,1001,Yes,OD,0.5049999999999999
oem_hyundai_Grid_4,HIIB - HYUNDAI,10000083302,PVT CAR(1+3),New,85.001,100.001,1001,1501,Yes,OD,0.0
oem_hyundai_Grid_4,HIIB - HYUNDAI,10000083302,PVT CAR(1+3),New,60.001,85.001,1001,1501,Yes,OD,0.1549999999999999
oem_hyundai_Grid_4,HIIB - HYUNDAI,10000083302,PVT CAR(1+3),New,0.0,60.001,1001,1501,Yes,OD,0.5049999999999999
oem_hyundai_Grid_4,HIIB - HYUNDAI,10000083302,PVT CAR(1+3),New,85.001,100.001,1501,999999999,Yes,OD,0.0
oem_hyundai_Grid_4,HIIB - HYUNDAI,10000083302,PVT CAR(1+3),New,60.001,85.001,1501,999999999,Yes,OD,0.1549999999999999
oem_hyundai_Grid_4,HIIB - HYUNDAI,10000083302,PVT CAR(1+3),New,0.0,60.001,1501,999999999,Yes,OD,0.5049999999999999
oem_hyundai_Grid_4,HIIB - HYUNDAI,10000083304,PVT CAR,"Renewal, Roll Over",0.0,100.001,-999,1001,Yes,OD,0.0
oem_hyundai_Grid_4,HIIB - HYUNDAI,10000083304,PVT CAR,"Renewal, Roll Over",0.0,100.001,1001,1501,Yes,OD,0.0
oem_hyundai_Grid_4,HIIB - HYUNDAI,10000083304,PVT CAR,"Renewal, Roll Over",0.0,100.001,1501,999999999,Yes,OD,0.0
oem_hyundai_Grid_4,HIIB - HYUNDAI,10000083304,PVT CAR(1+1),"Renewal, Roll Over",0.0,100.001,-999,1001,Yes,OD,0.0
oem_hyundai_Grid_4,HIIB - HYUNDAI,10000083304,PVT CAR(1+1),"Renewal, Roll Over",0.0,100.001,1001,1501,Yes,OD,0.0
oem_hyundai_Grid_4,HIIB - HYUNDAI,10000083304,PVT CAR(1+1),"Renewal, Roll Over",0.0,100.001,1501,999999999,Yes,OD,0.0
oem_hyundai_Grid_4,HIIB - HYUNDAI,10000083304,PVT CAR(1+3),New,85.001,100.001,-999,1001,Yes,OD,0.0
oem_hyundai_Grid_4,HIIB - HYUNDAI,10000083304,PVT CAR(1+3),New,60.001,85.001,-999,1001,Yes,OD,0.45
oem_hyundai_Grid_4,HIIB - HYUNDAI,10000083304,PVT CAR(1+3),New,20.001,60.001,-999,1001,Yes,OD,0.5549999999999999
oem_hyundai_Grid_4,HIIB - HYUNDAI,10000083304,PVT CAR(1+3),New,0.0,20.001,-999,1001,Yes,OD,0.655
oem_hyundai_Grid_4,HIIB - HYUNDAI,10000083304,PVT CAR(1+3),New,85.001,100.001,1001,1501,Yes,OD,0.0
oem_hyundai_Grid_4,HIIB - HYUNDAI,10000083304,PVT CAR(1+3),New,60.001,85.001,1001,1501,Yes,OD,0.45
oem_hyundai_Grid_4,HIIB - HYUNDAI,10000083304,PVT CAR(1+3),New,20.001,60.001,1001,1501,Yes,OD,0.5549999999999999
oem_hyundai_Grid_4,HIIB - HYUNDAI,10000083304,PVT CAR(1+3),New,0.0,20.001,1001,1501,Yes,OD,0.655
oem_hyundai_Grid_4,HIIB - HYUNDAI,10000083304,PVT CAR(1+3),New,85.001,100.001,1501,999999999,Yes,OD,0.0
oem_hyundai_Grid_4,HIIB - HYUNDAI,10000083304,PVT CAR(1+3),New,60.001,85.001,1501,999999999,Yes,OD,0.45
oem_hyundai_Grid_4,HIIB - HYUNDAI,10000083304,PVT CAR(1+3),New,20.001,60.001,1501,999999999,Yes,OD,0.5549999999999999
oem_hyundai_Grid_4,HIIB - HYUNDAI,10000083304,PVT CAR(1+3),New,0.0,20.001,1501,999999999,Yes,OD,0.655
oem_hyundai_Grid_4,HIIB - HYUNDAI,10000083305,PVT CAR,"Renewal, Roll Over",0.0,100.001,-999,1001,Yes,OD,0.0
oem_hyundai_Grid_4,HIIB - HYUNDAI,10000083305,PVT CAR,"Renewal, Roll Over",0.0,100.001,1001,1501,Yes,OD,0.0
oem_hyundai_Grid_4,HIIB - HYUNDAI,10000083305,PVT CAR,"Renewal, Roll Over",0.0,100.001,1501,999999999,Yes,OD,0.0
oem_hyundai_Grid_4,HIIB - HYUNDAI,10000083305,PVT CAR(1+1),"Renewal, Roll Over",0.0,100.001,-999,1001,Yes,OD,0.0
oem_hyundai_Grid_4,HIIB - HYUNDAI,10000083305,PVT CAR(1+1),"Renewal, Roll Over",0.0,100.001,1001,1501,Yes,OD,0.0
oem_hyundai_Grid_4,HIIB - HYUNDAI,10000083305,PVT CAR(1+1),"Renewal, Roll Over",0.0,100.001,1501,999999999,Yes,OD,0.0
oem_hyundai_Grid_4,HIIB - HYUNDAI,10000083305,PVT CAR(1+3),New,85.001,100.001,-999,1001,Yes,OD,0.0
oem_hyundai_Grid_4,HIIB - HYUNDAI,10000083305,PVT CAR(1+3),New,60.001,85.001,-999,1001,Yes,OD,0.45
oem_hyundai_Grid_4,HIIB - HYUNDAI,10000083305,PVT CAR(1+3),New,20.001,60.001,-999,1001,Yes,OD,0.5549999999999999
oem_hyundai_Grid_4,HIIB - HYUNDAI,10000083305,PVT CAR(1+3),New,0.0,20.001,-999,1001,Yes,OD,0.655
oem_hyundai_Grid_4,HIIB - HYUNDAI,10000083305,PVT CAR(1+3),New,85.001,100.001,1001,1501,Yes,OD,0.0
oem_hyundai_Grid_4,HIIB - HYUNDAI,10000083305,PVT CAR(1+3),New,60.001,85.001,1001,1501,Yes,OD,0.45
oem_hyundai_Grid_4,HIIB - HYUNDAI,10000083305,PVT CAR(1+3),New,20.001,60.001,1001,1501,Yes,OD,0.5549999999999999
oem_hyundai_Grid_4,HIIB - HYUNDAI,10000083305,PVT CAR(1+3),New,0.0,20.001,1001,1501,Yes,OD,0.655
oem_hyundai_Grid_4,HIIB - HYUNDAI,10000083305,PVT CAR(1+3),New,85.001,100.001,1501,999999999,Yes,OD,0.0
oem_hyundai_Grid_4,HIIB - HYUNDAI,10000083305,PVT CAR(1+3),New,60.001,85.001,1501,999999999,Yes,OD,0.45
oem_hyundai_Grid_4,HIIB - HYUNDAI,10000083305,PVT CAR(1+3),New,20.001,60.001,1501,999999999,Yes,OD,0.5549999999999999
oem_hyundai_Grid_4,HIIB - HYUNDAI,10000083305,PVT CAR(1+3),New,0.0,20.001,1501,999999999,Yes,OD,0.655
oem_hyundai_Grid_4,HIIB - HYUNDAI,10000083309,PVT CAR,"Renewal, Roll Over",0.0,100.001,-999,1001,Yes,OD,0.0
oem_hyundai_Grid_4,HIIB - HYUNDAI,10000083309,PVT CAR,"Renewal, Roll Over",0.0,100.001,1001,1501,Yes,OD,0.0
oem_hyundai_Grid_4,HIIB - HYUNDAI,10000083309,PVT CAR,"Renewal, Roll Over",0.0,100.001,1501,999999999,Yes,OD,0.0
oem_hyundai_Grid_4,HIIB - HYUNDAI,10000083309,PVT CAR(1+1),"Renewal, Roll Over",0.0,100.001,-999,1001,Yes,OD,0.0
oem_hyundai_Grid_4,HIIB - HYUNDAI,10000083309,PVT CAR(1+1),"Renewal, Roll Over",0.0,100.001,1001,1501,Yes,OD,0.0
oem_hyundai_Grid_4,HIIB - HYUNDAI,10000083309,PVT CAR(1+1),"Renewal, Roll Over",0.0,100.001,1501,999999999,Yes,OD,0.0
oem_hyundai_Grid_4,HIIB - HYUNDAI,10000083309,PVT CAR(1+3),New,0.0,100.001,-999,1001,Yes,OD,0.0
oem_hyundai_Grid_4,HIIB - HYUNDAI,10000083309,PVT CAR(1+3),New,0.0,100.001,1001,1501,Yes,OD,0.0
oem_hyundai_Grid_4,HIIB - HYUNDAI,10000083309,PVT CAR(1+3),New,0.0,100.001,1501,999999999,Yes,OD,0.0
oem_hyundai_Grid_4,HIIB - HYUNDAI,10000083311,PVT CAR,"Renewal, Roll Over",0.0,100.001,-999,1001,Yes,OD,0.0
oem_hyundai_Grid_4,HIIB - HYUNDAI,10000083311,PVT CAR,"Renewal, Roll Over",0.0,100.001,1001,1501,Yes,OD,0.0
oem_hyundai_Grid_4,HIIB - HYUNDAI,10000083311,PVT CAR,"Renewal, Roll Over",0.0,100.001,1501,999999999,Yes,OD,0.0
oem_hyundai_Grid_4,HIIB - HYUNDAI,10000083311,PVT CAR(1+1),"Renewal, Roll Over",0.0,100.001,-999,1001,Yes,OD,0.0
oem_hyundai_Grid_4,HIIB - HYUNDAI,10000083311,PVT CAR(1+1),"Renewal, Roll Over",0.0,100.001,1001,1501,Yes,OD,0.0
oem_hyundai_Grid_4,HIIB - HYUNDAI,10000083311,PVT CAR(1+1),"Renewal, Roll Over",0.0,100.001,1501,999999999,Yes,OD,0.0
oem_hyundai_Grid_4,HIIB - HYUNDAI,10000083311,PVT CAR(1+3),New,85.001,100.001,-999,1001,Yes,OD,0.0
oem_hyundai_Grid_4,HIIB - HYUNDAI,10000083311,PVT CAR(1+3),New,60.001,85.001,-999,1001,Yes,OD,0.2
oem_hyundai_Grid_4,HIIB - HYUNDAI,10000083311,PVT CAR(1+3),New,20.001,60.001,-999,1001,Yes,OD,0.255
oem_hyundai_Grid_4,HIIB - HYUNDAI,10000083311,PVT CAR(1+3),New,0.0,20.001,-999,1001,Yes,OD,0.405
oem_hyundai_Grid_4,HIIB - HYUNDAI,10000083311,PVT CAR(1+3),New,85.001,100.001,1001,1501,Yes,OD,0.0
oem_hyundai_Grid_4,HIIB - HYUNDAI,10000083311,PVT CAR(1+3),New,60.001,85.001,1001,1501,Yes,OD,0.2
oem_hyundai_Grid_4,HIIB - HYUNDAI,10000083311,PVT CAR(1+3),New,20.001,60.001,1001,1501,Yes,OD,0.255
oem_hyundai_Grid_4,HIIB - HYUNDAI,10000083311,PVT CAR(1+3),New,0.0,20.001,1001,1501,Yes,OD,0.405
oem_hyundai_Grid_4,HIIB - HYUNDAI,10000083311,PVT CAR(1+3),New,85.001,100.001,1501,999999999,Yes,OD,0.0
oem_hyundai_Grid_4,HIIB - HYUNDAI,10000083311,PVT CAR(1+3),New,60.001,85.001,1501,999999999,Yes,OD,0.2
oem_hyundai_Grid_4,HIIB - HYUNDAI,10000083311,PVT CAR(1+3),New,20.001,60.001,1501,999999999,Yes,OD,0.255
oem_hyundai_Grid_4,HIIB - HYUNDAI,10000083311,PVT CAR(1+3),New,0.0,20.001,1501,999999999,Yes,OD,0.405
oem_hyundai_Grid_4,HIIB - HYUNDAI,10000083313,PVT CAR,"Renewal, Roll Over",0.0,100.001,-999,1001,Yes,OD,0.0
oem_hyundai_Grid_4,HIIB - HYUNDAI,10000083313,PVT CAR,"Renewal, Roll Over",0.0,100.001,1001,1501,Yes,OD,0.0
oem_hyundai_Grid_4,HIIB - HYUNDAI,10000083313,PVT CAR,"Renewal, Roll Over",0.0,100.001,1501,999999999,Yes,OD,0.0
oem_hyundai_Grid_4,HIIB - HYUNDAI,10000083313,PVT CAR(1+1),"Renewal, Roll Over",0.0,100.001,-999,1001,Yes,OD,0.0
oem_hyundai_Grid_4,HIIB - HYUNDAI,10000083313,PVT CAR(1+1),"Renewal, Roll Over",0.0,100.001,1001,1501,Yes,OD,0.0
oem_hyundai_Grid_4,HIIB - HYUNDAI,10000083313,PVT CAR(1+1),"Renewal, Roll Over",0.0,100.001,1501,999999999,Yes,OD,0.0
oem_hyundai_Grid_4,HIIB - HYUNDAI,10000083313,PVT CAR(1+3),New,0.0,100.001,-999,1001,Yes,OD,0.0
oem_hyundai_Grid_4,HIIB - HYUNDAI,10000083313,PVT CAR(1+3),New,0.0,100.001,1001,1501,Yes,OD,0.0
oem_hyundai_Grid_4,HIIB - HYUNDAI,10000083313,PVT CAR(1+3),New,0.0,100.001,1501,999999999,Yes,OD,0.0
oem_hyundai_Grid_4,HIIB - HYUNDAI,10000083315,PVT CAR,"Renewal, Roll Over",0.0,100.001,-999,1001,Yes,OD,0.0
oem_hyundai_Grid_4,HIIB - HYUNDAI,10000083315,PVT CAR,"Renewal, Roll Over",0.0,100.001,1001,1501,Yes,OD,0.0
oem_hyundai_Grid_4,HIIB - HYUNDAI,10000083315,PVT CAR,"Renewal, Roll Over",0.0,100.001,1501,999999999,Yes,OD,0.0
oem_hyundai_Grid_4,HIIB - HYUNDAI,10000083315,PVT CAR(1+1),"Renewal, Roll Over",0.0,100.001,-999,1001,Yes,OD,0.0
oem_hyundai_Grid_4,HIIB - HYUNDAI,10000083315,PVT CAR(1+1),"Renewal, Roll Over",0.0,100.001,1001,1501,Yes,OD,0.0
oem_hyundai_Grid_4,HIIB - HYUNDAI,10000083315,PVT CAR(1+1),"Renewal, Roll Over",0.0,100.001,1501,999999999,Yes,OD,0.0
oem_hyundai_Grid_4,HIIB - HYUNDAI,10000083315,PVT CAR(1+3),New,85.001,100.001,-999,1001,Yes,OD,0.0
oem_hyundai_Grid_4,HIIB - HYUNDAI,10000083315,PVT CAR(1+3),New,60.001,85.001,-999,1001,Yes,OD,0.1549999999999999
oem_hyundai_Grid_4,HIIB - HYUNDAI,10000083315,PVT CAR(1+3),New,0.0,60.001,-999,1001,Yes,OD,0.405
oem_hyundai_Grid_4,HIIB - HYUNDAI,10000083315,PVT CAR(1+3),New,85.001,100.001,1001,1501,Yes,OD,0.0
oem_hyundai_Grid_4,HIIB - HYUNDAI,10000083315,PVT CAR(1+3),New,60.001,85.001,1001,1501,Yes,OD,0.1549999999999999
oem_hyundai_Grid_4,HIIB - HYUNDAI,10000083315,PVT CAR(1+3),New,0.0,60.001,1001,1501,Yes,OD,0.405
oem_hyundai_Grid_4,HIIB - HYUNDAI,10000083315,PVT CAR(1+3),New,85.001,100.001,1501,999999999,Yes,OD,0.0
oem_hyundai_Grid_4,HIIB - HYUNDAI,10000083315,PVT CAR(1+3),New,60.001,85.001,1501,999999999,Yes,OD,0.1549999999999999
oem_hyundai_Grid_4,HIIB - HYUNDAI,10000083315,PVT CAR(1+3),New,0.0,60.001,1501,999999999,Yes,OD,0.405
oem_hyundai_Grid_4,HIIB - HYUNDAI,10000083316,PVT CAR,"Renewal, Roll Over",0.0,100.001,-999,1001,Yes,OD,0.0
oem_hyundai_Grid_4,HIIB - HYUNDAI,10000083316,PVT CAR,"Renewal, Roll Over",0.0,100.001,1001,1501,Yes,OD,0.0
oem_hyundai_Grid_4,HIIB - HYUNDAI,10000083316,PVT CAR,"Renewal, Roll Over",0.0,100.001,1501,999999999,Yes,OD,0.0
oem_hyundai_Grid_4,HIIB - HYUNDAI,10000083316,PVT CAR(1+1),"Renewal, Roll Over",0.0,100.001,-999,1001,Yes,OD,0.0
oem_hyundai_Grid_4,HIIB - HYUNDAI,10000083316,PVT CAR(1+1),"Renewal, Roll Over",0.0,100.001,1001,1501,Yes,OD,0.0
oem_hyundai_Grid_4,HIIB - HYUNDAI,10000083316,PVT CAR(1+1),"Renewal, Roll Over",0.0,100.001,1501,999999999,Yes,OD,0.0
oem_hyundai_Grid_4,HIIB - HYUNDAI,10000083316,PVT CAR(1+3),New,85.001,100.001,-999,1001,Yes,OD,0.0
oem_hyundai_Grid_4,HIIB - HYUNDAI,10000083316,PVT CAR(1+3),New,60.001,85.001,-999,1001,Yes,OD,0.1549999999999999
oem_hyundai_Grid_4,HIIB - HYUNDAI,10000083316,PVT CAR(1+3),New,0.0,60.001,-999,1001,Yes,OD,0.405
oem_hyundai_Grid_4,HIIB - HYUNDAI,10000083316,PVT CAR(1+3),New,85.001,100.001,1001,1501,Yes,OD,0.0
oem_hyundai_Grid_4,HIIB - HYUNDAI,10000083316,PVT CAR(1+3),New,60.001,85.001,1001,1501,Yes,OD,0.1549999999999999
oem_hyundai_Grid_4,HIIB - HYUNDAI,10000083316,PVT CAR(1+3),New,0.0,60.001,1001,1501,Yes,OD,0.405
oem_hyundai_Grid_4,HIIB - HYUNDAI,10000083316,PVT CAR(1+3),New,85.001,100.001,1501,999999999,Yes,OD,0.0
oem_hyundai_Grid_4,HIIB - HYUNDAI,10000083316,PVT CAR(1+3),New,60.001,85.001,1501,999999999,Yes,OD,0.1549999999999999
oem_hyundai_Grid_4,HIIB - HYUNDAI,10000083316,PVT CAR(1+3),New,0.0,60.001,1501,999999999,Yes,OD,0.405
oem_hyundai_Grid_4,HIIB - HYUNDAI,10000083317,PVT CAR,"Renewal, Roll Over",0.0,100.001,-999,1001,Yes,OD,0.0
oem_hyundai_Grid_4,HIIB - HYUNDAI,10000083317,PVT CAR,"Renewal, Roll Over",0.0,100.001,1001,1501,Yes,OD,0.0
oem_hyundai_Grid_4,HIIB - HYUNDAI,10000083317,PVT CAR,"Renewal, Roll Over",0.0,100.001,1501,999999999,Yes,OD,0.0
oem_hyundai_Grid_4,HIIB - HYUNDAI,10000083317,PVT CAR(1+1),"Renewal, Roll Over",0.0,100.001,-999,1001,Yes,OD,0.0
oem_hyundai_Grid_4,HIIB - HYUNDAI,10000083317,PVT CAR(1+1),"Renewal, Roll Over",0.0,100.001,1001,1501,Yes,OD,0.0
oem_hyundai_Grid_4,HIIB - HYUNDAI,10000083317,PVT CAR(1+1),"Renewal, Roll Over",0.0,100.001,1501,999999999,Yes,OD,0.0
oem_hyundai_Grid_4,HIIB - HYUNDAI,10000083317,PVT CAR(1+3),New,0.0,100.001,-999,1001,Yes,OD,0.0
oem_hyundai_Grid_4,HIIB - HYUNDAI,10000083317,PVT CAR(1+3),New,0.0,100.001,1001,1501,Yes,OD,0.0
oem_hyundai_Grid_4,HIIB - HYUNDAI,10000083317,PVT CAR(1+3),New,0.0,100.001,1501,999999999,Yes,OD,0.0
oem_hyundai_Grid_4,HIIB - HYUNDAI,10000083320,PVT CAR,"Renewal, Roll Over",0.0,100.001,-999,1001,Yes,OD,0.0
oem_hyundai_Grid_4,HIIB - HYUNDAI,10000083320,PVT CAR,"Renewal, Roll Over",0.0,100.001,1001,1501,Yes,OD,0.0
oem_hyundai_Grid_4,HIIB - HYUNDAI,10000083320,PVT CAR,"Renewal, Roll Over",0.0,100.001,1501,999999999,Yes,OD,0.0
oem_hyundai_Grid_4,HIIB - HYUNDAI,10000083320,PVT CAR(1+1),"Renewal, Roll Over",0.0,100.001,-999,1001,Yes,OD,0.0
oem_hyundai_Grid_4,HIIB - HYUNDAI,10000083320,PVT CAR(1+1),"Renewal, Roll Over",0.0,100.001,1001,1501,Yes,OD,0.0
oem_hyundai_Grid_4,HIIB - HYUNDAI,10000083320,PVT CAR(1+1),"Renewal, Roll Over",0.0,100.001,1501,999999999,Yes,OD,0.0
oem_hyundai_Grid_4,HIIB - HYUNDAI,10000083320,PVT CAR(1+3),New,85.001,100.001,-999,1001,Yes,OD,0.0
oem_hyundai_Grid_4,HIIB - HYUNDAI,10000083320,PVT CAR(1+3),New,60.001,85.001,-999,1001,Yes,OD,0.3
oem_hyundai_Grid_4,HIIB - HYUNDAI,10000083320,PVT CAR(1+3),New,0.0,60.001,-999,1001,Yes,OD,0.455
oem_hyundai_Grid_4,HIIB - HYUNDAI,10000083320,PVT CAR(1+3),New,85.001,100.001,1001,1501,Yes,OD,0.0
oem_hyundai_Grid_4,HIIB - HYUNDAI,10000083320,PVT CAR(1+3),New,60.001,85.001,1001,1501,Yes,OD,0.3
oem_hyundai_Grid_4,HIIB - HYUNDAI,10000083320,PVT CAR(1+3),New,0.0,60.001,1001,1501,Yes,OD,0.455
oem_hyundai_Grid_4,HIIB - HYUNDAI,10000083320,PVT CAR(1+3),New,85.001,100.001,1501,999999999,Yes,OD,0.0
oem_hyundai_Grid_4,HIIB - HYUNDAI,10000083320,PVT CAR(1+3),New,60.001,85.001,1501,999999999,Yes,OD,0.3
oem_hyundai_Grid_4,HIIB - HYUNDAI,10000083320,PVT CAR(1+3),New,0.0,60.001,1501,999999999,Yes,OD,0.455
oem_hyundai_Grid_4,HIIB - HYUNDAI,10000083322,PVT CAR,"Renewal, Roll Over",0.0,100.001,-999,1001,Yes,OD,0.0
oem_hyundai_Grid_4,HIIB - HYUNDAI,10000083322,PVT CAR,"Renewal, Roll Over",0.0,100.001,1001,1501,Yes,OD,0.0
oem_hyundai_Grid_4,HIIB - HYUNDAI,10000083322,PVT CAR,"Renewal, Roll Over",0.0,100.001,1501,999999999,Yes,OD,0.0
oem_hyundai_Grid_4,HIIB - HYUNDAI,10000083322,PVT CAR(1+1),"Renewal, Roll Over",0.0,100.001,-999,1001,Yes,OD,0.0
oem_hyundai_Grid_4,HIIB - HYUNDAI,10000083322,PVT CAR(1+1),"Renewal, Roll Over",0.0,100.001,1001,1501,Yes,OD,0.0
oem_hyundai_Grid_4,HIIB - HYUNDAI,10000083322,PVT CAR(1+1),"Renewal, Roll Over",0.0,100.001,1501,999999999,Yes,OD,0.0
oem_hyundai_Grid_4,HIIB - HYUNDAI,10000083322,PVT CAR(1+3),New,85.001,100.001,-999,1001,Yes,OD,0.0
oem_hyundai_Grid_4,HIIB - HYUNDAI,10000083322,PVT CAR(1+3),New,80.001,85.001,-999,1001,Yes,OD,0.1549999999999999
oem_hyundai_Grid_4,HIIB - HYUNDAI,10000083322,PVT CAR(1+3),New,75.001,80.001,-999,1001,Yes,OD,0.305
oem_hyundai_Grid_4,HIIB - HYUNDAI,10000083322,PVT CAR(1+3),New,0.0,55.001,-999,1001,Yes,OD,0.405
oem_hyundai_Grid_4,HIIB - HYUNDAI,10000083322,PVT CAR(1+3),New,55.001,75.001,-999,1001,Yes,OD,0.455
oem_hyundai_Grid_4,HIIB - HYUNDAI,10000083322,PVT CAR(1+3),New,85.001,100.001,1001,1501,Yes,OD,0.0
oem_hyundai_Grid_4,HIIB - HYUNDAI,10000083322,PVT CAR(1+3),New,80.001,85.001,1001,1501,Yes,OD,0.1549999999999999
oem_hyundai_Grid_4,HIIB - HYUNDAI,10000083322,PVT CAR(1+3),New,75.001,80.001,1001,1501,Yes,OD,0.305
oem_hyundai_Grid_4,HIIB - HYUNDAI,10000083322,PVT CAR(1+3),New,0.0,55.001,1001,1501,Yes,OD,0.405
oem_hyundai_Grid_4,HIIB - HYUNDAI,10000083322,PVT CAR(1+3),New,55.001,75.001,1001,1501,Yes,OD,0.455
oem_hyundai_Grid_4,HIIB - HYUNDAI,10000083322,PVT CAR(1+3),New,85.001,100.001,1501,999999999,Yes,OD,0.0
oem_hyundai_Grid_4,HIIB - HYUNDAI,10000083322,PVT CAR(1+3),New,80.001,85.001,1501,999999999,Yes,OD,0.1549999999999999
oem_hyundai_Grid_4,HIIB - HYUNDAI,10000083322,PVT CAR(1+3),New,75.001,80.001,1501,999999999,Yes,OD,0.305
oem_hyundai_Grid_4,HIIB - HYUNDAI,10000083322,PVT CAR(1+3),New,0.0,55.001,1501,999999999,Yes,OD,0.405
oem_hyundai_Grid_4,HIIB - HYUNDAI,10000083322,PVT CAR(1+3),New,55.001,75.001,1501,999999999,Yes,OD,0.455
oem_hyundai_Grid_4,HIIB - HYUNDAI,10000083323,PVT CAR,"Renewal, Roll Over",0.0,100.001,-999,1001,Yes,OD,0.0
oem_hyundai_Grid_4,HIIB - HYUNDAI,10000083323,PVT CAR,"Renewal, Roll Over",0.0,100.001,1001,1501,Yes,OD,0.0
oem_hyundai_Grid_4,HIIB - HYUNDAI,10000083323,PVT CAR,"Renewal, Roll Over",0.0,100.001,1501,999999999,Yes,OD,0.0
oem_hyundai_Grid_4,HIIB - HYUNDAI,10000083323,PVT CAR(1+1),"Renewal, Roll Over",0.0,100.001,-999,1001,Yes,OD,0.0
oem_hyundai_Grid_4,HIIB - HYUNDAI,10000083323,PVT CAR(1+1),"Renewal, Roll Over",0.0,100.001,1001,1501,Yes,OD,0.0
oem_hyundai_Grid_4,HIIB - HYUNDAI,10000083323,PVT CAR(1+1),"Renewal, Roll Over",0.0,100.001,1501,999999999,Yes,OD,0.0
oem_hyundai_Grid_4,HIIB - HYUNDAI,10000083323,PVT CAR(1+3),New,85.001,100.001,-999,1001,Yes,OD,0.0
oem_hyundai_Grid_4,HIIB - HYUNDAI,10000083323,PVT CAR(1+3),New,60.001,85.001,-999,1001,Yes,OD,0.3
oem_hyundai_Grid_4,HIIB - HYUNDAI,10000083323,PVT CAR(1+3),New,0.0,60.001,-999,1001,Yes,OD,0.455
oem_hyundai_Grid_4,HIIB - HYUNDAI,10000083323,PVT CAR(1+3),New,85.001,100.001,1001,1501,Yes,OD,0.0
oem_hyundai_Grid_4,HIIB - HYUNDAI,10000083323,PVT CAR(1+3),New,60.001,85.001,1001,1501,Yes,OD,0.3
oem_hyundai_Grid_4,HIIB - HYUNDAI,10000083323,PVT CAR(1+3),New,0.0,60.001,1001,1501,Yes,OD,0.455
oem_hyundai_Grid_4,HIIB - HYUNDAI,10000083323,PVT CAR(1+3),New,85.001,100.001,1501,999999999,Yes,OD,0.0
oem_hyundai_Grid_4,HIIB - HYUNDAI,10000083323,PVT CAR(1+3),New,60.001,85.001,1501,999999999,Yes,OD,0.3
oem_hyundai_Grid_4,HIIB - HYUNDAI,10000083323,PVT CAR(1+3),New,0.0,60.001,1501,999999999,Yes,OD,0.455
oem_hyundai_Grid_4,HIIB - HYUNDAI,10000083324,PVT CAR,"Renewal, Roll Over",0.0,100.001,-999,1001,Yes,OD,0.0
oem_hyundai_Grid_4,HIIB - HYUNDAI,10000083324,PVT CAR,"Renewal, Roll Over",0.0,100.001,1001,1501,Yes,OD,0.0
oem_hyundai_Grid_4,HIIB - HYUNDAI,10000083324,PVT CAR,"Renewal, Roll Over",0.0,100.001,1501,999999999,Yes,OD,0.0
oem_hyundai_Grid_4,HIIB - HYUNDAI,10000083324,PVT CAR(1+1),"Renewal, Roll Over",0.0,100.001,-999,1001,Yes,OD,0.0
oem_hyundai_Grid_4,HIIB - HYUNDAI,10000083324,PVT CAR(1+1),"Renewal, Roll Over",0.0,100.001,1001,1501,Yes,OD,0.0
oem_hyundai_Grid_4,HIIB - HYUNDAI,10000083324,PVT CAR(1+1),"Renewal, Roll Over",0.0,100.001,1501,999999999,Yes,OD,0.0
oem_hyundai_Grid_4,HIIB - HYUNDAI,10000083324,PVT CAR(1+3),New,85.001,100.001,-999,1001,Yes,OD,0.0
oem_hyundai_Grid_4,HIIB - HYUNDAI,10000083324,PVT CAR(1+3),New,60.001,85.001,-999,1001,Yes,OD,0.45
oem_hyundai_Grid_4,HIIB - HYUNDAI,10000083324,PVT CAR(1+3),New,20.001,60.001,-999,1001,Yes,OD,0.5549999999999999
oem_hyundai_Grid_4,HIIB - HYUNDAI,10000083324,PVT CAR(1+3),New,0.0,20.001,-999,1001,Yes,OD,0.655
oem_hyundai_Grid_4,HIIB - HYUNDAI,10000083324,PVT CAR(1+3),New,85.001,100.001,1001,1501,Yes,OD,0.0
oem_hyundai_Grid_4,HIIB - HYUNDAI,10000083324,PVT CAR(1+3),New,60.001,85.001,1001,1501,Yes,OD,0.45
oem_hyundai_Grid_4,HIIB - HYUNDAI,10000083324,PVT CAR(1+3),New,20.001,60.001,1001,1501,Yes,OD,0.5549999999999999
oem_hyundai_Grid_4,HIIB - HYUNDAI,10000083324,PVT CAR(1+3),New,0.0,20.001,1001,1501,Yes,OD,0.655
oem_hyundai_Grid_4,HIIB - HYUNDAI,10000083324,PVT CAR(1+3),New,85.001,100.001,1501,999999999,Yes,OD,0.0
oem_hyundai_Grid_4,HIIB - HYUNDAI,10000083324,PVT CAR(1+3),New,60.001,85.001,1501,999999999,Yes,OD,0.45
oem_hyundai_Grid_4,HIIB - HYUNDAI,10000083324,PVT CAR(1+3),New,20.001,60.001,1501,999999999,Yes,OD,0.5549999999999999
oem_hyundai_Grid_4,HIIB - HYUNDAI,10000083324,PVT CAR(1+3),New,0.0,20.001,1501,999999999,Yes,OD,0.655
oem_hyundai_Grid_4,HIIB - HYUNDAI,10000083328,PVT CAR,"Renewal, Roll Over",0.0,100.001,-999,1001,Yes,OD,0.0
oem_hyundai_Grid_4,HIIB - HYUNDAI,10000083328,PVT CAR,"Renewal, Roll Over",0.0,100.001,1001,1501,Yes,OD,0.0
oem_hyundai_Grid_4,HIIB - HYUNDAI,10000083328,PVT CAR,"Renewal, Roll Over",0.0,100.001,1501,999999999,Yes,OD,0.0
oem_hyundai_Grid_4,HIIB - HYUNDAI,10000083328,PVT CAR(1+1),"Renewal, Roll Over",0.0,100.001,-999,1001,Yes,OD,0.0
oem_hyundai_Grid_4,HIIB - HYUNDAI,10000083328,PVT CAR(1+1),"Renewal, Roll Over",0.0,100.001,1001,1501,Yes,OD,0.0
oem_hyundai_Grid_4,HIIB - HYUNDAI,10000083328,PVT CAR(1+1),"Renewal, Roll Over",0.0,100.001,1501,999999999,Yes,OD,0.0
oem_hyundai_Grid_4,HIIB - HYUNDAI,10000083328,PVT CAR(1+3),New,85.001,100.001,-999,1001,Yes,OD,0.0
oem_hyundai_Grid_4,HIIB - HYUNDAI,10000083328,PVT CAR(1+3),New,60.001,85.001,-999,1001,Yes,OD,0.1549999999999999
oem_hyundai_Grid_4,HIIB - HYUNDAI,10000083328,PVT CAR(1+3),New,0.0,60.001,-999,1001,Yes,OD,0.5049999999999999
oem_hyundai_Grid_4,HIIB - HYUNDAI,10000083328,PVT CAR(1+3),New,85.001,100.001,1001,1501,Yes,OD,0.0
oem_hyundai_Grid_4,HIIB - HYUNDAI,10000083328,PVT CAR(1+3),New,60.001,85.001,1001,1501,Yes,OD,0.1549999999999999
oem_hyundai_Grid_4,HIIB - HYUNDAI,10000083328,PVT CAR(1+3),New,0.0,60.001,1001,1501,Yes,OD,0.5049999999999999
oem_hyundai_Grid_4,HIIB - HYUNDAI,10000083328,PVT CAR(1+3),New,85.001,100.001,1501,999999999,Yes,OD,0.0
oem_hyundai_Grid_4,HIIB - HYUNDAI,10000083328,PVT CAR(1+3),New,60.001,85.001,1501,999999999,Yes,OD,0.1549999999999999
oem_hyundai_Grid_4,HIIB - HYUNDAI,10000083328,PVT CAR(1+3),New,0.0,60.001,1501,999999999,Yes,OD,0.5049999999999999
oem_hyundai_Grid_4,HIIB - HYUNDAI,10000083331,PVT CAR,"Renewal, Roll Over",0.0,100.001,-999,1001,Yes,OD,0.0
oem_hyundai_Grid_4,HIIB - HYUNDAI,10000083331,PVT CAR,"Renewal, Roll Over",0.0,100.001,1001,1501,Yes,OD,0.0
oem_hyundai_Grid_4,HIIB - HYUNDAI,10000083331,PVT CAR,"Renewal, Roll Over",0.0,100.001,1501,999999999,Yes,OD,0.0
oem_hyundai_Grid_4,HIIB - HYUNDAI,10000083331,PVT CAR(1+1),"Renewal, Roll Over",85.001,100.001,-999,1001,Yes,OD,0.0
oem_hyundai_Grid_4,HIIB - HYUNDAI,10000083331,PVT CAR(1+1),"Renewal, Roll Over",0.0,85.001,-999,1001,Yes,OD,0.06
oem_hyundai_Grid_4,HIIB - HYUNDAI,10000083331,PVT CAR(1+1),"Renewal, Roll Over",85.001,100.001,1001,1501,Yes,OD,0.0
oem_hyundai_Grid_4,HIIB - HYUNDAI,10000083331,PVT CAR(1+1),"Renewal, Roll Over",0.0,85.001,1001,1501,Yes,OD,0.06
oem_hyundai_Grid_4,HIIB - HYUNDAI,10000083331,PVT CAR(1+1),"Renewal, Roll Over",85.001,100.001,1501,999999999,Yes,OD,0.0
oem_hyundai_Grid_4,HIIB - HYUNDAI,10000083331,PVT CAR(1+1),"Renewal, Roll Over",0.0,85.001,1501,999999999,Yes,OD,0.06
oem_hyundai_Grid_4,HIIB - HYUNDAI,10000083331,PVT CAR(1+3),New,85.001,100.001,-999,1001,Yes,OD,0.0
oem_hyundai_Grid_4,HIIB - HYUNDAI,10000083331,PVT CAR(1+3),New,80.001,85.001,-999,1001,Yes,OD,0.1049999999999997
oem_hyundai_Grid_4,HIIB - HYUNDAI,10000083331,PVT CAR(1+3),New,75.001,80.001,-999,1001,Yes,OD,0.1549999999999997
oem_hyundai_Grid_4,HIIB - HYUNDAI,10000083331,PVT CAR(1+3),New,70.001,75.001,-999,1001,Yes,OD,0.2049999999999998
oem_hyundai_Grid_4,HIIB - HYUNDAI,10000083331,PVT CAR(1+3),New,65.001,70.001,-999,1001,Yes,OD,0.2549999999999998
oem_hyundai_Grid_4,HIIB - HYUNDAI,10000083331,PVT CAR(1+3),New,60.001,65.001,-999,1001,Yes,OD,0.3049999999999999
oem_hyundai_Grid_4,HIIB - HYUNDAI,10000083331,PVT CAR(1+3),New,55.001,60.001,-999,1001,Yes,OD,0.3549999999999999
oem_hyundai_Grid_4,HIIB - HYUNDAI,10000083331,PVT CAR(1+3),New,50.001,55.001,-999,1001,Yes,OD,0.4049999999999999
oem_hyundai_Grid_4,HIIB - HYUNDAI,10000083331,PVT CAR(1+3),New,45.001,50.001,-999,1001,Yes,OD,0.4549999999999999
oem_hyundai_Grid_4,HIIB - HYUNDAI,10000083331,PVT CAR(1+3),New,40.001,45.001,-999,1001,Yes,OD,0.5049999999999999
oem_hyundai_Grid_4,HIIB - HYUNDAI,10000083331,PVT CAR(1+3),New,35.001,40.001,-999,1001,Yes,OD,0.5549999999999999
oem_hyundai_Grid_4,HIIB - HYUNDAI,10000083331,PVT CAR(1+3),New,30.001,35.001,-999,1001,Yes,OD,0.605
oem_hyundai_Grid_4,HIIB - HYUNDAI,10000083331,PVT CAR(1+3),New,25.001,30.001,-999,1001,Yes,OD,0.6549999999999998
oem_hyundai_Grid_4,HIIB - HYUNDAI,10000083331,PVT CAR(1+3),New,0.0,20.001,-999,1001,Yes,OD,0.655
oem_hyundai_Grid_4,HIIB - HYUNDAI,10000083331,PVT CAR(1+3),New,20.001,25.001,-999,1001,Yes,OD,0.7049999999999998
oem_hyundai_Grid_4,HIIB - HYUNDAI,10000083331,PVT CAR(1+3),New,85.001,100.001,1001,1501,Yes,OD,0.0
oem_hyundai_Grid_4,HIIB - HYUNDAI,10000083331,PVT CAR(1+3),New,80.001,85.001,1001,1501,Yes,OD,0.1049999999999997
oem_hyundai_Grid_4,HIIB - HYUNDAI,10000083331,PVT CAR(1+3),New,75.001,80.001,1001,1501,Yes,OD,0.1549999999999997
oem_hyundai_Grid_4,HIIB - HYUNDAI,10000083331,PVT CAR(1+3),New,70.001,75.001,1001,1501,Yes,OD,0.2049999999999998
oem_hyundai_Grid_4,HIIB - HYUNDAI,10000083331,PVT CAR(1+3),New,65.001,70.001,1001,1501,Yes,OD,0.2549999999999998
oem_hyundai_Grid_4,HIIB - HYUNDAI,10000083331,PVT CAR(1+3),New,60.001,65.001,1001,1501,Yes,OD,0.3049999999999999
oem_hyundai_Grid_4,HIIB - HYUNDAI,10000083331,PVT CAR(1+3),New,55.001,60.001,1001,1501,Yes,OD,0.3549999999999999
oem_hyundai_Grid_4,HIIB - HYUNDAI,10000083331,PVT CAR(1+3),New,50.001,55.001,1001,1501,Yes,OD,0.4049999999999999
oem_hyundai_Grid_4,HIIB - HYUNDAI,10000083331,PVT CAR(1+3),New,45.001,50.001,1001,1501,Yes,OD,0.4549999999999999
oem_hyundai_Grid_4,HIIB - HYUNDAI,10000083331,PVT CAR(1+3),New,40.001,45.001,1001,1501,Yes,OD,0.5049999999999999
oem_hyundai_Grid_4,HIIB - HYUNDAI,10000083331,PVT CAR(1+3),New,35.001,40.001,1001,1501,Yes,OD,0.5549999999999999
oem_hyundai_Grid_4,HIIB - HYUNDAI,10000083331,PVT CAR(1+3),New,30.001,35.001,1001,1501,Yes,OD,0.605
oem_hyundai_Grid_4,HIIB - HYUNDAI,10000083331,PVT CAR(1+3),New,25.001,30.001,1001,1501,Yes,OD,0.6549999999999998
oem_hyundai_Grid_4,HIIB - HYUNDAI,10000083331,PVT CAR(1+3),New,0.0,20.001,1001,1501,Yes,OD,0.655
oem_hyundai_Grid_4,HIIB - HYUNDAI,10000083331,PVT CAR(1+3),New,20.001,25.001,1001,1501,Yes,OD,0.7049999999999998
oem_hyundai_Grid_4,HIIB - HYUNDAI,10000083331,PVT CAR(1+3),New,85.001,100.001,1501,999999999,Yes,OD,0.0
oem_hyundai_Grid_4,HIIB - HYUNDAI,10000083331,PVT CAR(1+3),New,80.001,85.001,1501,999999999,Yes,OD,0.1049999999999997
oem_hyundai_Grid_4,HIIB - HYUNDAI,10000083331,PVT CAR(1+3),New,75.001,80.001,1501,999999999,Yes,OD,0.1549999999999997
oem_hyundai_Grid_4,HIIB - HYUNDAI,10000083331,PVT CAR(1+3),New,70.001,75.001,1501,999999999,Yes,OD,0.2049999999999998
oem_hyundai_Grid_4,HIIB - HYUNDAI,10000083331,PVT CAR(1+3),New,65.001,70.001,1501,999999999,Yes,OD,0.2549999999999998
oem_hyundai_Grid_4,HIIB - HYUNDAI,10000083331,PVT CAR(1+3),New,60.001,65.001,1501,999999999,Yes,OD,0.3049999999999999
oem_hyundai_Grid_4,HIIB - HYUNDAI,10000083331,PVT CAR(1+3),New,55.001,60.001,1501,999999999,Yes,OD,0.3549999999999999
oem_hyundai_Grid_4,HIIB - HYUNDAI,10000083331,PVT CAR(1+3),New,50.001,55.001,1501,999999999,Yes,OD,0.4049999999999999
oem_hyundai_Grid_4,HIIB - HYUNDAI,10000083331,PVT CAR(1+3),New,45.001,50.001,1501,999999999,Yes,OD,0.4549999999999999
oem_hyundai_Grid_4,HIIB - HYUNDAI,10000083331,PVT CAR(1+3),New,40.001,45.001,1501,999999999,Yes,OD,0.5049999999999999
oem_hyundai_Grid_4,HIIB - HYUNDAI,10000083331,PVT CAR(1+3),New,35.001,40.001,1501,999999999,Yes,OD,0.5549999999999999
oem_hyundai_Grid_4,HIIB - HYUNDAI,10000083331,PVT CAR(1+3),New,30.001,35.001,1501,999999999,Yes,OD,0.605
oem_hyundai_Grid_4,HIIB - HYUNDAI,10000083331,PVT CAR(1+3),New,25.001,30.001,1501,999999999,Yes,OD,0.6549999999999998
oem_hyundai_Grid_4,HIIB - HYUNDAI,10000083331,PVT CAR(1+3),New,0.0,20.001,1501,999999999,Yes,OD,0.655
oem_hyundai_Grid_4,HIIB - HYUNDAI,10000083331,PVT CAR(1+3),New,20.001,25.001,1501,999999999,Yes,OD,0.7049999999999998
oem_hyundai_Grid_4,HIIB - HYUNDAI,10000083332,PVT CAR,"Renewal, Roll Over",0.0,100.001,-999,1001,Yes,OD,0.0
oem_hyundai_Grid_4,HIIB - HYUNDAI,10000083332,PVT CAR,"Renewal, Roll Over",0.0,100.001,1001,1501,Yes,OD,0.0
oem_hyundai_Grid_4,HIIB - HYUNDAI,10000083332,PVT CAR,"Renewal, Roll Over",0.0,100.001,1501,999999999,Yes,OD,0.0
oem_hyundai_Grid_4,HIIB - HYUNDAI,10000083332,PVT CAR(1+1),"Renewal, Roll Over",0.0,100.001,-999,1001,Yes,OD,0.0
oem_hyundai_Grid_4,HIIB - HYUNDAI,10000083332,PVT CAR(1+1),"Renewal, Roll Over",0.0,100.001,1001,1501,Yes,OD,0.0
oem_hyundai_Grid_4,HIIB - HYUNDAI,10000083332,PVT CAR(1+1),"Renewal, Roll Over",0.0,100.001,1501,999999999,Yes,OD,0.0
oem_hyundai_Grid_4,HIIB - HYUNDAI,10000083332,PVT CAR(1+3),New,85.001,100.001,-999,1001,Yes,OD,0.0
oem_hyundai_Grid_4,HIIB - HYUNDAI,10000083332,PVT CAR(1+3),New,60.001,85.001,-999,1001,Yes,OD,0.1549999999999999
oem_hyundai_Grid_4,HIIB - HYUNDAI,10000083332,PVT CAR(1+3),New,0.0,60.001,-999,1001,Yes,OD,0.48
oem_hyundai_Grid_4,HIIB - HYUNDAI,10000083332,PVT CAR(1+3),New,85.001,100.001,1001,1501,Yes,OD,0.0
oem_hyundai_Grid_4,HIIB - HYUNDAI,10000083332,PVT CAR(1+3),New,60.001,85.001,1001,1501,Yes,OD,0.1549999999999999
oem_hyundai_Grid_4,HIIB - HYUNDAI,10000083332,PVT CAR(1+3),New,0.0,60.001,1001,1501,Yes,OD,0.48
oem_hyundai_Grid_4,HIIB - HYUNDAI,10000083332,PVT CAR(1+3),New,85.001,100.001,1501,999999999,Yes,OD,0.0
oem_hyundai_Grid_4,HIIB - HYUNDAI,10000083332,PVT CAR(1+3),New,60.001,85.001,1501,999999999,Yes,OD,0.1549999999999999
oem_hyundai_Grid_4,HIIB - HYUNDAI,10000083332,PVT CAR(1+3),New,0.0,60.001,1501,999999999,Yes,OD,0.48
oem_hyundai_Grid_4,HIIB - HYUNDAI,10000083333,PVT CAR,"Renewal, Roll Over",0.0,100.001,-999,1001,Yes,OD,0.0
oem_hyundai_Grid_4,HIIB - HYUNDAI,10000083333,PVT CAR,"Renewal, Roll Over",0.0,100.001,1001,1501,Yes,OD,0.0
oem_hyundai_Grid_4,HIIB - HYUNDAI,10000083333,PVT CAR,"Renewal, Roll Over",0.0,100.001,1501,999999999,Yes,OD,0.0
oem_hyundai_Grid_4,HIIB - HYUNDAI,10000083333,PVT CAR(1+1),"Renewal, Roll Over",0.0,100.001,-999,1001,Yes,OD,0.0
oem_hyundai_Grid_4,HIIB - HYUNDAI,10000083333,PVT CAR(1+1),"Renewal, Roll Over",0.0,100.001,1001,1501,Yes,OD,0.0
oem_hyundai_Grid_4,HIIB - HYUNDAI,10000083333,PVT CAR(1+1),"Renewal, Roll Over",0.0,100.001,1501,999999999,Yes,OD,0.0
oem_hyundai_Grid_4,HIIB - HYUNDAI,10000083333,PVT CAR(1+3),New,75.001,100.001,-999,1001,Yes,OD,0.0
oem_hyundai_Grid_4,HIIB - HYUNDAI,10000083333,PVT CAR(1+3),New,0.0,75.001,-999,1001,Yes,OD,0.205
oem_hyundai_Grid_4,HIIB - HYUNDAI,10000083333,PVT CAR(1+3),New,75.001,100.001,1001,1501,Yes,OD,0.0
oem_hyundai_Grid_4,HIIB - HYUNDAI,10000083333,PVT CAR(1+3),New,0.0,75.001,1001,1501,Yes,OD,0.205
oem_hyundai_Grid_4,HIIB - HYUNDAI,10000083333,PVT CAR(1+3),New,75.001,100.001,1501,999999999,Yes,OD,0.0
oem_hyundai_Grid_4,HIIB - HYUNDAI,10000083333,PVT CAR(1+3),New,0.0,75.001,1501,999999999,Yes,OD,0.205
oem_hyundai_Grid_4,HIIB - HYUNDAI,10000083344,PCV-TAXI,ANY,85.001,100.001,-999,999999999,Yes,OD,0.0
oem_hyundai_Grid_4,HIIB - HYUNDAI,10000083344,PCV-TAXI,ANY,0.0,85.001,-999,999999999,Yes,OD,0.355
oem_hyundai_Grid_4,HIIB - HYUNDAI,10000083344,PVT CAR,"Renewal, Roll Over",0.0,100.001,-999,1001,Yes,OD,0.0
oem_hyundai_Grid_4,HIIB - HYUNDAI,10000083344,PVT CAR,"Renewal, Roll Over",0.0,100.001,1001,1501,Yes,OD,0.0
oem_hyundai_Grid_4,HIIB - HYUNDAI,10000083344,PVT CAR,"Renewal, Roll Over",0.0,100.001,1501,999999999,Yes,OD,0.0
oem_hyundai_Grid_4,HIIB - HYUNDAI,10000083344,PVT CAR(1+1),"Renewal, Roll Over",85.001,100.001,-999,1001,Yes,OD,0.0
oem_hyundai_Grid_4,HIIB - HYUNDAI,10000083344,PVT CAR(1+1),"Renewal, Roll Over",0.0,85.001,-999,1001,Yes,OD,0.06
oem_hyundai_Grid_4,HIIB - HYUNDAI,10000083344,PVT CAR(1+1),"Renewal, Roll Over",85.001,100.001,1001,1501,Yes,OD,0.0
oem_hyundai_Grid_4,HIIB - HYUNDAI,10000083344,PVT CAR(1+1),"Renewal, Roll Over",0.0,85.001,1001,1501,Yes,OD,0.06
oem_hyundai_Grid_4,HIIB - HYUNDAI,10000083344,PVT CAR(1+1),"Renewal, Roll Over",85.001,100.001,1501,999999999,Yes,OD,0.0
oem_hyundai_Grid_4,HIIB - HYUNDAI,10000083344,PVT CAR(1+1),"Renewal, Roll Over",0.0,85.001,1501,999999999,Yes,OD,0.06
oem_hyundai_Grid_4,HIIB - HYUNDAI,10000083344,PVT CAR(1+3),New,80.001,100.001,-999,1001,Yes,OD,0.0
oem_hyundai_Grid_4,HIIB - HYUNDAI,10000083344,PVT CAR(1+3),New,75.001,80.001,-999,1001,Yes,OD,0.085
oem_hyundai_Grid_4,HIIB - HYUNDAI,10000083344,PVT CAR(1+3),New,70.001,75.001,-999,1001,Yes,OD,0.135
oem_hyundai_Grid_4,HIIB - HYUNDAI,10000083344,PVT CAR(1+3),New,65.001,70.001,-999,1001,Yes,OD,0.185
oem_hyundai_Grid_4,HIIB - HYUNDAI,10000083344,PVT CAR(1+3),New,60.001,65.001,-999,1001,Yes,OD,0.235
oem_hyundai_Grid_4,HIIB - HYUNDAI,10000083344,PVT CAR(1+3),New,55.001,60.001,-999,1001,Yes,OD,0.285
oem_hyundai_Grid_4,HIIB - HYUNDAI,10000083344,PVT CAR(1+3),New,50.001,55.001,-999,1001,Yes,OD,0.335
oem_hyundai_Grid_4,HIIB - HYUNDAI,10000083344,PVT CAR(1+3),New,45.001,50.001,-999,1001,Yes,OD,0.3849999999999999
oem_hyundai_Grid_4,HIIB - HYUNDAI,10000083344,PVT CAR(1+3),New,40.001,45.001,-999,1001,Yes,OD,0.435
oem_hyundai_Grid_4,HIIB - HYUNDAI,10000083344,PVT CAR(1+3),New,35.001,40.001,-999,1001,Yes,OD,0.485
oem_hyundai_Grid_4,HIIB - HYUNDAI,10000083344,PVT CAR(1+3),New,30.001,35.001,-999,1001,Yes,OD,0.5349999999999999
oem_hyundai_Grid_4,HIIB - HYUNDAI,10000083344,PVT CAR(1+3),New,25.001,30.001,-999,1001,Yes,OD,0.585
oem_hyundai_Grid_4,HIIB - HYUNDAI,10000083344,PVT CAR(1+3),New,20.001,25.001,-999,1001,Yes,OD,0.635
oem_hyundai_Grid_4,HIIB - HYUNDAI,10000083344,PVT CAR(1+3),New,0.0,20.001,-999,1001,Yes,OD,0.7050000000000001
oem_hyundai_Grid_4,HIIB - HYUNDAI,10000083344,PVT CAR(1+3),New,80.001,100.001,1001,1501,Yes,OD,0.0
oem_hyundai_Grid_4,HIIB - HYUNDAI,10000083344,PVT CAR(1+3),New,75.001,80.001,1001,1501,Yes,OD,0.085
oem_hyundai_Grid_4,HIIB - HYUNDAI,10000083344,PVT CAR(1+3),New,70.001,75.001,1001,1501,Yes,OD,0.135
oem_hyundai_Grid_4,HIIB - HYUNDAI,10000083344,PVT CAR(1+3),New,65.001,70.001,1001,1501,Yes,OD,0.185
oem_hyundai_Grid_4,HIIB - HYUNDAI,10000083344,PVT CAR(1+3),New,60.001,65.001,1001,1501,Yes,OD,0.235
oem_hyundai_Grid_4,HIIB - HYUNDAI,10000083344,PVT CAR(1+3),New,55.001,60.001,1001,1501,Yes,OD,0.285
oem_hyundai_Grid_4,HIIB - HYUNDAI,10000083344,PVT CAR(1+3),New,50.001,55.001,1001,1501,Yes,OD,0.335
oem_hyundai_Grid_4,HIIB - HYUNDAI,10000083344,PVT CAR(1+3),New,45.001,50.001,1001,1501,Yes,OD,0.3849999999999999
oem_hyundai_Grid_4,HIIB - HYUNDAI,10000083344,PVT CAR(1+3),New,40.001,45.001,1001,1501,Yes,OD,0.435
oem_hyundai_Grid_4,HIIB - HYUNDAI,10000083344,PVT CAR(1+3),New,35.001,40.001,1001,1501,Yes,OD,0.485
oem_hyundai_Grid_4,HIIB - HYUNDAI,10000083344,PVT CAR(1+3),New,30.001,35.001,1001,1501,Yes,OD,0.5349999999999999
oem_hyundai_Grid_4,HIIB - HYUNDAI,10000083344,PVT CAR(1+3),New,25.001,30.001,1001,1501,Yes,OD,0.585
oem_hyundai_Grid_4,HIIB - HYUNDAI,10000083344,PVT CAR(1+3),New,20.001,25.001,1001,1501,Yes,OD,0.635
oem_hyundai_Grid_4,HIIB - HYUNDAI,10000083344,PVT CAR(1+3),New,0.0,20.001,1001,1501,Yes,OD,0.7050000000000001
oem_hyundai_Grid_4,HIIB - HYUNDAI,10000083344,PVT CAR(1+3),New,80.001,100.001,1501,999999999,Yes,OD,0.0
oem_hyundai_Grid_4,HIIB - HYUNDAI,10000083344,PVT CAR(1+3),New,75.001,80.001,1501,999999999,Yes,OD,0.085
oem_hyundai_Grid_4,HIIB - HYUNDAI,10000083344,PVT CAR(1+3),New,70.001,75.001,1501,999999999,Yes,OD,0.135
oem_hyundai_Grid_4,HIIB - HYUNDAI,10000083344,PVT CAR(1+3),New,65.001,70.001,1501,999999999,Yes,OD,0.185
oem_hyundai_Grid_4,HIIB - HYUNDAI,10000083344,PVT CAR(1+3),New,60.001,65.001,1501,999999999,Yes,OD,0.235
oem_hyundai_Grid_4,HIIB - HYUNDAI,10000083344,PVT CAR(1+3),New,55.001,60.001,1501,999999999,Yes,OD,0.285
oem_hyundai_Grid_4,HIIB - HYUNDAI,10000083344,PVT CAR(1+3),New,50.001,55.001,1501,999999999,Yes,OD,0.335
oem_hyundai_Grid_4,HIIB - HYUNDAI,10000083344,PVT CAR(1+3),New,45.001,50.001,1501,999999999,Yes,OD,0.3849999999999999
oem_hyundai_Grid_4,HIIB - HYUNDAI,10000083344,PVT CAR(1+3),New,40.001,45.001,1501,999999999,Yes,OD,0.435
oem_hyundai_Grid_4,HIIB - HYUNDAI,10000083344,PVT CAR(1+3),New,35.001,40.001,1501,999999999,Yes,OD,0.485
oem_hyundai_Grid_4,HIIB - HYUNDAI,10000083344,PVT CAR(1+3),New,30.001,35.001,1501,999999999,Yes,OD,0.5349999999999999
oem_hyundai_Grid_4,HIIB - HYUNDAI,10000083344,PVT CAR(1+3),New,25.001,30.001,1501,999999999,Yes,OD,0.585
oem_hyundai_Grid_4,HIIB - HYUNDAI,10000083344,PVT CAR(1+3),New,20.001,25.001,1501,999999999,Yes,OD,0.635
oem_hyundai_Grid_4,HIIB - HYUNDAI,10000083344,PVT CAR(1+3),New,0.0,20.001,1501,999999999,Yes,OD,0.7050000000000001
oem_hyundai_Grid_4,HIIB - HYUNDAI,10000083346,PVT CAR,"Renewal, Roll Over",0.0,100.001,-999,1001,Yes,OD,0.0
oem_hyundai_Grid_4,HIIB - HYUNDAI,10000083346,PVT CAR,"Renewal, Roll Over",0.0,100.001,1001,1501,Yes,OD,0.0
oem_hyundai_Grid_4,HIIB - HYUNDAI,10000083346,PVT CAR,"Renewal, Roll Over",0.0,100.001,1501,999999999,Yes,OD,0.0
oem_hyundai_Grid_4,HIIB - HYUNDAI,10000083346,PVT CAR(1+1),"Renewal, Roll Over",0.0,100.001,-999,1001,Yes,OD,0.0
oem_hyundai_Grid_4,HIIB - HYUNDAI,10000083346,PVT CAR(1+1),"Renewal, Roll Over",0.0,100.001,1001,1501,Yes,OD,0.0
oem_hyundai_Grid_4,HIIB - HYUNDAI,10000083346,PVT CAR(1+1),"Renewal, Roll Over",0.0,100.001,1501,999999999,Yes,OD,0.0
oem_hyundai_Grid_4,HIIB - HYUNDAI,10000083346,PVT CAR(1+3),New,0.0,100.001,-999,1001,Yes,OD,0.0
oem_hyundai_Grid_4,HIIB - HYUNDAI,10000083346,PVT CAR(1+3),New,0.0,100.001,1001,1501,Yes,OD,0.0
oem_hyundai_Grid_4,HIIB - HYUNDAI,10000083346,PVT CAR(1+3),New,0.0,100.001,1501,999999999,Yes,OD,0.0
oem_hyundai_Grid_4,HIIB - HYUNDAI,10000083347,PVT CAR,"Renewal, Roll Over",0.0,100.001,-999,1001,Yes,OD,0.0
oem_hyundai_Grid_4,HIIB - HYUNDAI,10000083347,PVT CAR,"Renewal, Roll Over",0.0,100.001,1001,1501,Yes,OD,0.0
oem_hyundai_Grid_4,HIIB - HYUNDAI,10000083347,PVT CAR,"Renewal, Roll Over",0.0,100.001,1501,999999999,Yes,OD,0.0
oem_hyundai_Grid_4,HIIB - HYUNDAI,10000083347,PVT CAR(1+1),"Renewal, Roll Over",0.0,100.001,-999,1001,Yes,OD,0.0
oem_hyundai_Grid_4,HIIB - HYUNDAI,10000083347,PVT CAR(1+1),"Renewal, Roll Over",0.0,100.001,1001,1501,Yes,OD,0.0
oem_hyundai_Grid_4,HIIB - HYUNDAI,10000083347,PVT CAR(1+1),"Renewal, Roll Over",0.0,100.001,1501,999999999,Yes,OD,0.0
oem_hyundai_Grid_4,HIIB - HYUNDAI,10000083347,PVT CAR(1+3),New,0.0,100.001,-999,1001,Yes,OD,0.0
oem_hyundai_Grid_4,HIIB - HYUNDAI,10000083347,PVT CAR(1+3),New,0.0,100.001,1001,1501,Yes,OD,0.0
oem_hyundai_Grid_4,HIIB - HYUNDAI,10000083347,PVT CAR(1+3),New,0.0,100.001,1501,999999999,Yes,OD,0.0
oem_hyundai_Grid_4,HIIB - HYUNDAI,10000083348,PVT CAR,"Renewal, Roll Over",0.0,100.001,-999,1001,Yes,OD,0.0
oem_hyundai_Grid_4,HIIB - HYUNDAI,10000083348,PVT CAR,"Renewal, Roll Over",0.0,100.001,1001,1501,Yes,OD,0.0
oem_hyundai_Grid_4,HIIB - HYUNDAI,10000083348,PVT CAR,"Renewal, Roll Over",0.0,100.001,1501,999999999,Yes,OD,0.0
oem_hyundai_Grid_4,HIIB - HYUNDAI,10000083348,PVT CAR(1+1),"Renewal, Roll Over",0.0,100.001,-999,1001,Yes,OD,0.0
oem_hyundai_Grid_4,HIIB - HYUNDAI,10000083348,PVT CAR(1+1),"Renewal, Roll Over",0.0,100.001,1001,1501,Yes,OD,0.0
oem_hyundai_Grid_4,HIIB - HYUNDAI,10000083348,PVT CAR(1+1),"Renewal, Roll Over",0.0,100.001,1501,999999999,Yes,OD,0.0
oem_hyundai_Grid_4,HIIB - HYUNDAI,10000083348,PVT CAR(1+3),New,0.0,100.001,-999,1001,Yes,OD,0.0
oem_hyundai_Grid_4,HIIB - HYUNDAI,10000083348,PVT CAR(1+3),New,0.0,100.001,1001,1501,Yes,OD,0.0
oem_hyundai_Grid_4,HIIB - HYUNDAI,10000083348,PVT CAR(1+3),New,0.0,100.001,1501,999999999,Yes,OD,0.0
oem_hyundai_Grid_4,HIIB - HYUNDAI,10000083349,PVT CAR,"Renewal, Roll Over",0.0,100.001,-999,1001,Yes,OD,0.0
oem_hyundai_Grid_4,HIIB - HYUNDAI,10000083349,PVT CAR,"Renewal, Roll Over",0.0,100.001,1001,1501,Yes,OD,0.0
oem_hyundai_Grid_4,HIIB - HYUNDAI,10000083349,PVT CAR,"Renewal, Roll Over",0.0,100.001,1501,999999999,Yes,OD,0.0
oem_hyundai_Grid_4,HIIB - HYUNDAI,10000083349,PVT CAR(1+1),"Renewal, Roll Over",0.0,100.001,-999,1001,Yes,OD,0.0
oem_hyundai_Grid_4,HIIB - HYUNDAI,10000083349,PVT CAR(1+1),"Renewal, Roll Over",0.0,100.001,1001,1501,Yes,OD,0.0
oem_hyundai_Grid_4,HIIB - HYUNDAI,10000083349,PVT CAR(1+1),"Renewal, Roll Over",0.0,100.001,1501,999999999,Yes,OD,0.0
oem_hyundai_Grid_4,HIIB - HYUNDAI,10000083349,PVT CAR(1+3),New,0.0,100.001,-999,1001,Yes,OD,0.0
oem_hyundai_Grid_4,HIIB - HYUNDAI,10000083349,PVT CAR(1+3),New,0.0,100.001,1001,1501,Yes,OD,0.0
oem_hyundai_Grid_4,HIIB - HYUNDAI,10000083349,PVT CAR(1+3),New,0.0,100.001,1501,999999999,Yes,OD,0.0
oem_hyundai_Grid_4,HIIB - HYUNDAI,10000083355,PVT CAR,"Renewal, Roll Over",0.0,100.001,-999,1001,Yes,OD,0.0
oem_hyundai_Grid_4,HIIB - HYUNDAI,10000083355,PVT CAR,"Renewal, Roll Over",0.0,100.001,1001,1501,Yes,OD,0.0
oem_hyundai_Grid_4,HIIB - HYUNDAI,10000083355,PVT CAR,"Renewal, Roll Over",0.0,100.001,1501,999999999,Yes,OD,0.0
oem_hyundai_Grid_4,HIIB - HYUNDAI,10000083355,PVT CAR(1+1),"Renewal, Roll Over",0.0,100.001,-999,1001,Yes,OD,0.0
oem_hyundai_Grid_4,HIIB - HYUNDAI,10000083355,PVT CAR(1+1),"Renewal, Roll Over",0.0,100.001,1001,1501,Yes,OD,0.0
oem_hyundai_Grid_4,HIIB - HYUNDAI,10000083355,PVT CAR(1+1),"Renewal, Roll Over",0.0,100.001,1501,999999999,Yes,OD,0.0
oem_hyundai_Grid_4,HIIB - HYUNDAI,10000083355,PVT CAR(1+3),New,0.0,100.001,-999,1001,Yes,OD,0.0
oem_hyundai_Grid_4,HIIB - HYUNDAI,10000083355,PVT CAR(1+3),New,0.0,100.001,1001,1501,Yes,OD,0.0
oem_hyundai_Grid_4,HIIB - HYUNDAI,10000083355,PVT CAR(1+3),New,0.0,100.001,1501,999999999,Yes,OD,0.0
oem_hyundai_Grid_4,HIIB - HYUNDAI,10000083359,PVT CAR,"Renewal, Roll Over",0.0,100.001,-999,1001,Yes,OD,0.0
oem_hyundai_Grid_4,HIIB - HYUNDAI,10000083359,PVT CAR,"Renewal, Roll Over",0.0,100.001,1001,1501,Yes,OD,0.0
oem_hyundai_Grid_4,HIIB - HYUNDAI,10000083359,PVT CAR,"Renewal, Roll Over",0.0,100.001,1501,999999999,Yes,OD,0.0
oem_hyundai_Grid_4,HIIB - HYUNDAI,10000083359,PVT CAR(1+1),"Renewal, Roll Over",0.0,100.001,-999,1001,Yes,OD,0.0
oem_hyundai_Grid_4,HIIB - HYUNDAI,10000083359,PVT CAR(1+1),"Renewal, Roll Over",0.0,100.001,1001,1501,Yes,OD,0.0
oem_hyundai_Grid_4,HIIB - HYUNDAI,10000083359,PVT CAR(1+1),"Renewal, Roll Over",0.0,100.001,1501,999999999,Yes,OD,0.0
oem_hyundai_Grid_4,HIIB - HYUNDAI,10000083359,PVT CAR(1+3),New,85.001,100.001,-999,1001,Yes,OD,0.0
oem_hyundai_Grid_4,HIIB - HYUNDAI,10000083359,PVT CAR(1+3),New,0.0,85.001,-999,1001,Yes,OD,0.3
oem_hyundai_Grid_4,HIIB - HYUNDAI,10000083359,PVT CAR(1+3),New,85.001,100.001,1001,1501,Yes,OD,0.0
oem_hyundai_Grid_4,HIIB - HYUNDAI,10000083359,PVT CAR(1+3),New,0.0,85.001,1001,1501,Yes,OD,0.3
oem_hyundai_Grid_4,HIIB - HYUNDAI,10000083359,PVT CAR(1+3),New,85.001,100.001,1501,999999999,Yes,OD,0.0
oem_hyundai_Grid_4,HIIB - HYUNDAI,10000083359,PVT CAR(1+3),New,0.0,85.001,1501,999999999,Yes,OD,0.3
oem_hyundai_Grid_4,HIIB - HYUNDAI,10000083363,PVT CAR,"Renewal, Roll Over",0.0,100.001,-999,1001,Yes,OD,0.0
oem_hyundai_Grid_4,HIIB - HYUNDAI,10000083363,PVT CAR,"Renewal, Roll Over",0.0,100.001,1001,1501,Yes,OD,0.0
oem_hyundai_Grid_4,HIIB - HYUNDAI,10000083363,PVT CAR,"Renewal, Roll Over",0.0,100.001,1501,999999999,Yes,OD,0.0
oem_hyundai_Grid_4,HIIB - HYUNDAI,10000083363,PVT CAR(1+1),"Renewal, Roll Over",0.0,100.001,-999,1001,Yes,OD,0.0
oem_hyundai_Grid_4,HIIB - HYUNDAI,10000083363,PVT CAR(1+1),"Renewal, Roll Over",0.0,100.001,1001,1501,Yes,OD,0.0
oem_hyundai_Grid_4,HIIB - HYUNDAI,10000083363,PVT CAR(1+1),"Renewal, Roll Over",0.0,100.001,1501,999999999,Yes,OD,0.0
oem_hyundai_Grid_4,HIIB - HYUNDAI,10000083363,PVT CAR(1+3),New,0.0,100.001,-999,1001,Yes,OD,0.0
oem_hyundai_Grid_4,HIIB - HYUNDAI,10000083363,PVT CAR(1+3),New,0.0,100.001,1001,1501,Yes,OD,0.0
oem_hyundai_Grid_4,HIIB - HYUNDAI,10000083363,PVT CAR(1+3),New,0.0,100.001,1501,999999999,Yes,OD,0.0
oem_hyundai_Grid_4,HIIB - HYUNDAI,10000083365,PVT CAR,"Renewal, Roll Over",0.0,100.001,-999,1001,Yes,OD,0.0
oem_hyundai_Grid_4,HIIB - HYUNDAI,10000083365,PVT CAR,"Renewal, Roll Over",0.0,100.001,1001,1501,Yes,OD,0.0
oem_hyundai_Grid_4,HIIB - HYUNDAI,10000083365,PVT CAR,"Renewal, Roll Over",0.0,100.001,1501,999999999,Yes,OD,0.0
oem_hyundai_Grid_4,HIIB - HYUNDAI,10000083365,PVT CAR(1+1),"Renewal, Roll Over",0.0,100.001,-999,1001,Yes,OD,0.0
oem_hyundai_Grid_4,HIIB - HYUNDAI,10000083365,PVT CAR(1+1),"Renewal, Roll Over",0.0,100.001,1001,1501,Yes,OD,0.0
oem_hyundai_Grid_4,HIIB - HYUNDAI,10000083365,PVT CAR(1+1),"Renewal, Roll Over",0.0,100.001,1501,999999999,Yes,OD,0.0
oem_hyundai_Grid_4,HIIB - HYUNDAI,10000083365,PVT CAR(1+3),New,85.001,100.001,-999,1001,Yes,OD,0.0
oem_hyundai_Grid_4,HIIB - HYUNDAI,10000083365,PVT CAR(1+3),New,0.0,85.001,-999,1001,Yes,OD,0.3
oem_hyundai_Grid_4,HIIB - HYUNDAI,10000083365,PVT CAR(1+3),New,85.001,100.001,1001,1501,Yes,OD,0.0
oem_hyundai_Grid_4,HIIB - HYUNDAI,10000083365,PVT CAR(1+3),New,0.0,85.001,1001,1501,Yes,OD,0.3
oem_hyundai_Grid_4,HIIB - HYUNDAI,10000083365,PVT CAR(1+3),New,85.001,100.001,1501,999999999,Yes,OD,0.0
oem_hyundai_Grid_4,HIIB - HYUNDAI,10000083365,PVT CAR(1+3),New,0.0,85.001,1501,999999999,Yes,OD,0.3
oem_hyundai_Grid_4,HIIB - HYUNDAI,10000083368,PVT CAR,"Renewal, Roll Over",0.0,100.001,-999,1001,Yes,OD,0.0
oem_hyundai_Grid_4,HIIB - HYUNDAI,10000083368,PVT CAR,"Renewal, Roll Over",0.0,100.001,1001,1501,Yes,OD,0.0
oem_hyundai_Grid_4,HIIB - HYUNDAI,10000083368,PVT CAR,"Renewal, Roll Over",0.0,100.001,1501,999999999,Yes,OD,0.0
oem_hyundai_Grid_4,HIIB - HYUNDAI,10000083368,PVT CAR(1+1),"Renewal, Roll Over",0.0,100.001,-999,1001,Yes,OD,0.0
oem_hyundai_Grid_4,HIIB - HYUNDAI,10000083368,PVT CAR(1+1),"Renewal, Roll Over",0.0,100.001,1001,1501,Yes,OD,0.0
oem_hyundai_Grid_4,HIIB - HYUNDAI,10000083368,PVT CAR(1+1),"Renewal, Roll Over",0.0,100.001,1501,999999999,Yes,OD,0.0
oem_hyundai_Grid_4,HIIB - HYUNDAI,10000083368,PVT CAR(1+3),New,0.0,100.001,-999,1001,Yes,OD,0.0
oem_hyundai_Grid_4,HIIB - HYUNDAI,10000083368,PVT CAR(1+3),New,0.0,100.001,1001,1501,Yes,OD,0.0
oem_hyundai_Grid_4,HIIB - HYUNDAI,10000083368,PVT CAR(1+3),New,0.0,100.001,1501,999999999,Yes,OD,0.0
oem_hyundai_Grid_4,HIIB - HYUNDAI,10000083369,PVT CAR,"Renewal, Roll Over",0.0,100.001,-999,1001,Yes,OD,0.0
oem_hyundai_Grid_4,HIIB - HYUNDAI,10000083369,PVT CAR,"Renewal, Roll Over",0.0,100.001,1001,1501,Yes,OD,0.0
oem_hyundai_Grid_4,HIIB - HYUNDAI,10000083369,PVT CAR,"Renewal, Roll Over",0.0,100.001,1501,999999999,Yes,OD,0.0
oem_hyundai_Grid_4,HIIB - HYUNDAI,10000083369,PVT CAR(1+1),"Renewal, Roll Over",85.001,100.001,-999,1001,Yes,OD,0.0
oem_hyundai_Grid_4,HIIB - HYUNDAI,10000083369,PVT CAR(1+1),"Renewal, Roll Over",0.0,85.001,-999,1001,Yes,OD,0.06
oem_hyundai_Grid_4,HIIB - HYUNDAI,10000083369,PVT CAR(1+1),"Renewal, Roll Over",85.001,100.001,1001,1501,Yes,OD,0.0
oem_hyundai_Grid_4,HIIB - HYUNDAI,10000083369,PVT CAR(1+1),"Renewal, Roll Over",0.0,85.001,1001,1501,Yes,OD,0.06
oem_hyundai_Grid_4,HIIB - HYUNDAI,10000083369,PVT CAR(1+1),"Renewal, Roll Over",85.001,100.001,1501,999999999,Yes,OD,0.0
oem_hyundai_Grid_4,HIIB - HYUNDAI,10000083369,PVT CAR(1+1),"Renewal, Roll Over",0.0,85.001,1501,999999999,Yes,OD,0.06
oem_hyundai_Grid_4,HIIB - HYUNDAI,10000083369,PVT CAR(1+3),New,80.001,100.001,-999,1001,Yes,OD,0.0
oem_hyundai_Grid_4,HIIB - HYUNDAI,10000083369,PVT CAR(1+3),New,75.001,80.001,-999,1001,Yes,OD,0.0549999999999998
oem_hyundai_Grid_4,HIIB - HYUNDAI,10000083369,PVT CAR(1+3),New,70.001,75.001,-999,1001,Yes,OD,0.1049999999999999
oem_hyundai_Grid_4,HIIB - HYUNDAI,10000083369,PVT CAR(1+3),New,65.001,70.001,-999,1001,Yes,OD,0.1549999999999999
oem_hyundai_Grid_4,HIIB - HYUNDAI,10000083369,PVT CAR(1+3),New,60.001,65.001,-999,1001,Yes,OD,0.205
oem_hyundai_Grid_4,HIIB - HYUNDAI,10000083369,PVT CAR(1+3),New,55.001,60.001,-999,1001,Yes,OD,0.255
oem_hyundai_Grid_4,HIIB - HYUNDAI,10000083369,PVT CAR(1+3),New,50.001,55.001,-999,1001,Yes,OD,0.3050000000000001
oem_hyundai_Grid_4,HIIB - HYUNDAI,10000083369,PVT CAR(1+3),New,45.001,50.001,-999,1001,Yes,OD,0.355
oem_hyundai_Grid_4,HIIB - HYUNDAI,10000083369,PVT CAR(1+3),New,40.001,45.001,-999,1001,Yes,OD,0.4050000000000001
oem_hyundai_Grid_4,HIIB - HYUNDAI,10000083369,PVT CAR(1+3),New,35.001,40.001,-999,1001,Yes,OD,0.4550000000000001
oem_hyundai_Grid_4,HIIB - HYUNDAI,10000083369,PVT CAR(1+3),New,30.001,35.001,-999,1001,Yes,OD,0.5050000000000001
oem_hyundai_Grid_4,HIIB - HYUNDAI,10000083369,PVT CAR(1+3),New,25.001,30.001,-999,1001,Yes,OD,0.5549999999999999
oem_hyundai_Grid_4,HIIB - HYUNDAI,10000083369,PVT CAR(1+3),New,20.001,25.001,-999,1001,Yes,OD,0.605
oem_hyundai_Grid_4,HIIB - HYUNDAI,10000083369,PVT CAR(1+3),New,0.0,20.001,-999,1001,Yes,OD,0.655
oem_hyundai_Grid_4,HIIB - HYUNDAI,10000083369,PVT CAR(1+3),New,80.001,100.001,1001,1501,Yes,OD,0.0
oem_hyundai_Grid_4,HIIB - HYUNDAI,10000083369,PVT CAR(1+3),New,75.001,80.001,1001,1501,Yes,OD,0.0549999999999998
oem_hyundai_Grid_4,HIIB - HYUNDAI,10000083369,PVT CAR(1+3),New,70.001,75.001,1001,1501,Yes,OD,0.1049999999999999
oem_hyundai_Grid_4,HIIB - HYUNDAI,10000083369,PVT CAR(1+3),New,65.001,70.001,1001,1501,Yes,OD,0.1549999999999999
oem_hyundai_Grid_4,HIIB - HYUNDAI,10000083369,PVT CAR(1+3),New,60.001,65.001,1001,1501,Yes,OD,0.205
oem_hyundai_Grid_4,HIIB - HYUNDAI,10000083369,PVT CAR(1+3),New,55.001,60.001,1001,1501,Yes,OD,0.255
oem_hyundai_Grid_4,HIIB - HYUNDAI,10000083369,PVT CAR(1+3),New,50.001,55.001,1001,1501,Yes,OD,0.3050000000000001
oem_hyundai_Grid_4,HIIB - HYUNDAI,10000083369,PVT CAR(1+3),New,45.001,50.001,1001,1501,Yes,OD,0.355
oem_hyundai_Grid_4,HIIB - HYUNDAI,10000083369,PVT CAR(1+3),New,40.001,45.001,1001,1501,Yes,OD,0.4050000000000001
oem_hyundai_Grid_4,HIIB - HYUNDAI,10000083369,PVT CAR(1+3),New,35.001,40.001,1001,1501,Yes,OD,0.4550000000000001
oem_hyundai_Grid_4,HIIB - HYUNDAI,10000083369,PVT CAR(1+3),New,30.001,35.001,1001,1501,Yes,OD,0.5050000000000001
oem_hyundai_Grid_4,HIIB - HYUNDAI,10000083369,PVT CAR(1+3),New,25.001,30.001,1001,1501,Yes,OD,0.5549999999999999
oem_hyundai_Grid_4,HIIB - HYUNDAI,10000083369,PVT CAR(1+3),New,20.001,25.001,1001,1501,Yes,OD,0.605
oem_hyundai_Grid_4,HIIB - HYUNDAI,10000083369,PVT CAR(1+3),New,0.0,20.001,1001,1501,Yes,OD,0.655
oem_hyundai_Grid_4,HIIB - HYUNDAI,10000083369,PVT CAR(1+3),New,80.001,100.001,1501,999999999,Yes,OD,0.0
oem_hyundai_Grid_4,HIIB - HYUNDAI,10000083369,PVT CAR(1+3),New,75.001,80.001,1501,999999999,Yes,OD,0.0549999999999998
oem_hyundai_Grid_4,HIIB - HYUNDAI,10000083369,PVT CAR(1+3),New,70.001,75.001,1501,999999999,Yes,OD,0.1049999999999999
oem_hyundai_Grid_4,HIIB - HYUNDAI,10000083369,PVT CAR(1+3),New,65.001,70.001,1501,999999999,Yes,OD,0.1549999999999999
oem_hyundai_Grid_4,HIIB - HYUNDAI,10000083369,PVT CAR(1+3),New,60.001,65.001,1501,999999999,Yes,OD,0.205
oem_hyundai_Grid_4,HIIB - HYUNDAI,10000083369,PVT CAR(1+3),New,55.001,60.001,1501,999999999,Yes,OD,0.255
oem_hyundai_Grid_4,HIIB - HYUNDAI,10000083369,PVT CAR(1+3),New,50.001,55.001,1501,999999999,Yes,OD,0.3050000000000001
oem_hyundai_Grid_4,HIIB - HYUNDAI,10000083369,PVT CAR(1+3),New,45.001,50.001,1501,999999999,Yes,OD,0.355
oem_hyundai_Grid_4,HIIB - HYUNDAI,10000083369,PVT CAR(1+3),New,40.001,45.001,1501,999999999,Yes,OD,0.4050000000000001
oem_hyundai_Grid_4,HIIB - HYUNDAI,10000083369,PVT CAR(1+3),New,35.001,40.001,1501,999999999,Yes,OD,0.4550000000000001
oem_hyundai_Grid_4,HIIB - HYUNDAI,10000083369,PVT CAR(1+3),New,30.001,35.001,1501,999999999,Yes,OD,0.5050000000000001
oem_hyundai_Grid_4,HIIB - HYUNDAI,10000083369,PVT CAR(1+3),New,25.001,30.001,1501,999999999,Yes,OD,0.5549999999999999
oem_hyundai_Grid_4,HIIB - HYUNDAI,10000083369,PVT CAR(1+3),New,20.001,25.001,1501,999999999,Yes,OD,0.605
oem_hyundai_Grid_4,HIIB - HYUNDAI,10000083369,PVT CAR(1+3),New,0.0,20.001,1501,999999999,Yes,OD,0.655
oem_hyundai_Grid_4,HIIB - HYUNDAI,10000083370,PVT CAR,"Renewal, Roll Over",0.0,100.001,-999,1001,Yes,OD,0.0
oem_hyundai_Grid_4,HIIB - HYUNDAI,10000083370,PVT CAR,"Renewal, Roll Over",0.0,100.001,1001,1501,Yes,OD,0.0
oem_hyundai_Grid_4,HIIB - HYUNDAI,10000083370,PVT CAR,"Renewal, Roll Over",0.0,100.001,1501,999999999,Yes,OD,0.0
oem_hyundai_Grid_4,HIIB - HYUNDAI,10000083370,PVT CAR(1+1),"Renewal, Roll Over",0.0,100.001,-999,1001,Yes,OD,0.0
oem_hyundai_Grid_4,HIIB - HYUNDAI,10000083370,PVT CAR(1+1),"Renewal, Roll Over",0.0,100.001,1001,1501,Yes,OD,0.0
oem_hyundai_Grid_4,HIIB - HYUNDAI,10000083370,PVT CAR(1+1),"Renewal, Roll Over",0.0,100.001,1501,999999999,Yes,OD,0.0
oem_hyundai_Grid_4,HIIB - HYUNDAI,10000083370,PVT CAR(1+3),New,0.0,100.001,-999,1001,Yes,OD,0.0
oem_hyundai_Grid_4,HIIB - HYUNDAI,10000083370,PVT CAR(1+3),New,0.0,100.001,1001,1501,Yes,OD,0.0
oem_hyundai_Grid_4,HIIB - HYUNDAI,10000083370,PVT CAR(1+3),New,0.0,100.001,1501,999999999,Yes,OD,0.0
oem_hyundai_Grid_4,HIIB - HYUNDAI,10000083374,PVT CAR,"Renewal, Roll Over",0.0,100.001,-999,1001,Yes,OD,0.0
oem_hyundai_Grid_4,HIIB - HYUNDAI,10000083374,PVT CAR,"Renewal, Roll Over",0.0,100.001,1001,1501,Yes,OD,0.0
oem_hyundai_Grid_4,HIIB - HYUNDAI,10000083374,PVT CAR,"Renewal, Roll Over",0.0,100.001,1501,999999999,Yes,OD,0.0
oem_hyundai_Grid_4,HIIB - HYUNDAI,10000083374,PVT CAR(1+1),"Renewal, Roll Over",0.0,100.001,-999,1001,Yes,OD,0.0
oem_hyundai_Grid_4,HIIB - HYUNDAI,10000083374,PVT CAR(1+1),"Renewal, Roll Over",0.0,100.001,1001,1501,Yes,OD,0.0
oem_hyundai_Grid_4,HIIB - HYUNDAI,10000083374,PVT CAR(1+1),"Renewal, Roll Over",0.0,100.001,1501,999999999,Yes,OD,0.0
oem_hyundai_Grid_4,HIIB - HYUNDAI,10000083374,PVT CAR(1+3),New,0.0,100.001,-999,1001,Yes,OD,0.0
oem_hyundai_Grid_4,HIIB - HYUNDAI,10000083374,PVT CAR(1+3),New,0.0,100.001,1001,1501,Yes,OD,0.0
oem_hyundai_Grid_4,HIIB - HYUNDAI,10000083374,PVT CAR(1+3),New,0.0,100.001,1501,999999999,Yes,OD,0.0
oem_hyundai_Grid_4,HIIB - HYUNDAI,10000083379,PCV-TAXI,ANY,85.001,100.001,-999,999999999,Yes,OD,0.0
oem_hyundai_Grid_4,HIIB - HYUNDAI,10000083379,PCV-TAXI,ANY,0.0,85.001,-999,999999999,Yes,OD,0.1049999999999999
oem_hyundai_Grid_4,HIIB - HYUNDAI,10000083379,PVT CAR,"Renewal, Roll Over",0.0,100.001,-999,1001,Yes,OD,0.0
oem_hyundai_Grid_4,HIIB - HYUNDAI,10000083379,PVT CAR,"Renewal, Roll Over",0.0,100.001,1001,1501,Yes,OD,0.0
oem_hyundai_Grid_4,HIIB - HYUNDAI,10000083379,PVT CAR,"Renewal, Roll Over",0.0,100.001,1501,999999999,Yes,OD,0.0
oem_hyundai_Grid_4,HIIB - HYUNDAI,10000083379,PVT CAR(1+1),"Renewal, Roll Over",0.0,100.001,-999,1001,Yes,OD,0.0
oem_hyundai_Grid_4,HIIB - HYUNDAI,10000083379,PVT CAR(1+1),"Renewal, Roll Over",0.0,100.001,1001,1501,Yes,OD,0.0
oem_hyundai_Grid_4,HIIB - HYUNDAI,10000083379,PVT CAR(1+1),"Renewal, Roll Over",0.0,100.001,1501,999999999,Yes,OD,0.0
oem_hyundai_Grid_4,HIIB - HYUNDAI,10000083379,PVT CAR(1+3),New,70.001,100.001,-999,1001,Yes,OD,0.0
oem_hyundai_Grid_4,HIIB - HYUNDAI,10000083379,PVT CAR(1+3),New,0.0,70.001,-999,1001,Yes,OD,0.5049999999999999
oem_hyundai_Grid_4,HIIB - HYUNDAI,10000083379,PVT CAR(1+3),New,70.001,100.001,1001,1501,Yes,OD,0.0
oem_hyundai_Grid_4,HIIB - HYUNDAI,10000083379,PVT CAR(1+3),New,0.0,70.001,1001,1501,Yes,OD,0.5049999999999999
oem_hyundai_Grid_4,HIIB - HYUNDAI,10000083379,PVT CAR(1+3),New,70.001,100.001,1501,999999999,Yes,OD,0.0
oem_hyundai_Grid_4,HIIB - HYUNDAI,10000083379,PVT CAR(1+3),New,0.0,70.001,1501,999999999,Yes,OD,0.5049999999999999
oem_hyundai_Grid_4,HIIB - HYUNDAI,10000083380,PVT CAR,"Renewal, Roll Over",0.0,100.001,-999,1001,Yes,OD,0.0
oem_hyundai_Grid_4,HIIB - HYUNDAI,10000083380,PVT CAR,"Renewal, Roll Over",0.0,100.001,1001,1501,Yes,OD,0.0
oem_hyundai_Grid_4,HIIB - HYUNDAI,10000083380,PVT CAR,"Renewal, Roll Over",0.0,100.001,1501,999999999,Yes,OD,0.0
oem_hyundai_Grid_4,HIIB - HYUNDAI,10000083380,PVT CAR(1+1),"Renewal, Roll Over",0.0,100.001,-999,1001,Yes,OD,0.0
oem_hyundai_Grid_4,HIIB - HYUNDAI,10000083380,PVT CAR(1+1),"Renewal, Roll Over",0.0,100.001,1001,1501,Yes,OD,0.0
oem_hyundai_Grid_4,HIIB - HYUNDAI,10000083380,PVT CAR(1+1),"Renewal, Roll Over",0.0,100.001,1501,999999999,Yes,OD,0.0
oem_hyundai_Grid_4,HIIB - HYUNDAI,10000083380,PVT CAR(1+3),New,0.0,100.001,-999,1001,Yes,OD,0.0
oem_hyundai_Grid_4,HIIB - HYUNDAI,10000083380,PVT CAR(1+3),New,0.0,100.001,1001,1501,Yes,OD,0.0
oem_hyundai_Grid_4,HIIB - HYUNDAI,10000083380,PVT CAR(1+3),New,0.0,100.001,1501,999999999,Yes,OD,0.0
oem_hyundai_Grid_4,HIIB - HYUNDAI,10000083381,PVT CAR,"Renewal, Roll Over",0.0,100.001,-999,1001,Yes,OD,0.0
oem_hyundai_Grid_4,HIIB - HYUNDAI,10000083381,PVT CAR,"Renewal, Roll Over",0.0,100.001,1001,1501,Yes,OD,0.0
oem_hyundai_Grid_4,HIIB - HYUNDAI,10000083381,PVT CAR,"Renewal, Roll Over",0.0,100.001,1501,999999999,Yes,OD,0.0
oem_hyundai_Grid_4,HIIB - HYUNDAI,10000083381,PVT CAR(1+1),"Renewal, Roll Over",0.0,100.001,-999,1001,Yes,OD,0.0
oem_hyundai_Grid_4,HIIB - HYUNDAI,10000083381,PVT CAR(1+1),"Renewal, Roll Over",0.0,100.001,1001,1501,Yes,OD,0.0
oem_hyundai_Grid_4,HIIB - HYUNDAI,10000083381,PVT CAR(1+1),"Renewal, Roll Over",0.0,100.001,1501,999999999,Yes,OD,0.0
oem_hyundai_Grid_4,HIIB - HYUNDAI,10000083381,PVT CAR(1+3),New,80.001,100.001,-999,1001,Yes,OD,0.0
oem_hyundai_Grid_4,HIIB - HYUNDAI,10000083381,PVT CAR(1+3),New,0.0,80.001,-999,1001,Yes,OD,0.205
oem_hyundai_Grid_4,HIIB - HYUNDAI,10000083381,PVT CAR(1+3),New,80.001,100.001,1001,1501,Yes,OD,0.0
oem_hyundai_Grid_4,HIIB - HYUNDAI,10000083381,PVT CAR(1+3),New,0.0,80.001,1001,1501,Yes,OD,0.205
oem_hyundai_Grid_4,HIIB - HYUNDAI,10000083381,PVT CAR(1+3),New,80.001,100.001,1501,999999999,Yes,OD,0.0
oem_hyundai_Grid_4,HIIB - HYUNDAI,10000083381,PVT CAR(1+3),New,0.0,80.001,1501,999999999,Yes,OD,0.205
oem_hyundai_Grid_4,HIIB - HYUNDAI,10000083382,PVT CAR,"Renewal, Roll Over",0.0,100.001,-999,1001,Yes,OD,0.0
oem_hyundai_Grid_4,HIIB - HYUNDAI,10000083382,PVT CAR,"Renewal, Roll Over",0.0,100.001,1001,1501,Yes,OD,0.0
oem_hyundai_Grid_4,HIIB - HYUNDAI,10000083382,PVT CAR,"Renewal, Roll Over",0.0,100.001,1501,999999999,Yes,OD,0.0
oem_hyundai_Grid_4,HIIB - HYUNDAI,10000083382,PVT CAR(1+1),"Renewal, Roll Over",0.0,100.001,-999,1001,Yes,OD,0.0
oem_hyundai_Grid_4,HIIB - HYUNDAI,10000083382,PVT CAR(1+1),"Renewal, Roll Over",0.0,100.001,1001,1501,Yes,OD,0.0
oem_hyundai_Grid_4,HIIB - HYUNDAI,10000083382,PVT CAR(1+1),"Renewal, Roll Over",0.0,100.001,1501,999999999,Yes,OD,0.0
oem_hyundai_Grid_4,HIIB - HYUNDAI,10000083382,PVT CAR(1+3),New,0.0,100.001,-999,1001,Yes,OD,0.0
oem_hyundai_Grid_4,HIIB - HYUNDAI,10000083382,PVT CAR(1+3),New,0.0,100.001,1001,1501,Yes,OD,0.0
oem_hyundai_Grid_4,HIIB - HYUNDAI,10000083382,PVT CAR(1+3),New,0.0,100.001,1501,999999999,Yes,OD,0.0
oem_hyundai_Grid_4,HIIB - HYUNDAI,10000083383,PVT CAR,"Renewal, Roll Over",0.0,100.001,-999,1001,Yes,OD,0.0
oem_hyundai_Grid_4,HIIB - HYUNDAI,10000083383,PVT CAR,"Renewal, Roll Over",0.0,100.001,1001,1501,Yes,OD,0.0
oem_hyundai_Grid_4,HIIB - HYUNDAI,10000083383,PVT CAR,"Renewal, Roll Over",0.0,100.001,1501,999999999,Yes,OD,0.0
oem_hyundai_Grid_4,HIIB - HYUNDAI,10000083383,PVT CAR(1+1),"Renewal, Roll Over",0.0,100.001,-999,1001,Yes,OD,0.0
oem_hyundai_Grid_4,HIIB - HYUNDAI,10000083383,PVT CAR(1+1),"Renewal, Roll Over",0.0,100.001,1001,1501,Yes,OD,0.0
oem_hyundai_Grid_4,HIIB - HYUNDAI,10000083383,PVT CAR(1+1),"Renewal, Roll Over",0.0,100.001,1501,999999999,Yes,OD,0.0
oem_hyundai_Grid_4,HIIB - HYUNDAI,10000083383,PVT CAR(1+3),New,0.0,100.001,-999,1001,Yes,OD,0.0
oem_hyundai_Grid_4,HIIB - HYUNDAI,10000083383,PVT CAR(1+3),New,0.0,100.001,1001,1501,Yes,OD,0.0
oem_hyundai_Grid_4,HIIB - HYUNDAI,10000083383,PVT CAR(1+3),New,0.0,100.001,1501,999999999,Yes,OD,0.0
oem_hyundai_Grid_4,HIIB - HYUNDAI,10000083384,PVT CAR,"Renewal, Roll Over",0.0,100.001,-999,1001,Yes,OD,0.0
oem_hyundai_Grid_4,HIIB - HYUNDAI,10000083384,PVT CAR,"Renewal, Roll Over",0.0,100.001,1001,1501,Yes,OD,0.0
oem_hyundai_Grid_4,HIIB - HYUNDAI,10000083384,PVT CAR,"Renewal, Roll Over",0.0,100.001,1501,999999999,Yes,OD,0.0
oem_hyundai_Grid_4,HIIB - HYUNDAI,10000083384,PVT CAR(1+1),"Renewal, Roll Over",0.0,100.001,-999,1001,Yes,OD,0.0
oem_hyundai_Grid_4,HIIB - HYUNDAI,10000083384,PVT CAR(1+1),"Renewal, Roll Over",0.0,100.001,1001,1501,Yes,OD,0.0
oem_hyundai_Grid_4,HIIB - HYUNDAI,10000083384,PVT CAR(1+1),"Renewal, Roll Over",0.0,100.001,1501,999999999,Yes,OD,0.0
oem_hyundai_Grid_4,HIIB - HYUNDAI,10000083384,PVT CAR(1+3),New,0.0,100.001,-999,1001,Yes,OD,0.0
oem_hyundai_Grid_4,HIIB - HYUNDAI,10000083384,PVT CAR(1+3),New,0.0,100.001,1001,1501,Yes,OD,0.0
oem_hyundai_Grid_4,HIIB - HYUNDAI,10000083384,PVT CAR(1+3),New,0.0,100.001,1501,999999999,Yes,OD,0.0
oem_hyundai_Grid_4,HIIB - HYUNDAI,10000083390,PVT CAR,"Renewal, Roll Over",0.0,100.001,-999,1001,Yes,OD,0.0
oem_hyundai_Grid_4,HIIB - HYUNDAI,10000083390,PVT CAR,"Renewal, Roll Over",0.0,100.001,1001,1501,Yes,OD,0.0
oem_hyundai_Grid_4,HIIB - HYUNDAI,10000083390,PVT CAR,"Renewal, Roll Over",0.0,100.001,1501,999999999,Yes,OD,0.0
oem_hyundai_Grid_4,HIIB - HYUNDAI,10000083390,PVT CAR(1+1),"Renewal, Roll Over",0.0,100.001,-999,1001,Yes,OD,0.0
oem_hyundai_Grid_4,HIIB - HYUNDAI,10000083390,PVT CAR(1+1),"Renewal, Roll Over",0.0,100.001,1001,1501,Yes,OD,0.0
oem_hyundai_Grid_4,HIIB - HYUNDAI,10000083390,PVT CAR(1+1),"Renewal, Roll Over",0.0,100.001,1501,999999999,Yes,OD,0.0
oem_hyundai_Grid_4,HIIB - HYUNDAI,10000083390,PVT CAR(1+3),New,0.0,100.001,-999,1001,Yes,OD,0.0
oem_hyundai_Grid_4,HIIB - HYUNDAI,10000083390,PVT CAR(1+3),New,0.0,100.001,1001,1501,Yes,OD,0.0
oem_hyundai_Grid_4,HIIB - HYUNDAI,10000083390,PVT CAR(1+3),New,0.0,100.001,1501,999999999,Yes,OD,0.0
oem_hyundai_Grid_4,HIIB - HYUNDAI,10000083391,PVT CAR,"Renewal, Roll Over",0.0,100.001,-999,1001,Yes,OD,0.0
oem_hyundai_Grid_4,HIIB - HYUNDAI,10000083391,PVT CAR,"Renewal, Roll Over",0.0,100.001,1001,1501,Yes,OD,0.0
oem_hyundai_Grid_4,HIIB - HYUNDAI,10000083391,PVT CAR,"Renewal, Roll Over",0.0,100.001,1501,999999999,Yes,OD,0.0
oem_hyundai_Grid_4,HIIB - HYUNDAI,10000083391,PVT CAR(1+1),"Renewal, Roll Over",0.0,100.001,-999,1001,Yes,OD,0.0
oem_hyundai_Grid_4,HIIB - HYUNDAI,10000083391,PVT CAR(1+1),"Renewal, Roll Over",0.0,100.001,1001,1501,Yes,OD,0.0
oem_hyundai_Grid_4,HIIB - HYUNDAI,10000083391,PVT CAR(1+1),"Renewal, Roll Over",0.0,100.001,1501,999999999,Yes,OD,0.0
oem_hyundai_Grid_4,HIIB - HYUNDAI,10000083391,PVT CAR(1+3),New,0.0,100.001,-999,1001,Yes,OD,0.0
oem_hyundai_Grid_4,HIIB - HYUNDAI,10000083391,PVT CAR(1+3),New,0.0,100.001,1001,1501,Yes,OD,0.0
oem_hyundai_Grid_4,HIIB - HYUNDAI,10000083391,PVT CAR(1+3),New,0.0,100.001,1501,999999999,Yes,OD,0.0
oem_hyundai_Grid_4,HIIB - HYUNDAI,10000083392,PVT CAR,"Renewal, Roll Over",0.0,100.001,-999,1001,Yes,OD,0.0
oem_hyundai_Grid_4,HIIB - HYUNDAI,10000083392,PVT CAR,"Renewal, Roll Over",0.0,100.001,1001,1501,Yes,OD,0.0
oem_hyundai_Grid_4,HIIB - HYUNDAI,10000083392,PVT CAR,"Renewal, Roll Over",0.0,100.001,1501,999999999,Yes,OD,0.0
oem_hyundai_Grid_4,HIIB - HYUNDAI,10000083392,PVT CAR(1+1),"Renewal, Roll Over",0.0,100.001,-999,1001,Yes,OD,0.0
oem_hyundai_Grid_4,HIIB - HYUNDAI,10000083392,PVT CAR(1+1),"Renewal, Roll Over",0.0,100.001,1001,1501,Yes,OD,0.0
oem_hyundai_Grid_4,HIIB - HYUNDAI,10000083392,PVT CAR(1+1),"Renewal, Roll Over",0.0,100.001,1501,999999999,Yes,OD,0.0
oem_hyundai_Grid_4,HIIB - HYUNDAI,10000083392,PVT CAR(1+3),New,0.0,100.001,-999,1001,Yes,OD,0.0
oem_hyundai_Grid_4,HIIB - HYUNDAI,10000083392,PVT CAR(1+3),New,0.0,100.001,1001,1501,Yes,OD,0.0
oem_hyundai_Grid_4,HIIB - HYUNDAI,10000083392,PVT CAR(1+3),New,0.0,100.001,1501,999999999,Yes,OD,0.0
oem_hyundai_Grid_4,HIIB - HYUNDAI,10000083394,PVT CAR,"Renewal, Roll Over",0.0,100.001,-999,1001,Yes,OD,0.0
oem_hyundai_Grid_4,HIIB - HYUNDAI,10000083394,PVT CAR,"Renewal, Roll Over",0.0,100.001,1001,1501,Yes,OD,0.0
oem_hyundai_Grid_4,HIIB - HYUNDAI,10000083394,PVT CAR,"Renewal, Roll Over",0.0,100.001,1501,999999999,Yes,OD,0.0
oem_hyundai_Grid_4,HIIB - HYUNDAI,10000083394,PVT CAR(1+1),"Renewal, Roll Over",0.0,100.001,-999,1001,Yes,OD,0.0
oem_hyundai_Grid_4,HIIB - HYUNDAI,10000083394,PVT CAR(1+1),"Renewal, Roll Over",0.0,100.001,1001,1501,Yes,OD,0.0
oem_hyundai_Grid_4,HIIB - HYUNDAI,10000083394,PVT CAR(1+1),"Renewal, Roll Over",0.0,100.001,1501,999999999,Yes,OD,0.0
oem_hyundai_Grid_4,HIIB - HYUNDAI,10000083394,PVT CAR(1+3),New,0.0,100.001,-999,1001,Yes,OD,0.0
oem_hyundai_Grid_4,HIIB - HYUNDAI,10000083394,PVT CAR(1+3),New,0.0,100.001,1001,1501,Yes,OD,0.0
oem_hyundai_Grid_4,HIIB - HYUNDAI,10000083394,PVT CAR(1+3),New,0.0,100.001,1501,999999999,Yes,OD,0.0
oem_hyundai_Grid_4,HIIB - HYUNDAI,10000083397,PCV-TAXI,ANY,85.001,100.001,-999,999999999,Yes,OD,0.0
oem_hyundai_Grid_4,HIIB - HYUNDAI,10000083397,PCV-TAXI,ANY,0.0,85.001,-999,999999999,Yes,OD,0.1049999999999999
oem_hyundai_Grid_4,HIIB - HYUNDAI,10000083397,PVT CAR,"Renewal, Roll Over",0.0,100.001,-999,1001,Yes,OD,0.0
oem_hyundai_Grid_4,HIIB - HYUNDAI,10000083397,PVT CAR,"Renewal, Roll Over",0.0,100.001,1001,1501,Yes,OD,0.0
oem_hyundai_Grid_4,HIIB - HYUNDAI,10000083397,PVT CAR,"Renewal, Roll Over",0.0,100.001,1501,999999999,Yes,OD,0.0
oem_hyundai_Grid_4,HIIB - HYUNDAI,10000083397,PVT CAR(1+1),"Renewal, Roll Over",0.0,100.001,-999,1001,Yes,OD,0.0
oem_hyundai_Grid_4,HIIB - HYUNDAI,10000083397,PVT CAR(1+1),"Renewal, Roll Over",0.0,100.001,1001,1501,Yes,OD,0.0
oem_hyundai_Grid_4,HIIB - HYUNDAI,10000083397,PVT CAR(1+1),"Renewal, Roll Over",0.0,100.001,1501,999999999,Yes,OD,0.0
oem_hyundai_Grid_4,HIIB - HYUNDAI,10000083397,PVT CAR(1+3),New,70.001,100.001,-999,1001,Yes,OD,0.0
oem_hyundai_Grid_4,HIIB - HYUNDAI,10000083397,PVT CAR(1+3),New,0.0,70.001,-999,1001,Yes,OD,0.5049999999999999
oem_hyundai_Grid_4,HIIB - HYUNDAI,10000083397,PVT CAR(1+3),New,70.001,100.001,1001,1501,Yes,OD,0.0
oem_hyundai_Grid_4,HIIB - HYUNDAI,10000083397,PVT CAR(1+3),New,0.0,70.001,1001,1501,Yes,OD,0.5049999999999999
oem_hyundai_Grid_4,HIIB - HYUNDAI,10000083397,PVT CAR(1+3),New,70.001,100.001,1501,999999999,Yes,OD,0.0
oem_hyundai_Grid_4,HIIB - HYUNDAI,10000083397,PVT CAR(1+3),New,0.0,70.001,1501,999999999,Yes,OD,0.5049999999999999
oem_hyundai_Grid_4,HIIB - HYUNDAI,10000083406,PVT CAR,"Renewal, Roll Over",0.0,100.001,-999,1001,Yes,OD,0.0
oem_hyundai_Grid_4,HIIB - HYUNDAI,10000083406,PVT CAR,"Renewal, Roll Over",0.0,100.001,1001,1501,Yes,OD,0.0
oem_hyundai_Grid_4,HIIB - HYUNDAI,10000083406,PVT CAR,"Renewal, Roll Over",0.0,100.001,1501,999999999,Yes,OD,0.0
oem_hyundai_Grid_4,HIIB - HYUNDAI,10000083406,PVT CAR(1+1),"Renewal, Roll Over",0.0,100.001,-999,1001,Yes,OD,0.0
oem_hyundai_Grid_4,HIIB - HYUNDAI,10000083406,PVT CAR(1+1),"Renewal, Roll Over",0.0,100.001,1001,1501,Yes,OD,0.0
oem_hyundai_Grid_4,HIIB - HYUNDAI,10000083406,PVT CAR(1+1),"Renewal, Roll Over",0.0,100.001,1501,999999999,Yes,OD,0.0
oem_hyundai_Grid_4,HIIB - HYUNDAI,10000083406,PVT CAR(1+3),New,0.0,100.001,-999,1001,Yes,OD,0.0
oem_hyundai_Grid_4,HIIB - HYUNDAI,10000083406,PVT CAR(1+3),New,0.0,100.001,1001,1501,Yes,OD,0.0
oem_hyundai_Grid_4,HIIB - HYUNDAI,10000083406,PVT CAR(1+3),New,0.0,100.001,1501,999999999,Yes,OD,0.0
oem_hyundai_Grid_4,HIIB - HYUNDAI,10000083411,PVT CAR,"Renewal, Roll Over",0.0,100.001,-999,1001,Yes,OD,0.0
oem_hyundai_Grid_4,HIIB - HYUNDAI,10000083411,PVT CAR,"Renewal, Roll Over",0.0,100.001,1001,1501,Yes,OD,0.0
oem_hyundai_Grid_4,HIIB - HYUNDAI,10000083411,PVT CAR,"Renewal, Roll Over",0.0,100.001,1501,999999999,Yes,OD,0.0
oem_hyundai_Grid_4,HIIB - HYUNDAI,10000083411,PVT CAR(1+1),"Renewal, Roll Over",0.0,100.001,-999,1001,Yes,OD,0.0
oem_hyundai_Grid_4,HIIB - HYUNDAI,10000083411,PVT CAR(1+1),"Renewal, Roll Over",0.0,100.001,1001,1501,Yes,OD,0.0
oem_hyundai_Grid_4,HIIB - HYUNDAI,10000083411,PVT CAR(1+1),"Renewal, Roll Over",0.0,100.001,1501,999999999,Yes,OD,0.0
oem_hyundai_Grid_4,HIIB - HYUNDAI,10000083411,PVT CAR(1+3),New,80.001,100.001,-999,1001,Yes,OD,0.0
oem_hyundai_Grid_4,HIIB - HYUNDAI,10000083411,PVT CAR(1+3),New,0.0,80.001,-999,1001,Yes,OD,0.2
oem_hyundai_Grid_4,HIIB - HYUNDAI,10000083411,PVT CAR(1+3),New,80.001,100.001,1001,1501,Yes,OD,0.0
oem_hyundai_Grid_4,HIIB - HYUNDAI,10000083411,PVT CAR(1+3),New,0.0,80.001,1001,1501,Yes,OD,0.2
oem_hyundai_Grid_4,HIIB - HYUNDAI,10000083411,PVT CAR(1+3),New,80.001,100.001,1501,999999999,Yes,OD,0.0
oem_hyundai_Grid_4,HIIB - HYUNDAI,10000083411,PVT CAR(1+3),New,0.0,80.001,1501,999999999,Yes,OD,0.2
oem_hyundai_Grid_4,HIIB - HYUNDAI,10000083421,PVT CAR,"Renewal, Roll Over",0.0,100.001,-999,1001,Yes,OD,0.0
oem_hyundai_Grid_4,HIIB - HYUNDAI,10000083421,PVT CAR,"Renewal, Roll Over",0.0,100.001,1001,1501,Yes,OD,0.0
oem_hyundai_Grid_4,HIIB - HYUNDAI,10000083421,PVT CAR,"Renewal, Roll Over",0.0,100.001,1501,999999999,Yes,OD,0.0
oem_hyundai_Grid_4,HIIB - HYUNDAI,10000083421,PVT CAR(1+1),"Renewal, Roll Over",0.0,100.001,-999,1001,Yes,OD,0.0
oem_hyundai_Grid_4,HIIB - HYUNDAI,10000083421,PVT CAR(1+1),"Renewal, Roll Over",0.0,100.001,1001,1501,Yes,OD,0.0
oem_hyundai_Grid_4,HIIB - HYUNDAI,10000083421,PVT CAR(1+1),"Renewal, Roll Over",0.0,100.001,1501,999999999,Yes,OD,0.0
oem_hyundai_Grid_4,HIIB - HYUNDAI,10000083421,PVT CAR(1+3),New,85.001,100.001,-999,1001,Yes,OD,0.0
oem_hyundai_Grid_4,HIIB - HYUNDAI,10000083421,PVT CAR(1+3),New,0.0,85.001,-999,1001,Yes,OD,0.3
oem_hyundai_Grid_4,HIIB - HYUNDAI,10000083421,PVT CAR(1+3),New,85.001,100.001,1001,1501,Yes,OD,0.0
oem_hyundai_Grid_4,HIIB - HYUNDAI,10000083421,PVT CAR(1+3),New,0.0,85.001,1001,1501,Yes,OD,0.3
oem_hyundai_Grid_4,HIIB - HYUNDAI,10000083421,PVT CAR(1+3),New,85.001,100.001,1501,999999999,Yes,OD,0.0
oem_hyundai_Grid_4,HIIB - HYUNDAI,10000083421,PVT CAR(1+3),New,0.0,85.001,1501,999999999,Yes,OD,0.3
oem_hyundai_Grid_4,HIIB - HYUNDAI,10000083422,PVT CAR,"Renewal, Roll Over",0.0,100.001,-999,1001,Yes,OD,0.0
oem_hyundai_Grid_4,HIIB - HYUNDAI,10000083422,PVT CAR,"Renewal, Roll Over",0.0,100.001,1001,1501,Yes,OD,0.0
oem_hyundai_Grid_4,HIIB - HYUNDAI,10000083422,PVT CAR,"Renewal, Roll Over",0.0,100.001,1501,999999999,Yes,OD,0.0
oem_hyundai_Grid_4,HIIB - HYUNDAI,10000083422,PVT CAR(1+1),"Renewal, Roll Over",0.0,100.001,-999,1001,Yes,OD,0.0
oem_hyundai_Grid_4,HIIB - HYUNDAI,10000083422,PVT CAR(1+1),"Renewal, Roll Over",0.0,100.001,1001,1501,Yes,OD,0.0
oem_hyundai_Grid_4,HIIB - HYUNDAI,10000083422,PVT CAR(1+1),"Renewal, Roll Over",0.0,100.001,1501,999999999,Yes,OD,0.0
oem_hyundai_Grid_4,HIIB - HYUNDAI,10000083422,PVT CAR(1+3),New,85.001,100.001,-999,1001,Yes,OD,0.0
oem_hyundai_Grid_4,HIIB - HYUNDAI,10000083422,PVT CAR(1+3),New,60.001,85.001,-999,1001,Yes,OD,0.33
oem_hyundai_Grid_4,HIIB - HYUNDAI,10000083422,PVT CAR(1+3),New,0.0,60.001,-999,1001,Yes,OD,0.48
oem_hyundai_Grid_4,HIIB - HYUNDAI,10000083422,PVT CAR(1+3),New,85.001,100.001,1001,1501,Yes,OD,0.0
oem_hyundai_Grid_4,HIIB - HYUNDAI,10000083422,PVT CAR(1+3),New,60.001,85.001,1001,1501,Yes,OD,0.33
oem_hyundai_Grid_4,HIIB - HYUNDAI,10000083422,PVT CAR(1+3),New,0.0,60.001,1001,1501,Yes,OD,0.48
oem_hyundai_Grid_4,HIIB - HYUNDAI,10000083422,PVT CAR(1+3),New,85.001,100.001,1501,999999999,Yes,OD,0.0
oem_hyundai_Grid_4,HIIB - HYUNDAI,10000083422,PVT CAR(1+3),New,60.001,85.001,1501,999999999,Yes,OD,0.33
oem_hyundai_Grid_4,HIIB - HYUNDAI,10000083422,PVT CAR(1+3),New,0.0,60.001,1501,999999999,Yes,OD,0.48
oem_hyundai_Grid_4,HIIB - HYUNDAI,10000083465,PVT CAR,"Renewal, Roll Over",0.0,100.001,-999,1001,Yes,OD,0.0
oem_hyundai_Grid_4,HIIB - HYUNDAI,10000083465,PVT CAR,"Renewal, Roll Over",0.0,100.001,1001,1501,Yes,OD,0.0
oem_hyundai_Grid_4,HIIB - HYUNDAI,10000083465,PVT CAR,"Renewal, Roll Over",0.0,100.001,1501,999999999,Yes,OD,0.0
oem_hyundai_Grid_4,HIIB - HYUNDAI,10000083465,PVT CAR(1+1),"Renewal, Roll Over",0.0,100.001,-999,1001,Yes,OD,0.0
oem_hyundai_Grid_4,HIIB - HYUNDAI,10000083465,PVT CAR(1+1),"Renewal, Roll Over",0.0,100.001,1001,1501,Yes,OD,0.0
oem_hyundai_Grid_4,HIIB - HYUNDAI,10000083465,PVT CAR(1+1),"Renewal, Roll Over",0.0,100.001,1501,999999999,Yes,OD,0.0
oem_hyundai_Grid_4,HIIB - HYUNDAI,10000083465,PVT CAR(1+3),New,0.0,100.001,-999,1001,Yes,OD,0.0
oem_hyundai_Grid_4,HIIB - HYUNDAI,10000083465,PVT CAR(1+3),New,0.0,100.001,1001,1501,Yes,OD,0.0
oem_hyundai_Grid_4,HIIB - HYUNDAI,10000083465,PVT CAR(1+3),New,0.0,100.001,1501,999999999,Yes,OD,0.0
oem_hyundai_Grid_4,HIIB - HYUNDAI,10000083466,PVT CAR,"Renewal, Roll Over",0.0,100.001,-999,1001,Yes,OD,0.0
oem_hyundai_Grid_4,HIIB - HYUNDAI,10000083466,PVT CAR,"Renewal, Roll Over",0.0,100.001,1001,1501,Yes,OD,0.0
oem_hyundai_Grid_4,HIIB - HYUNDAI,10000083466,PVT CAR,"Renewal, Roll Over",0.0,100.001,1501,999999999,Yes,OD,0.0
oem_hyundai_Grid_4,HIIB - HYUNDAI,10000083466,PVT CAR(1+1),"Renewal, Roll Over",0.0,100.001,-999,1001,Yes,OD,0.0
oem_hyundai_Grid_4,HIIB - HYUNDAI,10000083466,PVT CAR(1+1),"Renewal, Roll Over",0.0,100.001,1001,1501,Yes,OD,0.0
oem_hyundai_Grid_4,HIIB - HYUNDAI,10000083466,PVT CAR(1+1),"Renewal, Roll Over",0.0,100.001,1501,999999999,Yes,OD,0.0
oem_hyundai_Grid_4,HIIB - HYUNDAI,10000083466,PVT CAR(1+3),New,0.0,100.001,-999,1001,Yes,OD,0.0
oem_hyundai_Grid_4,HIIB - HYUNDAI,10000083466,PVT CAR(1+3),New,0.0,100.001,1001,1501,Yes,OD,0.0
oem_hyundai_Grid_4,HIIB - HYUNDAI,10000083466,PVT CAR(1+3),New,0.0,100.001,1501,999999999,Yes,OD,0.0
oem_hyundai_Grid_4,HIIB - HYUNDAI,10000083467,PVT CAR,"Renewal, Roll Over",0.0,100.001,-999,1001,Yes,OD,0.0
oem_hyundai_Grid_4,HIIB - HYUNDAI,10000083467,PVT CAR,"Renewal, Roll Over",0.0,100.001,1001,1501,Yes,OD,0.0
oem_hyundai_Grid_4,HIIB - HYUNDAI,10000083467,PVT CAR,"Renewal, Roll Over",0.0,100.001,1501,999999999,Yes,OD,0.0
oem_hyundai_Grid_4,HIIB - HYUNDAI,10000083467,PVT CAR(1+1),"Renewal, Roll Over",80.001,100.001,-999,1001,Yes,OD,0.0
oem_hyundai_Grid_4,HIIB - HYUNDAI,10000083467,PVT CAR(1+1),"Renewal, Roll Over",0.0,80.001,-999,1001,Yes,OD,0.0549999999999999
oem_hyundai_Grid_4,HIIB - HYUNDAI,10000083467,PVT CAR(1+1),"Renewal, Roll Over",80.001,100.001,1001,1501,Yes,OD,0.0
oem_hyundai_Grid_4,HIIB - HYUNDAI,10000083467,PVT CAR(1+1),"Renewal, Roll Over",0.0,80.001,1001,1501,Yes,OD,0.0549999999999999
oem_hyundai_Grid_4,HIIB - HYUNDAI,10000083467,PVT CAR(1+1),"Renewal, Roll Over",80.001,100.001,1501,999999999,Yes,OD,0.0
oem_hyundai_Grid_4,HIIB - HYUNDAI,10000083467,PVT CAR(1+1),"Renewal, Roll Over",0.0,80.001,1501,999999999,Yes,OD,0.0549999999999999
oem_hyundai_Grid_4,HIIB - HYUNDAI,10000083467,PVT CAR(1+3),New,75.001,100.001,-999,1001,Yes,OD,0.0
oem_hyundai_Grid_4,HIIB - HYUNDAI,10000083467,PVT CAR(1+3),New,0.0,75.001,-999,1001,Yes,OD,0.305
oem_hyundai_Grid_4,HIIB - HYUNDAI,10000083467,PVT CAR(1+3),New,75.001,100.001,1001,1501,Yes,OD,0.0
oem_hyundai_Grid_4,HIIB - HYUNDAI,10000083467,PVT CAR(1+3),New,0.0,75.001,1001,1501,Yes,OD,0.305
oem_hyundai_Grid_4,HIIB - HYUNDAI,10000083467,PVT CAR(1+3),New,75.001,100.001,1501,999999999,Yes,OD,0.0
oem_hyundai_Grid_4,HIIB - HYUNDAI,10000083467,PVT CAR(1+3),New,0.0,75.001,1501,999999999,Yes,OD,0.305
oem_hyundai_Grid_4,HIIB - HYUNDAI,10000083468,PVT CAR,"Renewal, Roll Over",0.0,100.001,-999,1001,Yes,OD,0.0
oem_hyundai_Grid_4,HIIB - HYUNDAI,10000083468,PVT CAR,"Renewal, Roll Over",0.0,100.001,1001,1501,Yes,OD,0.0
oem_hyundai_Grid_4,HIIB - HYUNDAI,10000083468,PVT CAR,"Renewal, Roll Over",0.0,100.001,1501,999999999,Yes,OD,0.0
oem_hyundai_Grid_4,HIIB - HYUNDAI,10000083468,PVT CAR(1+1),"Renewal, Roll Over",0.0,100.001,-999,1001,Yes,OD,0.0
oem_hyundai_Grid_4,HIIB - HYUNDAI,10000083468,PVT CAR(1+1),"Renewal, Roll Over",0.0,100.001,1001,1501,Yes,OD,0.0
oem_hyundai_Grid_4,HIIB - HYUNDAI,10000083468,PVT CAR(1+1),"Renewal, Roll Over",0.0,100.001,1501,999999999,Yes,OD,0.0
oem_hyundai_Grid_4,HIIB - HYUNDAI,10000083468,PVT CAR(1+3),New,0.0,100.001,-999,1001,Yes,OD,0.0
oem_hyundai_Grid_4,HIIB - HYUNDAI,10000083468,PVT CAR(1+3),New,0.0,100.001,1001,1501,Yes,OD,0.0
oem_hyundai_Grid_4,HIIB - HYUNDAI,10000083468,PVT CAR(1+3),New,0.0,100.001,1501,999999999,Yes,OD,0.0
oem_hyundai_Grid_4,HIIB - HYUNDAI,10000083469,PVT CAR,"Renewal, Roll Over",0.0,100.001,-999,1001,Yes,OD,0.0
oem_hyundai_Grid_4,HIIB - HYUNDAI,10000083469,PVT CAR,"Renewal, Roll Over",0.0,100.001,1001,1501,Yes,OD,0.0
oem_hyundai_Grid_4,HIIB - HYUNDAI,10000083469,PVT CAR,"Renewal, Roll Over",0.0,100.001,1501,999999999,Yes,OD,0.0
oem_hyundai_Grid_4,HIIB - HYUNDAI,10000083469,PVT CAR(1+1),"Renewal, Roll Over",0.0,100.001,-999,1001,Yes,OD,0.0
oem_hyundai_Grid_4,HIIB - HYUNDAI,10000083469,PVT CAR(1+1),"Renewal, Roll Over",0.0,100.001,1001,1501,Yes,OD,0.0
oem_hyundai_Grid_4,HIIB - HYUNDAI,10000083469,PVT CAR(1+1),"Renewal, Roll Over",0.0,100.001,1501,999999999,Yes,OD,0.0
oem_hyundai_Grid_4,HIIB - HYUNDAI,10000083469,PVT CAR(1+3),New,0.0,100.001,-999,1001,Yes,OD,0.0
oem_hyundai_Grid_4,HIIB - HYUNDAI,10000083469,PVT CAR(1+3),New,0.0,100.001,1001,1501,Yes,OD,0.0
oem_hyundai_Grid_4,HIIB - HYUNDAI,10000083469,PVT CAR(1+3),New,0.0,100.001,1501,999999999,Yes,OD,0.0
oem_hyundai_Grid_4,HIIB - HYUNDAI,10000083470,PVT CAR,"Renewal, Roll Over",0.0,100.001,-999,1001,Yes,OD,0.0
oem_hyundai_Grid_4,HIIB - HYUNDAI,10000083470,PVT CAR,"Renewal, Roll Over",0.0,100.001,1001,1501,Yes,OD,0.0
oem_hyundai_Grid_4,HIIB - HYUNDAI,10000083470,PVT CAR,"Renewal, Roll Over",0.0,100.001,1501,999999999,Yes,OD,0.0
oem_hyundai_Grid_4,HIIB - HYUNDAI,10000083470,PVT CAR(1+1),"Renewal, Roll Over",0.0,100.001,-999,1001,Yes,OD,0.0
oem_hyundai_Grid_4,HIIB - HYUNDAI,10000083470,PVT CAR(1+1),"Renewal, Roll Over",0.0,100.001,1001,1501,Yes,OD,0.0
oem_hyundai_Grid_4,HIIB - HYUNDAI,10000083470,PVT CAR(1+1),"Renewal, Roll Over",0.0,100.001,1501,999999999,Yes,OD,0.0
oem_hyundai_Grid_4,HIIB - HYUNDAI,10000083470,PVT CAR(1+3),New,0.0,100.001,-999,1001,Yes,OD,0.0
oem_hyundai_Grid_4,HIIB - HYUNDAI,10000083470,PVT CAR(1+3),New,0.0,100.001,1001,1501,Yes,OD,0.0
oem_hyundai_Grid_4,HIIB - HYUNDAI,10000083470,PVT CAR(1+3),New,0.0,100.001,1501,999999999,Yes,OD,0.0
oem_hyundai_Grid_4,HIIB - HYUNDAI,10000083471,PVT CAR,"Renewal, Roll Over",0.0,100.001,-999,1001,Yes,OD,0.0
oem_hyundai_Grid_4,HIIB - HYUNDAI,10000083471,PVT CAR,"Renewal, Roll Over",0.0,100.001,1001,1501,Yes,OD,0.0
oem_hyundai_Grid_4,HIIB - HYUNDAI,10000083471,PVT CAR,"Renewal, Roll Over",0.0,100.001,1501,999999999,Yes,OD,0.0
oem_hyundai_Grid_4,HIIB - HYUNDAI,10000083471,PVT CAR(1+1),"Renewal, Roll Over",0.0,100.001,-999,1001,Yes,OD,0.0
oem_hyundai_Grid_4,HIIB - HYUNDAI,10000083471,PVT CAR(1+1),"Renewal, Roll Over",0.0,100.001,1001,1501,Yes,OD,0.0
oem_hyundai_Grid_4,HIIB - HYUNDAI,10000083471,PVT CAR(1+1),"Renewal, Roll Over",0.0,100.001,1501,999999999,Yes,OD,0.0
oem_hyundai_Grid_4,HIIB - HYUNDAI,10000083471,PVT CAR(1+3),New,0.0,100.001,-999,1001,Yes,OD,0.0
oem_hyundai_Grid_4,HIIB - HYUNDAI,10000083471,PVT CAR(1+3),New,0.0,100.001,1001,1501,Yes,OD,0.0
oem_hyundai_Grid_4,HIIB - HYUNDAI,10000083471,PVT CAR(1+3),New,0.0,100.001,1501,999999999,Yes,OD,0.0
oem_hyundai_Grid_4,HIIB - HYUNDAI,10000083472,PVT CAR,"Renewal, Roll Over",0.0,100.001,-999,1001,Yes,OD,0.0
oem_hyundai_Grid_4,HIIB - HYUNDAI,10000083472,PVT CAR,"Renewal, Roll Over",0.0,100.001,1001,1501,Yes,OD,0.0
oem_hyundai_Grid_4,HIIB - HYUNDAI,10000083472,PVT CAR,"Renewal, Roll Over",0.0,100.001,1501,999999999,Yes,OD,0.0
oem_hyundai_Grid_4,HIIB - HYUNDAI,10000083472,PVT CAR(1+1),"Renewal, Roll Over",0.0,100.001,-999,1001,Yes,OD,0.0
oem_hyundai_Grid_4,HIIB - HYUNDAI,10000083472,PVT CAR(1+1),"Renewal, Roll Over",0.0,100.001,1001,1501,Yes,OD,0.0
oem_hyundai_Grid_4,HIIB - HYUNDAI,10000083472,PVT CAR(1+1),"Renewal, Roll Over",0.0,100.001,1501,999999999,Yes,OD,0.0
oem_hyundai_Grid_4,HIIB - HYUNDAI,10000083472,PVT CAR(1+3),New,80.001,100.001,-999,1001,Yes,OD,0.0
oem_hyundai_Grid_4,HIIB - HYUNDAI,10000083472,PVT CAR(1+3),New,0.0,80.001,-999,1001,Yes,OD,0.205
oem_hyundai_Grid_4,HIIB - HYUNDAI,10000083472,PVT CAR(1+3),New,80.001,100.001,1001,1501,Yes,OD,0.0
oem_hyundai_Grid_4,HIIB - HYUNDAI,10000083472,PVT CAR(1+3),New,0.0,80.001,1001,1501,Yes,OD,0.205
oem_hyundai_Grid_4,HIIB - HYUNDAI,10000083472,PVT CAR(1+3),New,80.001,100.001,1501,999999999,Yes,OD,0.0
oem_hyundai_Grid_4,HIIB - HYUNDAI,10000083472,PVT CAR(1+3),New,0.0,80.001,1501,999999999,Yes,OD,0.205
oem_hyundai_Grid_4,HIIB - HYUNDAI,10000083473,PVT CAR,"Renewal, Roll Over",0.0,100.001,-999,1001,Yes,OD,0.0
oem_hyundai_Grid_4,HIIB - HYUNDAI,10000083473,PVT CAR,"Renewal, Roll Over",0.0,100.001,1001,1501,Yes,OD,0.0
oem_hyundai_Grid_4,HIIB - HYUNDAI,10000083473,PVT CAR,"Renewal, Roll Over",0.0,100.001,1501,999999999,Yes,OD,0.0
oem_hyundai_Grid_4,HIIB - HYUNDAI,10000083473,PVT CAR(1+1),"Renewal, Roll Over",0.0,100.001,-999,1001,Yes,OD,0.0
oem_hyundai_Grid_4,HIIB - HYUNDAI,10000083473,PVT CAR(1+1),"Renewal, Roll Over",0.0,100.001,1001,1501,Yes,OD,0.0
oem_hyundai_Grid_4,HIIB - HYUNDAI,10000083473,PVT CAR(1+1),"Renewal, Roll Over",0.0,100.001,1501,999999999,Yes,OD,0.0
oem_hyundai_Grid_4,HIIB - HYUNDAI,10000083473,PVT CAR(1+3),New,0.0,100.001,-999,1001,Yes,OD,0.0
oem_hyundai_Grid_4,HIIB - HYUNDAI,10000083473,PVT CAR(1+3),New,0.0,100.001,1001,1501,Yes,OD,0.0
oem_hyundai_Grid_4,HIIB - HYUNDAI,10000083473,PVT CAR(1+3),New,0.0,100.001,1501,999999999,Yes,OD,0.0
oem_hyundai_Grid_4,HIIB - HYUNDAI,10000083474,PVT CAR,"Renewal, Roll Over",0.0,100.001,-999,1001,Yes,OD,0.0
oem_hyundai_Grid_4,HIIB - HYUNDAI,10000083474,PVT CAR,"Renewal, Roll Over",0.0,100.001,1001,1501,Yes,OD,0.0
oem_hyundai_Grid_4,HIIB - HYUNDAI,10000083474,PVT CAR,"Renewal, Roll Over",0.0,100.001,1501,999999999,Yes,OD,0.0
oem_hyundai_Grid_4,HIIB - HYUNDAI,10000083474,PVT CAR(1+1),"Renewal, Roll Over",80.001,100.001,-999,1001,Yes,OD,0.0
oem_hyundai_Grid_4,HIIB - HYUNDAI,10000083474,PVT CAR(1+1),"Renewal, Roll Over",0.0,80.001,-999,1001,Yes,OD,0.1049999999999999
oem_hyundai_Grid_4,HIIB - HYUNDAI,10000083474,PVT CAR(1+1),"Renewal, Roll Over",80.001,100.001,1001,1501,Yes,OD,0.0
oem_hyundai_Grid_4,HIIB - HYUNDAI,10000083474,PVT CAR(1+1),"Renewal, Roll Over",0.0,80.001,1001,1501,Yes,OD,0.1049999999999999
oem_hyundai_Grid_4,HIIB - HYUNDAI,10000083474,PVT CAR(1+1),"Renewal, Roll Over",80.001,100.001,1501,999999999,Yes,OD,0.0
oem_hyundai_Grid_4,HIIB - HYUNDAI,10000083474,PVT CAR(1+1),"Renewal, Roll Over",0.0,80.001,1501,999999999,Yes,OD,0.1049999999999999
oem_hyundai_Grid_4,HIIB - HYUNDAI,10000083474,PVT CAR(1+3),New,75.001,100.001,-999,1001,Yes,OD,0.0
oem_hyundai_Grid_4,HIIB - HYUNDAI,10000083474,PVT CAR(1+3),New,0.0,75.001,-999,1001,Yes,OD,0.305
oem_hyundai_Grid_4,HIIB - HYUNDAI,10000083474,PVT CAR(1+3),New,75.001,100.001,1001,1501,Yes,OD,0.0
oem_hyundai_Grid_4,HIIB - HYUNDAI,10000083474,PVT CAR(1+3),New,0.0,75.001,1001,1501,Yes,OD,0.305
oem_hyundai_Grid_4,HIIB - HYUNDAI,10000083474,PVT CAR(1+3),New,75.001,100.001,1501,999999999,Yes,OD,0.0
oem_hyundai_Grid_4,HIIB - HYUNDAI,10000083474,PVT CAR(1+3),New,0.0,75.001,1501,999999999,Yes,OD,0.305
oem_hyundai_Grid_4,HIIB - HYUNDAI,10000083475,PVT CAR,"Renewal, Roll Over",0.0,100.001,-999,1001,Yes,OD,0.0
oem_hyundai_Grid_4,HIIB - HYUNDAI,10000083475,PVT CAR,"Renewal, Roll Over",0.0,100.001,1001,1501,Yes,OD,0.0
oem_hyundai_Grid_4,HIIB - HYUNDAI,10000083475,PVT CAR,"Renewal, Roll Over",0.0,100.001,1501,999999999,Yes,OD,0.0
oem_hyundai_Grid_4,HIIB - HYUNDAI,10000083475,PVT CAR(1+1),"Renewal, Roll Over",0.0,100.001,-999,1001,Yes,OD,0.0
oem_hyundai_Grid_4,HIIB - HYUNDAI,10000083475,PVT CAR(1+1),"Renewal, Roll Over",0.0,100.001,1001,1501,Yes,OD,0.0
oem_hyundai_Grid_4,HIIB - HYUNDAI,10000083475,PVT CAR(1+1),"Renewal, Roll Over",0.0,100.001,1501,999999999,Yes,OD,0.0
oem_hyundai_Grid_4,HIIB - HYUNDAI,10000083475,PVT CAR(1+3),New,0.0,100.001,-999,1001,Yes,OD,0.0
oem_hyundai_Grid_4,HIIB - HYUNDAI,10000083475,PVT CAR(1+3),New,0.0,100.001,1001,1501,Yes,OD,0.0
oem_hyundai_Grid_4,HIIB - HYUNDAI,10000083475,PVT CAR(1+3),New,0.0,100.001,1501,999999999,Yes,OD,0.0
oem_hyundai_Grid_4,HIIB - HYUNDAI,10000083476,PVT CAR,"Renewal, Roll Over",0.0,100.001,-999,1001,Yes,OD,0.0
oem_hyundai_Grid_4,HIIB - HYUNDAI,10000083476,PVT CAR,"Renewal, Roll Over",0.0,100.001,1001,1501,Yes,OD,0.0
oem_hyundai_Grid_4,HIIB - HYUNDAI,10000083476,PVT CAR,"Renewal, Roll Over",0.0,100.001,1501,999999999,Yes,OD,0.0
oem_hyundai_Grid_4,HIIB - HYUNDAI,10000083476,PVT CAR(1+1),"Renewal, Roll Over",0.0,100.001,-999,1001,Yes,OD,0.0
oem_hyundai_Grid_4,HIIB - HYUNDAI,10000083476,PVT CAR(1+1),"Renewal, Roll Over",0.0,100.001,1001,1501,Yes,OD,0.0
oem_hyundai_Grid_4,HIIB - HYUNDAI,10000083476,PVT CAR(1+1),"Renewal, Roll Over",0.0,100.001,1501,999999999,Yes,OD,0.0
oem_hyundai_Grid_4,HIIB - HYUNDAI,10000083476,PVT CAR(1+3),New,0.0,100.001,-999,1001,Yes,OD,0.0
oem_hyundai_Grid_4,HIIB - HYUNDAI,10000083476,PVT CAR(1+3),New,0.0,100.001,1001,1501,Yes,OD,0.0
oem_hyundai_Grid_4,HIIB - HYUNDAI,10000083476,PVT CAR(1+3),New,0.0,100.001,1501,999999999,Yes,OD,0.0
oem_hyundai_Grid_4,HIIB - HYUNDAI,10000083477,PVT CAR,"Renewal, Roll Over",0.0,100.001,-999,1001,Yes,OD,0.0
oem_hyundai_Grid_4,HIIB - HYUNDAI,10000083477,PVT CAR,"Renewal, Roll Over",0.0,100.001,1001,1501,Yes,OD,0.0
oem_hyundai_Grid_4,HIIB - HYUNDAI,10000083477,PVT CAR,"Renewal, Roll Over",0.0,100.001,1501,999999999,Yes,OD,0.0
oem_hyundai_Grid_4,HIIB - HYUNDAI,10000083477,PVT CAR(1+1),"Renewal, Roll Over",0.0,100.001,-999,1001,Yes,OD,0.0
oem_hyundai_Grid_4,HIIB - HYUNDAI,10000083477,PVT CAR(1+1),"Renewal, Roll Over",0.0,100.001,1001,1501,Yes,OD,0.0
oem_hyundai_Grid_4,HIIB - HYUNDAI,10000083477,PVT CAR(1+1),"Renewal, Roll Over",0.0,100.001,1501,999999999,Yes,OD,0.0
oem_hyundai_Grid_4,HIIB - HYUNDAI,10000083477,PVT CAR(1+3),New,0.0,100.001,-999,1001,Yes,OD,0.0
oem_hyundai_Grid_4,HIIB - HYUNDAI,10000083477,PVT CAR(1+3),New,0.0,100.001,1001,1501,Yes,OD,0.0
oem_hyundai_Grid_4,HIIB - HYUNDAI,10000083477,PVT CAR(1+3),New,0.0,100.001,1501,999999999,Yes,OD,0.0
oem_hyundai_Grid_4,HIIB - HYUNDAI,10000083478,PVT CAR,"Renewal, Roll Over",0.0,100.001,-999,1001,Yes,OD,0.0
oem_hyundai_Grid_4,HIIB - HYUNDAI,10000083478,PVT CAR,"Renewal, Roll Over",0.0,100.001,1001,1501,Yes,OD,0.0
oem_hyundai_Grid_4,HIIB - HYUNDAI,10000083478,PVT CAR,"Renewal, Roll Over",0.0,100.001,1501,999999999,Yes,OD,0.0
oem_hyundai_Grid_4,HIIB - HYUNDAI,10000083478,PVT CAR(1+1),"Renewal, Roll Over",0.0,100.001,-999,1001,Yes,OD,0.0
oem_hyundai_Grid_4,HIIB - HYUNDAI,10000083478,PVT CAR(1+1),"Renewal, Roll Over",0.0,100.001,1001,1501,Yes,OD,0.0
oem_hyundai_Grid_4,HIIB - HYUNDAI,10000083478,PVT CAR(1+1),"Renewal, Roll Over",0.0,100.001,1501,999999999,Yes,OD,0.0
oem_hyundai_Grid_4,HIIB - HYUNDAI,10000083478,PVT CAR(1+3),New,0.0,100.001,-999,1001,Yes,OD,0.0
oem_hyundai_Grid_4,HIIB - HYUNDAI,10000083478,PVT CAR(1+3),New,0.0,100.001,1001,1501,Yes,OD,0.0
oem_hyundai_Grid_4,HIIB - HYUNDAI,10000083478,PVT CAR(1+3),New,0.0,100.001,1501,999999999,Yes,OD,0.0
oem_hyundai_Grid_4,HIIB - HYUNDAI,10000083479,PVT CAR,"Renewal, Roll Over",0.0,100.001,-999,1001,Yes,OD,0.0
oem_hyundai_Grid_4,HIIB - HYUNDAI,10000083479,PVT CAR,"Renewal, Roll Over",0.0,100.001,1001,1501,Yes,OD,0.0
oem_hyundai_Grid_4,HIIB - HYUNDAI,10000083479,PVT CAR,"Renewal, Roll Over",0.0,100.001,1501,999999999,Yes,OD,0.0
oem_hyundai_Grid_4,HIIB - HYUNDAI,10000083479,PVT CAR(1+1),"Renewal, Roll Over",0.0,100.001,-999,1001,Yes,OD,0.0
oem_hyundai_Grid_4,HIIB - HYUNDAI,10000083479,PVT CAR(1+1),"Renewal, Roll Over",0.0,100.001,1001,1501,Yes,OD,0.0
oem_hyundai_Grid_4,HIIB - HYUNDAI,10000083479,PVT CAR(1+1),"Renewal, Roll Over",0.0,100.001,1501,999999999,Yes,OD,0.0
oem_hyundai_Grid_4,HIIB - HYUNDAI,10000083479,PVT CAR(1+3),New,80.001,100.001,-999,1001,Yes,OD,0.0
oem_hyundai_Grid_4,HIIB - HYUNDAI,10000083479,PVT CAR(1+3),New,0.0,80.001,-999,1001,Yes,OD,0.205
oem_hyundai_Grid_4,HIIB - HYUNDAI,10000083479,PVT CAR(1+3),New,80.001,100.001,1001,1501,Yes,OD,0.0
oem_hyundai_Grid_4,HIIB - HYUNDAI,10000083479,PVT CAR(1+3),New,0.0,80.001,1001,1501,Yes,OD,0.205
oem_hyundai_Grid_4,HIIB - HYUNDAI,10000083479,PVT CAR(1+3),New,80.001,100.001,1501,999999999,Yes,OD,0.0
oem_hyundai_Grid_4,HIIB - HYUNDAI,10000083479,PVT CAR(1+3),New,0.0,80.001,1501,999999999,Yes,OD,0.205
oem_hyundai_Grid_4,HIIB - HYUNDAI,10000083480,PVT CAR,"Renewal, Roll Over",0.0,100.001,-999,1001,Yes,OD,0.0
oem_hyundai_Grid_4,HIIB - HYUNDAI,10000083480,PVT CAR,"Renewal, Roll Over",0.0,100.001,1001,1501,Yes,OD,0.0
oem_hyundai_Grid_4,HIIB - HYUNDAI,10000083480,PVT CAR,"Renewal, Roll Over",0.0,100.001,1501,999999999,Yes,OD,0.0
oem_hyundai_Grid_4,HIIB - HYUNDAI,10000083480,PVT CAR(1+1),"Renewal, Roll Over",0.0,100.001,-999,1001,Yes,OD,0.0
oem_hyundai_Grid_4,HIIB - HYUNDAI,10000083480,PVT CAR(1+1),"Renewal, Roll Over",0.0,100.001,1001,1501,Yes,OD,0.0
oem_hyundai_Grid_4,HIIB - HYUNDAI,10000083480,PVT CAR(1+1),"Renewal, Roll Over",0.0,100.001,1501,999999999,Yes,OD,0.0
oem_hyundai_Grid_4,HIIB - HYUNDAI,10000083480,PVT CAR(1+3),New,0.0,100.001,-999,1001,Yes,OD,0.0
oem_hyundai_Grid_4,HIIB - HYUNDAI,10000083480,PVT CAR(1+3),New,0.0,100.001,1001,1501,Yes,OD,0.0
oem_hyundai_Grid_4,HIIB - HYUNDAI,10000083480,PVT CAR(1+3),New,0.0,100.001,1501,999999999,Yes,OD,0.0
oem_hyundai_Grid_4,HIIB - HYUNDAI,10000083481,PVT CAR,"Renewal, Roll Over",0.0,100.001,-999,1001,Yes,OD,0.0
oem_hyundai_Grid_4,HIIB - HYUNDAI,10000083481,PVT CAR,"Renewal, Roll Over",0.0,100.001,1001,1501,Yes,OD,0.0
oem_hyundai_Grid_4,HIIB - HYUNDAI,10000083481,PVT CAR,"Renewal, Roll Over",0.0,100.001,1501,999999999,Yes,OD,0.0
oem_hyundai_Grid_4,HIIB - HYUNDAI,10000083481,PVT CAR(1+1),"Renewal, Roll Over",0.0,100.001,-999,1001,Yes,OD,0.0
oem_hyundai_Grid_4,HIIB - HYUNDAI,10000083481,PVT CAR(1+1),"Renewal, Roll Over",0.0,100.001,1001,1501,Yes,OD,0.0
oem_hyundai_Grid_4,HIIB - HYUNDAI,10000083481,PVT CAR(1+1),"Renewal, Roll Over",0.0,100.001,1501,999999999,Yes,OD,0.0
oem_hyundai_Grid_4,HIIB - HYUNDAI,10000083481,PVT CAR(1+3),New,0.0,100.001,-999,1001,Yes,OD,0.0
oem_hyundai_Grid_4,HIIB - HYUNDAI,10000083481,PVT CAR(1+3),New,0.0,100.001,1001,1501,Yes,OD,0.0
oem_hyundai_Grid_4,HIIB - HYUNDAI,10000083481,PVT CAR(1+3),New,0.0,100.001,1501,999999999,Yes,OD,0.0
oem_hyundai_Grid_4,HIIB - HYUNDAI,10000083482,PVT CAR,"Renewal, Roll Over",0.0,100.001,-999,1001,Yes,OD,0.0
oem_hyundai_Grid_4,HIIB - HYUNDAI,10000083482,PVT CAR,"Renewal, Roll Over",0.0,100.001,1001,1501,Yes,OD,0.0
oem_hyundai_Grid_4,HIIB - HYUNDAI,10000083482,PVT CAR,"Renewal, Roll Over",0.0,100.001,1501,999999999,Yes,OD,0.0
oem_hyundai_Grid_4,HIIB - HYUNDAI,10000083482,PVT CAR(1+1),"Renewal, Roll Over",0.0,100.001,-999,1001,Yes,OD,0.0
oem_hyundai_Grid_4,HIIB - HYUNDAI,10000083482,PVT CAR(1+1),"Renewal, Roll Over",0.0,100.001,1001,1501,Yes,OD,0.0
oem_hyundai_Grid_4,HIIB - HYUNDAI,10000083482,PVT CAR(1+1),"Renewal, Roll Over",0.0,100.001,1501,999999999,Yes,OD,0.0
oem_hyundai_Grid_4,HIIB - HYUNDAI,10000083482,PVT CAR(1+3),New,0.0,100.001,-999,1001,Yes,OD,0.0
oem_hyundai_Grid_4,HIIB - HYUNDAI,10000083482,PVT CAR(1+3),New,0.0,100.001,1001,1501,Yes,OD,0.0
oem_hyundai_Grid_4,HIIB - HYUNDAI,10000083482,PVT CAR(1+3),New,0.0,100.001,1501,999999999,Yes,OD,0.0
oem_hyundai_Grid_4,HIIB - HYUNDAI,10000083483,PVT CAR,"Renewal, Roll Over",0.0,100.001,-999,1001,Yes,OD,0.0
oem_hyundai_Grid_4,HIIB - HYUNDAI,10000083483,PVT CAR,"Renewal, Roll Over",0.0,100.001,1001,1501,Yes,OD,0.0
oem_hyundai_Grid_4,HIIB - HYUNDAI,10000083483,PVT CAR,"Renewal, Roll Over",0.0,100.001,1501,999999999,Yes,OD,0.0
oem_hyundai_Grid_4,HIIB - HYUNDAI,10000083483,PVT CAR(1+1),"Renewal, Roll Over",80.001,100.001,-999,1001,Yes,OD,0.0
oem_hyundai_Grid_4,HIIB - HYUNDAI,10000083483,PVT CAR(1+1),"Renewal, Roll Over",0.0,80.001,-999,1001,Yes,OD,0.1049999999999999
oem_hyundai_Grid_4,HIIB - HYUNDAI,10000083483,PVT CAR(1+1),"Renewal, Roll Over",80.001,100.001,1001,1501,Yes,OD,0.0
oem_hyundai_Grid_4,HIIB - HYUNDAI,10000083483,PVT CAR(1+1),"Renewal, Roll Over",0.0,80.001,1001,1501,Yes,OD,0.1049999999999999
oem_hyundai_Grid_4,HIIB - HYUNDAI,10000083483,PVT CAR(1+1),"Renewal, Roll Over",80.001,100.001,1501,999999999,Yes,OD,0.0
oem_hyundai_Grid_4,HIIB - HYUNDAI,10000083483,PVT CAR(1+1),"Renewal, Roll Over",0.0,80.001,1501,999999999,Yes,OD,0.1049999999999999
oem_hyundai_Grid_4,HIIB - HYUNDAI,10000083483,PVT CAR(1+3),New,75.001,100.001,-999,1001,Yes,OD,0.0
oem_hyundai_Grid_4,HIIB - HYUNDAI,10000083483,PVT CAR(1+3),New,0.0,75.001,-999,1001,Yes,OD,0.305
oem_hyundai_Grid_4,HIIB - HYUNDAI,10000083483,PVT CAR(1+3),New,75.001,100.001,1001,1501,Yes,OD,0.0
oem_hyundai_Grid_4,HIIB - HYUNDAI,10000083483,PVT CAR(1+3),New,0.0,75.001,1001,1501,Yes,OD,0.305
oem_hyundai_Grid_4,HIIB - HYUNDAI,10000083483,PVT CAR(1+3),New,75.001,100.001,1501,999999999,Yes,OD,0.0
oem_hyundai_Grid_4,HIIB - HYUNDAI,10000083483,PVT CAR(1+3),New,0.0,75.001,1501,999999999,Yes,OD,0.305
oem_hyundai_Grid_4,HIIB - HYUNDAI,10000083484,PVT CAR,"Renewal, Roll Over",0.0,100.001,-999,1001,Yes,OD,0.0
oem_hyundai_Grid_4,HIIB - HYUNDAI,10000083484,PVT CAR,"Renewal, Roll Over",0.0,100.001,1001,1501,Yes,OD,0.0
oem_hyundai_Grid_4,HIIB - HYUNDAI,10000083484,PVT CAR,"Renewal, Roll Over",0.0,100.001,1501,999999999,Yes,OD,0.0
oem_hyundai_Grid_4,HIIB - HYUNDAI,10000083484,PVT CAR(1+1),"Renewal, Roll Over",0.0,100.001,-999,1001,Yes,OD,0.0
oem_hyundai_Grid_4,HIIB - HYUNDAI,10000083484,PVT CAR(1+1),"Renewal, Roll Over",0.0,100.001,1001,1501,Yes,OD,0.0
oem_hyundai_Grid_4,HIIB - HYUNDAI,10000083484,PVT CAR(1+1),"Renewal, Roll Over",0.0,100.001,1501,999999999,Yes,OD,0.0
oem_hyundai_Grid_4,HIIB - HYUNDAI,10000083484,PVT CAR(1+3),New,80.001,100.001,-999,1001,Yes,OD,0.0
oem_hyundai_Grid_4,HIIB - HYUNDAI,10000083484,PVT CAR(1+3),New,75.001,80.001,-999,1001,Yes,OD,0.205
oem_hyundai_Grid_4,HIIB - HYUNDAI,10000083484,PVT CAR(1+3),New,0.0,75.001,-999,1001,Yes,OD,0.305
oem_hyundai_Grid_4,HIIB - HYUNDAI,10000083484,PVT CAR(1+3),New,80.001,100.001,1001,1501,Yes,OD,0.0
oem_hyundai_Grid_4,HIIB - HYUNDAI,10000083484,PVT CAR(1+3),New,75.001,80.001,1001,1501,Yes,OD,0.205
oem_hyundai_Grid_4,HIIB - HYUNDAI,10000083484,PVT CAR(1+3),New,0.0,75.001,1001,1501,Yes,OD,0.305
oem_hyundai_Grid_4,HIIB - HYUNDAI,10000083484,PVT CAR(1+3),New,80.001,100.001,1501,999999999,Yes,OD,0.0
oem_hyundai_Grid_4,HIIB - HYUNDAI,10000083484,PVT CAR(1+3),New,75.001,80.001,1501,999999999,Yes,OD,0.205
oem_hyundai_Grid_4,HIIB - HYUNDAI,10000083484,PVT CAR(1+3),New,0.0,75.001,1501,999999999,Yes,OD,0.305
oem_hyundai_Grid_4,HIIB - HYUNDAI,10000083485,PVT CAR,"Renewal, Roll Over",0.0,100.001,-999,1001,Yes,OD,0.0
oem_hyundai_Grid_4,HIIB - HYUNDAI,10000083485,PVT CAR,"Renewal, Roll Over",0.0,100.001,1001,1501,Yes,OD,0.0
oem_hyundai_Grid_4,HIIB - HYUNDAI,10000083485,PVT CAR,"Renewal, Roll Over",0.0,100.001,1501,999999999,Yes,OD,0.0
oem_hyundai_Grid_4,HIIB - HYUNDAI,10000083485,PVT CAR(1+1),"Renewal, Roll Over",0.0,100.001,-999,1001,Yes,OD,0.0
oem_hyundai_Grid_4,HIIB - HYUNDAI,10000083485,PVT CAR(1+1),"Renewal, Roll Over",0.0,100.001,1001,1501,Yes,OD,0.0
oem_hyundai_Grid_4,HIIB - HYUNDAI,10000083485,PVT CAR(1+1),"Renewal, Roll Over",0.0,100.001,1501,999999999,Yes,OD,0.0
oem_hyundai_Grid_4,HIIB - HYUNDAI,10000083485,PVT CAR(1+3),New,0.0,100.001,-999,1001,Yes,OD,0.0
oem_hyundai_Grid_4,HIIB - HYUNDAI,10000083485,PVT CAR(1+3),New,0.0,100.001,1001,1501,Yes,OD,0.0
oem_hyundai_Grid_4,HIIB - HYUNDAI,10000083485,PVT CAR(1+3),New,0.0,100.001,1501,999999999,Yes,OD,0.0
oem_hyundai_Grid_4,HIIB - HYUNDAI,10000083486,PVT CAR,"Renewal, Roll Over",0.0,100.001,-999,1001,Yes,OD,0.0
oem_hyundai_Grid_4,HIIB - HYUNDAI,10000083486,PVT CAR,"Renewal, Roll Over",0.0,100.001,1001,1501,Yes,OD,0.0
oem_hyundai_Grid_4,HIIB - HYUNDAI,10000083486,PVT CAR,"Renewal, Roll Over",0.0,100.001,1501,999999999,Yes,OD,0.0
oem_hyundai_Grid_4,HIIB - HYUNDAI,10000083486,PVT CAR(1+1),"Renewal, Roll Over",0.0,100.001,-999,1001,Yes,OD,0.0
oem_hyundai_Grid_4,HIIB - HYUNDAI,10000083486,PVT CAR(1+1),"Renewal, Roll Over",0.0,100.001,1001,1501,Yes,OD,0.0
oem_hyundai_Grid_4,HIIB - HYUNDAI,10000083486,PVT CAR(1+1),"Renewal, Roll Over",0.0,100.001,1501,999999999,Yes,OD,0.0
oem_hyundai_Grid_4,HIIB - HYUNDAI,10000083486,PVT CAR(1+3),New,75.001,100.001,-999,1001,Yes,OD,0.0
oem_hyundai_Grid_4,HIIB - HYUNDAI,10000083486,PVT CAR(1+3),New,0.0,75.001,-999,1001,Yes,OD,0.305
oem_hyundai_Grid_4,HIIB - HYUNDAI,10000083486,PVT CAR(1+3),New,75.001,100.001,1001,1501,Yes,OD,0.0
oem_hyundai_Grid_4,HIIB - HYUNDAI,10000083486,PVT CAR(1+3),New,0.0,75.001,1001,1501,Yes,OD,0.305
oem_hyundai_Grid_4,HIIB - HYUNDAI,10000083486,PVT CAR(1+3),New,75.001,100.001,1501,999999999,Yes,OD,0.0
oem_hyundai_Grid_4,HIIB - HYUNDAI,10000083486,PVT CAR(1+3),New,0.0,75.001,1501,999999999,Yes,OD,0.305
oem_hyundai_Grid_4,HIIB - HYUNDAI,10000083487,PVT CAR,"Renewal, Roll Over",0.0,100.001,-999,1001,Yes,OD,0.0
oem_hyundai_Grid_4,HIIB - HYUNDAI,10000083487,PVT CAR,"Renewal, Roll Over",0.0,100.001,1001,1501,Yes,OD,0.0
oem_hyundai_Grid_4,HIIB - HYUNDAI,10000083487,PVT CAR,"Renewal, Roll Over",0.0,100.001,1501,999999999,Yes,OD,0.0
oem_hyundai_Grid_4,HIIB - HYUNDAI,10000083487,PVT CAR(1+1),"Renewal, Roll Over",0.0,100.001,-999,1001,Yes,OD,0.0
oem_hyundai_Grid_4,HIIB - HYUNDAI,10000083487,PVT CAR(1+1),"Renewal, Roll Over",0.0,100.001,1001,1501,Yes,OD,0.0
oem_hyundai_Grid_4,HIIB - HYUNDAI,10000083487,PVT CAR(1+1),"Renewal, Roll Over",0.0,100.001,1501,999999999,Yes,OD,0.0
oem_hyundai_Grid_4,HIIB - HYUNDAI,10000083487,PVT CAR(1+3),New,80.001,100.001,-999,1001,Yes,OD,0.0
oem_hyundai_Grid_4,HIIB - HYUNDAI,10000083487,PVT CAR(1+3),New,0.0,80.001,-999,1001,Yes,OD,0.205
oem_hyundai_Grid_4,HIIB - HYUNDAI,10000083487,PVT CAR(1+3),New,80.001,100.001,1001,1501,Yes,OD,0.0
oem_hyundai_Grid_4,HIIB - HYUNDAI,10000083487,PVT CAR(1+3),New,0.0,80.001,1001,1501,Yes,OD,0.205
oem_hyundai_Grid_4,HIIB - HYUNDAI,10000083487,PVT CAR(1+3),New,80.001,100.001,1501,999999999,Yes,OD,0.0
oem_hyundai_Grid_4,HIIB - HYUNDAI,10000083487,PVT CAR(1+3),New,0.0,80.001,1501,999999999,Yes,OD,0.205
oem_hyundai_Grid_4,HIIB - HYUNDAI,10000083488,PVT CAR,"Renewal, Roll Over",0.0,100.001,-999,1001,Yes,OD,0.0
oem_hyundai_Grid_4,HIIB - HYUNDAI,10000083488,PVT CAR,"Renewal, Roll Over",0.0,100.001,1001,1501,Yes,OD,0.0
oem_hyundai_Grid_4,HIIB - HYUNDAI,10000083488,PVT CAR,"Renewal, Roll Over",0.0,100.001,1501,999999999,Yes,OD,0.0
oem_hyundai_Grid_4,HIIB - HYUNDAI,10000083488,PVT CAR(1+1),"Renewal, Roll Over",0.0,100.001,-999,1001,Yes,OD,0.0
oem_hyundai_Grid_4,HIIB - HYUNDAI,10000083488,PVT CAR(1+1),"Renewal, Roll Over",0.0,100.001,1001,1501,Yes,OD,0.0
oem_hyundai_Grid_4,HIIB - HYUNDAI,10000083488,PVT CAR(1+1),"Renewal, Roll Over",0.0,100.001,1501,999999999,Yes,OD,0.0
oem_hyundai_Grid_4,HIIB - HYUNDAI,10000083488,PVT CAR(1+3),New,0.0,100.001,-999,1001,Yes,OD,0.0
oem_hyundai_Grid_4,HIIB - HYUNDAI,10000083488,PVT CAR(1+3),New,0.0,100.001,1001,1501,Yes,OD,0.0
oem_hyundai_Grid_4,HIIB - HYUNDAI,10000083488,PVT CAR(1+3),New,0.0,100.001,1501,999999999,Yes,OD,0.0
oem_hyundai_Grid_4,HIIB - HYUNDAI,10000083489,PVT CAR,"Renewal, Roll Over",0.0,100.001,-999,1001,Yes,OD,0.0
oem_hyundai_Grid_4,HIIB - HYUNDAI,10000083489,PVT CAR,"Renewal, Roll Over",0.0,100.001,1001,1501,Yes,OD,0.0
oem_hyundai_Grid_4,HIIB - HYUNDAI,10000083489,PVT CAR,"Renewal, Roll Over",0.0,100.001,1501,999999999,Yes,OD,0.0
oem_hyundai_Grid_4,HIIB - HYUNDAI,10000083489,PVT CAR(1+1),"Renewal, Roll Over",0.0,100.001,-999,1001,Yes,OD,0.0
oem_hyundai_Grid_4,HIIB - HYUNDAI,10000083489,PVT CAR(1+1),"Renewal, Roll Over",0.0,100.001,1001,1501,Yes,OD,0.0
oem_hyundai_Grid_4,HIIB - HYUNDAI,10000083489,PVT CAR(1+1),"Renewal, Roll Over",0.0,100.001,1501,999999999,Yes,OD,0.0
oem_hyundai_Grid_4,HIIB - HYUNDAI,10000083489,PVT CAR(1+3),New,0.0,100.001,-999,1001,Yes,OD,0.0
oem_hyundai_Grid_4,HIIB - HYUNDAI,10000083489,PVT CAR(1+3),New,0.0,100.001,1001,1501,Yes,OD,0.0
oem_hyundai_Grid_4,HIIB - HYUNDAI,10000083489,PVT CAR(1+3),New,0.0,100.001,1501,999999999,Yes,OD,0.0
oem_hyundai_Grid_4,HIIB - HYUNDAI,10000083490,PVT CAR,"Renewal, Roll Over",0.0,100.001,-999,1001,Yes,OD,0.0
oem_hyundai_Grid_4,HIIB - HYUNDAI,10000083490,PVT CAR,"Renewal, Roll Over",0.0,100.001,1001,1501,Yes,OD,0.0
oem_hyundai_Grid_4,HIIB - HYUNDAI,10000083490,PVT CAR,"Renewal, Roll Over",0.0,100.001,1501,999999999,Yes,OD,0.0
oem_hyundai_Grid_4,HIIB - HYUNDAI,10000083490,PVT CAR(1+1),"Renewal, Roll Over",0.0,100.001,-999,1001,Yes,OD,0.0
oem_hyundai_Grid_4,HIIB - HYUNDAI,10000083490,PVT CAR(1+1),"Renewal, Roll Over",0.0,100.001,1001,1501,Yes,OD,0.0
oem_hyundai_Grid_4,HIIB - HYUNDAI,10000083490,PVT CAR(1+1),"Renewal, Roll Over",0.0,100.001,1501,999999999,Yes,OD,0.0
oem_hyundai_Grid_4,HIIB - HYUNDAI,10000083490,PVT CAR(1+3),New,80.001,100.001,-999,1001,Yes,OD,0.0
oem_hyundai_Grid_4,HIIB - HYUNDAI,10000083490,PVT CAR(1+3),New,0.0,80.001,-999,1001,Yes,OD,0.205
oem_hyundai_Grid_4,HIIB - HYUNDAI,10000083490,PVT CAR(1+3),New,80.001,100.001,1001,1501,Yes,OD,0.0
oem_hyundai_Grid_4,HIIB - HYUNDAI,10000083490,PVT CAR(1+3),New,0.0,80.001,1001,1501,Yes,OD,0.205
oem_hyundai_Grid_4,HIIB - HYUNDAI,10000083490,PVT CAR(1+3),New,80.001,100.001,1501,999999999,Yes,OD,0.0
oem_hyundai_Grid_4,HIIB - HYUNDAI,10000083490,PVT CAR(1+3),New,0.0,80.001,1501,999999999,Yes,OD,0.205
oem_hyundai_Grid_4,HIIB - HYUNDAI,10000083491,PVT CAR,"Renewal, Roll Over",0.0,100.001,-999,1001,Yes,OD,0.0
oem_hyundai_Grid_4,HIIB - HYUNDAI,10000083491,PVT CAR,"Renewal, Roll Over",0.0,100.001,1001,1501,Yes,OD,0.0
oem_hyundai_Grid_4,HIIB - HYUNDAI,10000083491,PVT CAR,"Renewal, Roll Over",0.0,100.001,1501,999999999,Yes,OD,0.0
oem_hyundai_Grid_4,HIIB - HYUNDAI,10000083491,PVT CAR(1+1),"Renewal, Roll Over",85.001,100.001,-999,1001,Yes,OD,0.0
oem_hyundai_Grid_4,HIIB - HYUNDAI,10000083491,PVT CAR(1+1),"Renewal, Roll Over",0.0,85.001,-999,1001,Yes,OD,0.06
oem_hyundai_Grid_4,HIIB - HYUNDAI,10000083491,PVT CAR(1+1),"Renewal, Roll Over",85.001,100.001,1001,1501,Yes,OD,0.0
oem_hyundai_Grid_4,HIIB - HYUNDAI,10000083491,PVT CAR(1+1),"Renewal, Roll Over",0.0,85.001,1001,1501,Yes,OD,0.06
oem_hyundai_Grid_4,HIIB - HYUNDAI,10000083491,PVT CAR(1+1),"Renewal, Roll Over",85.001,100.001,1501,999999999,Yes,OD,0.0
oem_hyundai_Grid_4,HIIB - HYUNDAI,10000083491,PVT CAR(1+1),"Renewal, Roll Over",0.0,85.001,1501,999999999,Yes,OD,0.06
oem_hyundai_Grid_4,HIIB - HYUNDAI,10000083491,PVT CAR(1+3),New,80.001,100.001,-999,1001,Yes,OD,0.0
oem_hyundai_Grid_4,HIIB - HYUNDAI,10000083491,PVT CAR(1+3),New,75.001,80.001,-999,1001,Yes,OD,0.0549999999999998
oem_hyundai_Grid_4,HIIB - HYUNDAI,10000083491,PVT CAR(1+3),New,70.001,75.001,-999,1001,Yes,OD,0.1049999999999999
oem_hyundai_Grid_4,HIIB - HYUNDAI,10000083491,PVT CAR(1+3),New,65.001,70.001,-999,1001,Yes,OD,0.1549999999999999
oem_hyundai_Grid_4,HIIB - HYUNDAI,10000083491,PVT CAR(1+3),New,60.001,65.001,-999,1001,Yes,OD,0.205
oem_hyundai_Grid_4,HIIB - HYUNDAI,10000083491,PVT CAR(1+3),New,55.001,60.001,-999,1001,Yes,OD,0.255
oem_hyundai_Grid_4,HIIB - HYUNDAI,10000083491,PVT CAR(1+3),New,50.001,55.001,-999,1001,Yes,OD,0.3050000000000001
oem_hyundai_Grid_4,HIIB - HYUNDAI,10000083491,PVT CAR(1+3),New,45.001,50.001,-999,1001,Yes,OD,0.355
oem_hyundai_Grid_4,HIIB - HYUNDAI,10000083491,PVT CAR(1+3),New,40.001,45.001,-999,1001,Yes,OD,0.4050000000000001
oem_hyundai_Grid_4,HIIB - HYUNDAI,10000083491,PVT CAR(1+3),New,35.001,40.001,-999,1001,Yes,OD,0.4550000000000001
oem_hyundai_Grid_4,HIIB - HYUNDAI,10000083491,PVT CAR(1+3),New,30.001,35.001,-999,1001,Yes,OD,0.5050000000000001
oem_hyundai_Grid_4,HIIB - HYUNDAI,10000083491,PVT CAR(1+3),New,25.001,30.001,-999,1001,Yes,OD,0.5549999999999999
oem_hyundai_Grid_4,HIIB - HYUNDAI,10000083491,PVT CAR(1+3),New,20.001,25.001,-999,1001,Yes,OD,0.605
oem_hyundai_Grid_4,HIIB - HYUNDAI,10000083491,PVT CAR(1+3),New,0.0,20.001,-999,1001,Yes,OD,0.655
oem_hyundai_Grid_4,HIIB - HYUNDAI,10000083491,PVT CAR(1+3),New,80.001,100.001,1001,1501,Yes,OD,0.0
oem_hyundai_Grid_4,HIIB - HYUNDAI,10000083491,PVT CAR(1+3),New,75.001,80.001,1001,1501,Yes,OD,0.0549999999999998
oem_hyundai_Grid_4,HIIB - HYUNDAI,10000083491,PVT CAR(1+3),New,70.001,75.001,1001,1501,Yes,OD,0.1049999999999999
oem_hyundai_Grid_4,HIIB - HYUNDAI,10000083491,PVT CAR(1+3),New,65.001,70.001,1001,1501,Yes,OD,0.1549999999999999
oem_hyundai_Grid_4,HIIB - HYUNDAI,10000083491,PVT CAR(1+3),New,60.001,65.001,1001,1501,Yes,OD,0.205
oem_hyundai_Grid_4,HIIB - HYUNDAI,10000083491,PVT CAR(1+3),New,55.001,60.001,1001,1501,Yes,OD,0.255
oem_hyundai_Grid_4,HIIB - HYUNDAI,10000083491,PVT CAR(1+3),New,50.001,55.001,1001,1501,Yes,OD,0.3050000000000001
oem_hyundai_Grid_4,HIIB - HYUNDAI,10000083491,PVT CAR(1+3),New,45.001,50.001,1001,1501,Yes,OD,0.355
oem_hyundai_Grid_4,HIIB - HYUNDAI,10000083491,PVT CAR(1+3),New,40.001,45.001,1001,1501,Yes,OD,0.4050000000000001
oem_hyundai_Grid_4,HIIB - HYUNDAI,10000083491,PVT CAR(1+3),New,35.001,40.001,1001,1501,Yes,OD,0.4550000000000001
oem_hyundai_Grid_4,HIIB - HYUNDAI,10000083491,PVT CAR(1+3),New,30.001,35.001,1001,1501,Yes,OD,0.5050000000000001
oem_hyundai_Grid_4,HIIB - HYUNDAI,10000083491,PVT CAR(1+3),New,25.001,30.001,1001,1501,Yes,OD,0.5549999999999999
oem_hyundai_Grid_4,HIIB - HYUNDAI,10000083491,PVT CAR(1+3),New,20.001,25.001,1001,1501,Yes,OD,0.605
oem_hyundai_Grid_4,HIIB - HYUNDAI,10000083491,PVT CAR(1+3),New,0.0,20.001,1001,1501,Yes,OD,0.655
oem_hyundai_Grid_4,HIIB - HYUNDAI,10000083491,PVT CAR(1+3),New,80.001,100.001,1501,999999999,Yes,OD,0.0
oem_hyundai_Grid_4,HIIB - HYUNDAI,10000083491,PVT CAR(1+3),New,75.001,80.001,1501,999999999,Yes,OD,0.0549999999999998
oem_hyundai_Grid_4,HIIB - HYUNDAI,10000083491,PVT CAR(1+3),New,70.001,75.001,1501,999999999,Yes,OD,0.1049999999999999
oem_hyundai_Grid_4,HIIB - HYUNDAI,10000083491,PVT CAR(1+3),New,65.001,70.001,1501,999999999,Yes,OD,0.1549999999999999
oem_hyundai_Grid_4,HIIB - HYUNDAI,10000083491,PVT CAR(1+3),New,60.001,65.001,1501,999999999,Yes,OD,0.205
oem_hyundai_Grid_4,HIIB - HYUNDAI,10000083491,PVT CAR(1+3),New,55.001,60.001,1501,999999999,Yes,OD,0.255
oem_hyundai_Grid_4,HIIB - HYUNDAI,10000083491,PVT CAR(1+3),New,50.001,55.001,1501,999999999,Yes,OD,0.3050000000000001
oem_hyundai_Grid_4,HIIB - HYUNDAI,10000083491,PVT CAR(1+3),New,45.001,50.001,1501,999999999,Yes,OD,0.355
oem_hyundai_Grid_4,HIIB - HYUNDAI,10000083491,PVT CAR(1+3),New,40.001,45.001,1501,999999999,Yes,OD,0.4050000000000001
oem_hyundai_Grid_4,HIIB - HYUNDAI,10000083491,PVT CAR(1+3),New,35.001,40.001,1501,999999999,Yes,OD,0.4550000000000001
oem_hyundai_Grid_4,HIIB - HYUNDAI,10000083491,PVT CAR(1+3),New,30.001,35.001,1501,999999999,Yes,OD,0.5050000000000001
oem_hyundai_Grid_4,HIIB - HYUNDAI,10000083491,PVT CAR(1+3),New,25.001,30.001,1501,999999999,Yes,OD,0.5549999999999999
oem_hyundai_Grid_4,HIIB - HYUNDAI,10000083491,PVT CAR(1+3),New,20.001,25.001,1501,999999999,Yes,OD,0.605
oem_hyundai_Grid_4,HIIB - HYUNDAI,10000083491,PVT CAR(1+3),New,0.0,20.001,1501,999999999,Yes,OD,0.655
oem_hyundai_Grid_4,HIIB - HYUNDAI,10000083504,PVT CAR,"Renewal, Roll Over",0.0,100.001,-999,1001,Yes,OD,0.0
oem_hyundai_Grid_4,HIIB - HYUNDAI,10000083504,PVT CAR,"Renewal, Roll Over",0.0,100.001,1001,1501,Yes,OD,0.0
oem_hyundai_Grid_4,HIIB - HYUNDAI,10000083504,PVT CAR,"Renewal, Roll Over",0.0,100.001,1501,999999999,Yes,OD,0.0
oem_hyundai_Grid_4,HIIB - HYUNDAI,10000083504,PVT CAR(1+1),"Renewal, Roll Over",0.0,100.001,-999,1001,Yes,OD,0.0
oem_hyundai_Grid_4,HIIB - HYUNDAI,10000083504,PVT CAR(1+1),"Renewal, Roll Over",0.0,100.001,1001,1501,Yes,OD,0.0
oem_hyundai_Grid_4,HIIB - HYUNDAI,10000083504,PVT CAR(1+1),"Renewal, Roll Over",0.0,100.001,1501,999999999,Yes,OD,0.0
oem_hyundai_Grid_4,HIIB - HYUNDAI,10000083504,PVT CAR(1+3),New,0.0,100.001,-999,1001,Yes,OD,0.0
oem_hyundai_Grid_4,HIIB - HYUNDAI,10000083504,PVT CAR(1+3),New,0.0,100.001,1001,1501,Yes,OD,0.0
oem_hyundai_Grid_4,HIIB - HYUNDAI,10000083504,PVT CAR(1+3),New,0.0,100.001,1501,999999999,Yes,OD,0.0
oem_hyundai_Grid_4,HIIB - HYUNDAI,10000083505,PVT CAR,"Renewal, Roll Over",0.0,100.001,-999,1001,Yes,OD,0.0
oem_hyundai_Grid_4,HIIB - HYUNDAI,10000083505,PVT CAR,"Renewal, Roll Over",0.0,100.001,1001,1501,Yes,OD,0.0
oem_hyundai_Grid_4,HIIB - HYUNDAI,10000083505,PVT CAR,"Renewal, Roll Over",0.0,100.001,1501,999999999,Yes,OD,0.0
oem_hyundai_Grid_4,HIIB - HYUNDAI,10000083505,PVT CAR(1+1),"Renewal, Roll Over",0.0,100.001,-999,1001,Yes,OD,0.0
oem_hyundai_Grid_4,HIIB - HYUNDAI,10000083505,PVT CAR(1+1),"Renewal, Roll Over",0.0,100.001,1001,1501,Yes,OD,0.0
oem_hyundai_Grid_4,HIIB - HYUNDAI,10000083505,PVT CAR(1+1),"Renewal, Roll Over",0.0,100.001,1501,999999999,Yes,OD,0.0
oem_hyundai_Grid_4,HIIB - HYUNDAI,10000083505,PVT CAR(1+3),New,0.0,100.001,-999,1001,Yes,OD,0.0
oem_hyundai_Grid_4,HIIB - HYUNDAI,10000083505,PVT CAR(1+3),New,0.0,100.001,1001,1501,Yes,OD,0.0
oem_hyundai_Grid_4,HIIB - HYUNDAI,10000083505,PVT CAR(1+3),New,0.0,100.001,1501,999999999,Yes,OD,0.0
oem_hyundai_Grid_4,HIIB - HYUNDAI,10000083506,PVT CAR,"Renewal, Roll Over",0.0,100.001,-999,1001,Yes,OD,0.0
oem_hyundai_Grid_4,HIIB - HYUNDAI,10000083506,PVT CAR,"Renewal, Roll Over",0.0,100.001,1001,1501,Yes,OD,0.0
oem_hyundai_Grid_4,HIIB - HYUNDAI,10000083506,PVT CAR,"Renewal, Roll Over",0.0,100.001,1501,999999999,Yes,OD,0.0
oem_hyundai_Grid_4,HIIB - HYUNDAI,10000083506,PVT CAR(1+1),"Renewal, Roll Over",0.0,100.001,-999,1001,Yes,OD,0.0
oem_hyundai_Grid_4,HIIB - HYUNDAI,10000083506,PVT CAR(1+1),"Renewal, Roll Over",0.0,100.001,1001,1501,Yes,OD,0.0
oem_hyundai_Grid_4,HIIB - HYUNDAI,10000083506,PVT CAR(1+1),"Renewal, Roll Over",0.0,100.001,1501,999999999,Yes,OD,0.0
oem_hyundai_Grid_4,HIIB - HYUNDAI,10000083506,PVT CAR(1+3),New,0.0,100.001,-999,1001,Yes,OD,0.0
oem_hyundai_Grid_4,HIIB - HYUNDAI,10000083506,PVT CAR(1+3),New,0.0,100.001,1001,1501,Yes,OD,0.0
oem_hyundai_Grid_4,HIIB - HYUNDAI,10000083506,PVT CAR(1+3),New,0.0,100.001,1501,999999999,Yes,OD,0.0
oem_hyundai_Grid_4,HIIB - HYUNDAI,10000083507,PVT CAR,"Renewal, Roll Over",0.0,100.001,-999,1001,Yes,OD,0.0
oem_hyundai_Grid_4,HIIB - HYUNDAI,10000083507,PVT CAR,"Renewal, Roll Over",0.0,100.001,1001,1501,Yes,OD,0.0
oem_hyundai_Grid_4,HIIB - HYUNDAI,10000083507,PVT CAR,"Renewal, Roll Over",0.0,100.001,1501,999999999,Yes,OD,0.0
oem_hyundai_Grid_4,HIIB - HYUNDAI,10000083507,PVT CAR(1+1),"Renewal, Roll Over",0.0,100.001,-999,1001,Yes,OD,0.0
oem_hyundai_Grid_4,HIIB - HYUNDAI,10000083507,PVT CAR(1+1),"Renewal, Roll Over",0.0,100.001,1001,1501,Yes,OD,0.0
oem_hyundai_Grid_4,HIIB - HYUNDAI,10000083507,PVT CAR(1+1),"Renewal, Roll Over",0.0,100.001,1501,999999999,Yes,OD,0.0
oem_hyundai_Grid_4,HIIB - HYUNDAI,10000083507,PVT CAR(1+3),New,85.001,100.001,-999,1001,Yes,OD,0.0
oem_hyundai_Grid_4,HIIB - HYUNDAI,10000083507,PVT CAR(1+3),New,0.0,85.001,-999,1001,Yes,OD,0.3
oem_hyundai_Grid_4,HIIB - HYUNDAI,10000083507,PVT CAR(1+3),New,85.001,100.001,1001,1501,Yes,OD,0.0
oem_hyundai_Grid_4,HIIB - HYUNDAI,10000083507,PVT CAR(1+3),New,0.0,85.001,1001,1501,Yes,OD,0.3
oem_hyundai_Grid_4,HIIB - HYUNDAI,10000083507,PVT CAR(1+3),New,85.001,100.001,1501,999999999,Yes,OD,0.0
oem_hyundai_Grid_4,HIIB - HYUNDAI,10000083507,PVT CAR(1+3),New,0.0,85.001,1501,999999999,Yes,OD,0.3
oem_hyundai_Grid_4,HIIB - HYUNDAI,10000083508,PVT CAR,"Renewal, Roll Over",0.0,100.001,-999,1001,Yes,OD,0.0
oem_hyundai_Grid_4,HIIB - HYUNDAI,10000083508,PVT CAR,"Renewal, Roll Over",0.0,100.001,1001,1501,Yes,OD,0.0
oem_hyundai_Grid_4,HIIB - HYUNDAI,10000083508,PVT CAR,"Renewal, Roll Over",0.0,100.001,1501,999999999,Yes,OD,0.0
oem_hyundai_Grid_4,HIIB - HYUNDAI,10000083508,PVT CAR(1+1),"Renewal, Roll Over",0.0,100.001,-999,1001,Yes,OD,0.0
oem_hyundai_Grid_4,HIIB - HYUNDAI,10000083508,PVT CAR(1+1),"Renewal, Roll Over",0.0,100.001,1001,1501,Yes,OD,0.0
oem_hyundai_Grid_4,HIIB - HYUNDAI,10000083508,PVT CAR(1+1),"Renewal, Roll Over",0.0,100.001,1501,999999999,Yes,OD,0.0
oem_hyundai_Grid_4,HIIB - HYUNDAI,10000083508,PVT CAR(1+3),New,0.0,100.001,-999,1001,Yes,OD,0.0
oem_hyundai_Grid_4,HIIB - HYUNDAI,10000083508,PVT CAR(1+3),New,0.0,100.001,1001,1501,Yes,OD,0.0
oem_hyundai_Grid_4,HIIB - HYUNDAI,10000083508,PVT CAR(1+3),New,0.0,100.001,1501,999999999,Yes,OD,0.0
oem_hyundai_Grid_4,HIIB - HYUNDAI,10000083509,PVT CAR,"Renewal, Roll Over",0.0,100.001,-999,1001,Yes,OD,0.0
oem_hyundai_Grid_4,HIIB - HYUNDAI,10000083509,PVT CAR,"Renewal, Roll Over",0.0,100.001,1001,1501,Yes,OD,0.0
oem_hyundai_Grid_4,HIIB - HYUNDAI,10000083509,PVT CAR,"Renewal, Roll Over",0.0,100.001,1501,999999999,Yes,OD,0.0
oem_hyundai_Grid_4,HIIB - HYUNDAI,10000083509,PVT CAR(1+1),"Renewal, Roll Over",0.0,100.001,-999,1001,Yes,OD,0.0
oem_hyundai_Grid_4,HIIB - HYUNDAI,10000083509,PVT CAR(1+1),"Renewal, Roll Over",0.0,100.001,1001,1501,Yes,OD,0.0
oem_hyundai_Grid_4,HIIB - HYUNDAI,10000083509,PVT CAR(1+1),"Renewal, Roll Over",0.0,100.001,1501,999999999,Yes,OD,0.0
oem_hyundai_Grid_4,HIIB - HYUNDAI,10000083509,PVT CAR(1+3),New,0.0,100.001,-999,1001,Yes,OD,0.0
oem_hyundai_Grid_4,HIIB - HYUNDAI,10000083509,PVT CAR(1+3),New,0.0,100.001,1001,1501,Yes,OD,0.0
oem_hyundai_Grid_4,HIIB - HYUNDAI,10000083509,PVT CAR(1+3),New,0.0,100.001,1501,999999999,Yes,OD,0.0
oem_hyundai_Grid_4,HIIB - HYUNDAI,10000083510,PVT CAR,"Renewal, Roll Over",0.0,100.001,-999,1001,Yes,OD,0.0
oem_hyundai_Grid_4,HIIB - HYUNDAI,10000083510,PVT CAR,"Renewal, Roll Over",0.0,100.001,1001,1501,Yes,OD,0.0
oem_hyundai_Grid_4,HIIB - HYUNDAI,10000083510,PVT CAR,"Renewal, Roll Over",0.0,100.001,1501,999999999,Yes,OD,0.0
oem_hyundai_Grid_4,HIIB - HYUNDAI,10000083510,PVT CAR(1+1),"Renewal, Roll Over",0.0,100.001,-999,1001,Yes,OD,0.0
oem_hyundai_Grid_4,HIIB - HYUNDAI,10000083510,PVT CAR(1+1),"Renewal, Roll Over",0.0,100.001,1001,1501,Yes,OD,0.0
oem_hyundai_Grid_4,HIIB - HYUNDAI,10000083510,PVT CAR(1+1),"Renewal, Roll Over",0.0,100.001,1501,999999999,Yes,OD,0.0
oem_hyundai_Grid_4,HIIB - HYUNDAI,10000083510,PVT CAR(1+3),New,0.0,100.001,-999,1001,Yes,OD,0.0
oem_hyundai_Grid_4,HIIB - HYUNDAI,10000083510,PVT CAR(1+3),New,0.0,100.001,1001,1501,Yes,OD,0.0
oem_hyundai_Grid_4,HIIB - HYUNDAI,10000083510,PVT CAR(1+3),New,0.0,100.001,1501,999999999,Yes,OD,0.0
oem_hyundai_Grid_4,HIIB - HYUNDAI,10000083511,PVT CAR,"Renewal, Roll Over",0.0,100.001,-999,1001,Yes,OD,0.0
oem_hyundai_Grid_4,HIIB - HYUNDAI,10000083511,PVT CAR,"Renewal, Roll Over",0.0,100.001,1001,1501,Yes,OD,0.0
oem_hyundai_Grid_4,HIIB - HYUNDAI,10000083511,PVT CAR,"Renewal, Roll Over",0.0,100.001,1501,999999999,Yes,OD,0.0
oem_hyundai_Grid_4,HIIB - HYUNDAI,10000083511,PVT CAR(1+1),"Renewal, Roll Over",0.0,100.001,-999,1001,Yes,OD,0.0
oem_hyundai_Grid_4,HIIB - HYUNDAI,10000083511,PVT CAR(1+1),"Renewal, Roll Over",0.0,100.001,1001,1501,Yes,OD,0.0
oem_hyundai_Grid_4,HIIB - HYUNDAI,10000083511,PVT CAR(1+1),"Renewal, Roll Over",0.0,100.001,1501,999999999,Yes,OD,0.0
oem_hyundai_Grid_4,HIIB - HYUNDAI,10000083511,PVT CAR(1+3),New,0.0,100.001,-999,1001,Yes,OD,0.0
oem_hyundai_Grid_4,HIIB - HYUNDAI,10000083511,PVT CAR(1+3),New,0.0,100.001,1001,1501,Yes,OD,0.0
oem_hyundai_Grid_4,HIIB - HYUNDAI,10000083511,PVT CAR(1+3),New,0.0,100.001,1501,999999999,Yes,OD,0.0
oem_hyundai_Grid_4,HIIB - HYUNDAI,10000083512,PVT CAR,"Renewal, Roll Over",0.0,100.001,-999,1001,Yes,OD,0.0
oem_hyundai_Grid_4,HIIB - HYUNDAI,10000083512,PVT CAR,"Renewal, Roll Over",0.0,100.001,1001,1501,Yes,OD,0.0
oem_hyundai_Grid_4,HIIB - HYUNDAI,10000083512,PVT CAR,"Renewal, Roll Over",0.0,100.001,1501,999999999,Yes,OD,0.0
oem_hyundai_Grid_4,HIIB - HYUNDAI,10000083512,PVT CAR(1+1),"Renewal, Roll Over",0.0,100.001,-999,1001,Yes,OD,0.0
oem_hyundai_Grid_4,HIIB - HYUNDAI,10000083512,PVT CAR(1+1),"Renewal, Roll Over",0.0,100.001,1001,1501,Yes,OD,0.0
oem_hyundai_Grid_4,HIIB - HYUNDAI,10000083512,PVT CAR(1+1),"Renewal, Roll Over",0.0,100.001,1501,999999999,Yes,OD,0.0
oem_hyundai_Grid_4,HIIB - HYUNDAI,10000083512,PVT CAR(1+3),New,0.0,100.001,-999,1001,Yes,OD,0.0
oem_hyundai_Grid_4,HIIB - HYUNDAI,10000083512,PVT CAR(1+3),New,0.0,100.001,1001,1501,Yes,OD,0.0
oem_hyundai_Grid_4,HIIB - HYUNDAI,10000083512,PVT CAR(1+3),New,0.0,100.001,1501,999999999,Yes,OD,0.0
oem_hyundai_Grid_4,HIIB - HYUNDAI,10000083513,PVT CAR,"Renewal, Roll Over",0.0,100.001,-999,1001,Yes,OD,0.0
oem_hyundai_Grid_4,HIIB - HYUNDAI,10000083513,PVT CAR,"Renewal, Roll Over",0.0,100.001,1001,1501,Yes,OD,0.0
oem_hyundai_Grid_4,HIIB - HYUNDAI,10000083513,PVT CAR,"Renewal, Roll Over",0.0,100.001,1501,999999999,Yes,OD,0.0
oem_hyundai_Grid_4,HIIB - HYUNDAI,10000083513,PVT CAR(1+1),"Renewal, Roll Over",0.0,100.001,-999,1001,Yes,OD,0.0
oem_hyundai_Grid_4,HIIB - HYUNDAI,10000083513,PVT CAR(1+1),"Renewal, Roll Over",0.0,100.001,1001,1501,Yes,OD,0.0
oem_hyundai_Grid_4,HIIB - HYUNDAI,10000083513,PVT CAR(1+1),"Renewal, Roll Over",0.0,100.001,1501,999999999,Yes,OD,0.0
oem_hyundai_Grid_4,HIIB - HYUNDAI,10000083513,PVT CAR(1+3),New,0.0,100.001,-999,1001,Yes,OD,0.0
oem_hyundai_Grid_4,HIIB - HYUNDAI,10000083513,PVT CAR(1+3),New,0.0,100.001,1001,1501,Yes,OD,0.0
oem_hyundai_Grid_4,HIIB - HYUNDAI,10000083513,PVT CAR(1+3),New,0.0,100.001,1501,999999999,Yes,OD,0.0
oem_hyundai_Grid_4,HIIB - HYUNDAI,10000083514,PVT CAR,"Renewal, Roll Over",0.0,100.001,-999,1001,Yes,OD,0.0
oem_hyundai_Grid_4,HIIB - HYUNDAI,10000083514,PVT CAR,"Renewal, Roll Over",0.0,100.001,1001,1501,Yes,OD,0.0
oem_hyundai_Grid_4,HIIB - HYUNDAI,10000083514,PVT CAR,"Renewal, Roll Over",0.0,100.001,1501,999999999,Yes,OD,0.0
oem_hyundai_Grid_4,HIIB - HYUNDAI,10000083514,PVT CAR(1+1),"Renewal, Roll Over",0.0,100.001,-999,1001,Yes,OD,0.0
oem_hyundai_Grid_4,HIIB - HYUNDAI,10000083514,PVT CAR(1+1),"Renewal, Roll Over",0.0,100.001,1001,1501,Yes,OD,0.0
oem_hyundai_Grid_4,HIIB - HYUNDAI,10000083514,PVT CAR(1+1),"Renewal, Roll Over",0.0,100.001,1501,999999999,Yes,OD,0.0
oem_hyundai_Grid_4,HIIB - HYUNDAI,10000083514,PVT CAR(1+3),New,0.0,100.001,-999,1001,Yes,OD,0.0
oem_hyundai_Grid_4,HIIB - HYUNDAI,10000083514,PVT CAR(1+3),New,0.0,100.001,1001,1501,Yes,OD,0.0
oem_hyundai_Grid_4,HIIB - HYUNDAI,10000083514,PVT CAR(1+3),New,0.0,100.001,1501,999999999,Yes,OD,0.0
oem_hyundai_Grid_4,HIIB - HYUNDAI,10000083515,PVT CAR,"Renewal, Roll Over",0.0,100.001,-999,1001,Yes,OD,0.0
oem_hyundai_Grid_4,HIIB - HYUNDAI,10000083515,PVT CAR,"Renewal, Roll Over",0.0,100.001,1001,1501,Yes,OD,0.0
oem_hyundai_Grid_4,HIIB - HYUNDAI,10000083515,PVT CAR,"Renewal, Roll Over",0.0,100.001,1501,999999999,Yes,OD,0.0
oem_hyundai_Grid_4,HIIB - HYUNDAI,10000083515,PVT CAR(1+1),"Renewal, Roll Over",0.0,100.001,-999,1001,Yes,OD,0.0
oem_hyundai_Grid_4,HIIB - HYUNDAI,10000083515,PVT CAR(1+1),"Renewal, Roll Over",0.0,100.001,1001,1501,Yes,OD,0.0
oem_hyundai_Grid_4,HIIB - HYUNDAI,10000083515,PVT CAR(1+1),"Renewal, Roll Over",0.0,100.001,1501,999999999,Yes,OD,0.0
oem_hyundai_Grid_4,HIIB - HYUNDAI,10000083515,PVT CAR(1+3),New,85.001,100.001,-999,1001,Yes,OD,0.0
oem_hyundai_Grid_4,HIIB - HYUNDAI,10000083515,PVT CAR(1+3),New,0.0,85.001,-999,1001,Yes,OD,0.3
oem_hyundai_Grid_4,HIIB - HYUNDAI,10000083515,PVT CAR(1+3),New,85.001,100.001,1001,1501,Yes,OD,0.0
oem_hyundai_Grid_4,HIIB - HYUNDAI,10000083515,PVT CAR(1+3),New,0.0,85.001,1001,1501,Yes,OD,0.3
oem_hyundai_Grid_4,HIIB - HYUNDAI,10000083515,PVT CAR(1+3),New,85.001,100.001,1501,999999999,Yes,OD,0.0
oem_hyundai_Grid_4,HIIB - HYUNDAI,10000083515,PVT CAR(1+3),New,0.0,85.001,1501,999999999,Yes,OD,0.3
oem_hyundai_Grid_4,HIIB - HYUNDAI,10000083516,PVT CAR,"Renewal, Roll Over",0.0,100.001,-999,1001,Yes,OD,0.0
oem_hyundai_Grid_4,HIIB - HYUNDAI,10000083516,PVT CAR,"Renewal, Roll Over",0.0,100.001,1001,1501,Yes,OD,0.0
oem_hyundai_Grid_4,HIIB - HYUNDAI,10000083516,PVT CAR,"Renewal, Roll Over",0.0,100.001,1501,999999999,Yes,OD,0.0
oem_hyundai_Grid_4,HIIB - HYUNDAI,10000083516,PVT CAR(1+1),"Renewal, Roll Over",0.0,100.001,-999,1001,Yes,OD,0.0
oem_hyundai_Grid_4,HIIB - HYUNDAI,10000083516,PVT CAR(1+1),"Renewal, Roll Over",0.0,100.001,1001,1501,Yes,OD,0.0
oem_hyundai_Grid_4,HIIB - HYUNDAI,10000083516,PVT CAR(1+1),"Renewal, Roll Over",0.0,100.001,1501,999999999,Yes,OD,0.0
oem_hyundai_Grid_4,HIIB - HYUNDAI,10000083516,PVT CAR(1+3),New,0.0,100.001,-999,1001,Yes,OD,0.0
oem_hyundai_Grid_4,HIIB - HYUNDAI,10000083516,PVT CAR(1+3),New,0.0,100.001,1001,1501,Yes,OD,0.0
oem_hyundai_Grid_4,HIIB - HYUNDAI,10000083516,PVT CAR(1+3),New,0.0,100.001,1501,999999999,Yes,OD,0.0
oem_hyundai_Grid_4,HIIB - HYUNDAI,10000083517,PVT CAR,"Renewal, Roll Over",0.0,100.001,-999,1001,Yes,OD,0.0
oem_hyundai_Grid_4,HIIB - HYUNDAI,10000083517,PVT CAR,"Renewal, Roll Over",0.0,100.001,1001,1501,Yes,OD,0.0
oem_hyundai_Grid_4,HIIB - HYUNDAI,10000083517,PVT CAR,"Renewal, Roll Over",0.0,100.001,1501,999999999,Yes,OD,0.0
oem_hyundai_Grid_4,HIIB - HYUNDAI,10000083517,PVT CAR(1+1),"Renewal, Roll Over",0.0,100.001,-999,1001,Yes,OD,0.0
oem_hyundai_Grid_4,HIIB - HYUNDAI,10000083517,PVT CAR(1+1),"Renewal, Roll Over",0.0,100.001,1001,1501,Yes,OD,0.0
oem_hyundai_Grid_4,HIIB - HYUNDAI,10000083517,PVT CAR(1+1),"Renewal, Roll Over",0.0,100.001,1501,999999999,Yes,OD,0.0
oem_hyundai_Grid_4,HIIB - HYUNDAI,10000083517,PVT CAR(1+3),New,0.0,100.001,-999,1001,Yes,OD,0.0
oem_hyundai_Grid_4,HIIB - HYUNDAI,10000083517,PVT CAR(1+3),New,0.0,100.001,1001,1501,Yes,OD,0.0
oem_hyundai_Grid_4,HIIB - HYUNDAI,10000083517,PVT CAR(1+3),New,0.0,100.001,1501,999999999,Yes,OD,0.0
oem_hyundai_Grid_4,HIIB - HYUNDAI,10000083518,PVT CAR,"Renewal, Roll Over",0.0,100.001,-999,1001,Yes,OD,0.0
oem_hyundai_Grid_4,HIIB - HYUNDAI,10000083518,PVT CAR,"Renewal, Roll Over",0.0,100.001,1001,1501,Yes,OD,0.0
oem_hyundai_Grid_4,HIIB - HYUNDAI,10000083518,PVT CAR,"Renewal, Roll Over",0.0,100.001,1501,999999999,Yes,OD,0.0
oem_hyundai_Grid_4,HIIB - HYUNDAI,10000083518,PVT CAR(1+1),"Renewal, Roll Over",0.0,100.001,-999,1001,Yes,OD,0.0
oem_hyundai_Grid_4,HIIB - HYUNDAI,10000083518,PVT CAR(1+1),"Renewal, Roll Over",0.0,100.001,1001,1501,Yes,OD,0.0
oem_hyundai_Grid_4,HIIB - HYUNDAI,10000083518,PVT CAR(1+1),"Renewal, Roll Over",0.0,100.001,1501,999999999,Yes,OD,0.0
oem_hyundai_Grid_4,HIIB - HYUNDAI,10000083518,PVT CAR(1+3),New,0.0,100.001,-999,1001,Yes,OD,0.0
oem_hyundai_Grid_4,HIIB - HYUNDAI,10000083518,PVT CAR(1+3),New,0.0,100.001,1001,1501,Yes,OD,0.0
oem_hyundai_Grid_4,HIIB - HYUNDAI,10000083518,PVT CAR(1+3),New,0.0,100.001,1501,999999999,Yes,OD,0.0
oem_hyundai_Grid_4,HIIB - HYUNDAI,10000083519,PVT CAR,"Renewal, Roll Over",0.0,100.001,-999,1001,Yes,OD,0.0
oem_hyundai_Grid_4,HIIB - HYUNDAI,10000083519,PVT CAR,"Renewal, Roll Over",0.0,100.001,1001,1501,Yes,OD,0.0
oem_hyundai_Grid_4,HIIB - HYUNDAI,10000083519,PVT CAR,"Renewal, Roll Over",0.0,100.001,1501,999999999,Yes,OD,0.0
oem_hyundai_Grid_4,HIIB - HYUNDAI,10000083519,PVT CAR(1+1),"Renewal, Roll Over",0.0,100.001,-999,1001,Yes,OD,0.0
oem_hyundai_Grid_4,HIIB - HYUNDAI,10000083519,PVT CAR(1+1),"Renewal, Roll Over",0.0,100.001,1001,1501,Yes,OD,0.0
oem_hyundai_Grid_4,HIIB - HYUNDAI,10000083519,PVT CAR(1+1),"Renewal, Roll Over",0.0,100.001,1501,999999999,Yes,OD,0.0
oem_hyundai_Grid_4,HIIB - HYUNDAI,10000083519,PVT CAR(1+3),New,0.0,100.001,-999,1001,Yes,OD,0.0
oem_hyundai_Grid_4,HIIB - HYUNDAI,10000083519,PVT CAR(1+3),New,0.0,100.001,1001,1501,Yes,OD,0.0
oem_hyundai_Grid_4,HIIB - HYUNDAI,10000083519,PVT CAR(1+3),New,0.0,100.001,1501,999999999,Yes,OD,0.0
oem_hyundai_Grid_4,HIIB - HYUNDAI,10000083520,PVT CAR,"Renewal, Roll Over",0.0,100.001,-999,1001,Yes,OD,0.0
oem_hyundai_Grid_4,HIIB - HYUNDAI,10000083520,PVT CAR,"Renewal, Roll Over",0.0,100.001,1001,1501,Yes,OD,0.0
oem_hyundai_Grid_4,HIIB - HYUNDAI,10000083520,PVT CAR,"Renewal, Roll Over",0.0,100.001,1501,999999999,Yes,OD,0.0
oem_hyundai_Grid_4,HIIB - HYUNDAI,10000083520,PVT CAR(1+1),"Renewal, Roll Over",0.0,100.001,-999,1001,Yes,OD,0.0
oem_hyundai_Grid_4,HIIB - HYUNDAI,10000083520,PVT CAR(1+1),"Renewal, Roll Over",0.0,100.001,1001,1501,Yes,OD,0.0
oem_hyundai_Grid_4,HIIB - HYUNDAI,10000083520,PVT CAR(1+1),"Renewal, Roll Over",0.0,100.001,1501,999999999,Yes,OD,0.0
oem_hyundai_Grid_4,HIIB - HYUNDAI,10000083520,PVT CAR(1+3),New,0.0,100.001,-999,1001,Yes,OD,0.0
oem_hyundai_Grid_4,HIIB - HYUNDAI,10000083520,PVT CAR(1+3),New,0.0,100.001,1001,1501,Yes,OD,0.0
oem_hyundai_Grid_4,HIIB - HYUNDAI,10000083520,PVT CAR(1+3),New,0.0,100.001,1501,999999999,Yes,OD,0.0
oem_hyundai_Grid_4,HIIB - HYUNDAI,10000083521,PVT CAR,"Renewal, Roll Over",0.0,100.001,-999,1001,Yes,OD,0.0
oem_hyundai_Grid_4,HIIB - HYUNDAI,10000083521,PVT CAR,"Renewal, Roll Over",0.0,100.001,1001,1501,Yes,OD,0.0
oem_hyundai_Grid_4,HIIB - HYUNDAI,10000083521,PVT CAR,"Renewal, Roll Over",0.0,100.001,1501,999999999,Yes,OD,0.0
oem_hyundai_Grid_4,HIIB - HYUNDAI,10000083521,PVT CAR(1+1),"Renewal, Roll Over",0.0,100.001,-999,1001,Yes,OD,0.0
oem_hyundai_Grid_4,HIIB - HYUNDAI,10000083521,PVT CAR(1+1),"Renewal, Roll Over",0.0,100.001,1001,1501,Yes,OD,0.0
oem_hyundai_Grid_4,HIIB - HYUNDAI,10000083521,PVT CAR(1+1),"Renewal, Roll Over",0.0,100.001,1501,999999999,Yes,OD,0.0
oem_hyundai_Grid_4,HIIB - HYUNDAI,10000083521,PVT CAR(1+3),New,0.0,100.001,-999,1001,Yes,OD,0.0
oem_hyundai_Grid_4,HIIB - HYUNDAI,10000083521,PVT CAR(1+3),New,0.0,100.001,1001,1501,Yes,OD,0.0
oem_hyundai_Grid_4,HIIB - HYUNDAI,10000083521,PVT CAR(1+3),New,0.0,100.001,1501,999999999,Yes,OD,0.0
oem_hyundai_Grid_4,HIIB - HYUNDAI,10000083522,PVT CAR,"Renewal, Roll Over",0.0,100.001,-999,1001,Yes,OD,0.0
oem_hyundai_Grid_4,HIIB - HYUNDAI,10000083522,PVT CAR,"Renewal, Roll Over",0.0,100.001,1001,1501,Yes,OD,0.0
oem_hyundai_Grid_4,HIIB - HYUNDAI,10000083522,PVT CAR,"Renewal, Roll Over",0.0,100.001,1501,999999999,Yes,OD,0.0
oem_hyundai_Grid_4,HIIB - HYUNDAI,10000083522,PVT CAR(1+1),"Renewal, Roll Over",0.0,100.001,-999,1001,Yes,OD,0.0
oem_hyundai_Grid_4,HIIB - HYUNDAI,10000083522,PVT CAR(1+1),"Renewal, Roll Over",0.0,100.001,1001,1501,Yes,OD,0.0
oem_hyundai_Grid_4,HIIB - HYUNDAI,10000083522,PVT CAR(1+1),"Renewal, Roll Over",0.0,100.001,1501,999999999,Yes,OD,0.0
oem_hyundai_Grid_4,HIIB - HYUNDAI,10000083522,PVT CAR(1+3),New,0.0,100.001,-999,1001,Yes,OD,0.0
oem_hyundai_Grid_4,HIIB - HYUNDAI,10000083522,PVT CAR(1+3),New,0.0,100.001,1001,1501,Yes,OD,0.0
oem_hyundai_Grid_4,HIIB - HYUNDAI,10000083522,PVT CAR(1+3),New,0.0,100.001,1501,999999999,Yes,OD,0.0
oem_hyundai_Grid_4,HIIB - HYUNDAI,10000083523,PVT CAR,"Renewal, Roll Over",0.0,100.001,-999,1001,Yes,OD,0.0
oem_hyundai_Grid_4,HIIB - HYUNDAI,10000083523,PVT CAR,"Renewal, Roll Over",0.0,100.001,1001,1501,Yes,OD,0.0
oem_hyundai_Grid_4,HIIB - HYUNDAI,10000083523,PVT CAR,"Renewal, Roll Over",0.0,100.001,1501,999999999,Yes,OD,0.0
oem_hyundai_Grid_4,HIIB - HYUNDAI,10000083523,PVT CAR(1+1),"Renewal, Roll Over",0.0,100.001,-999,1001,Yes,OD,0.0
oem_hyundai_Grid_4,HIIB - HYUNDAI,10000083523,PVT CAR(1+1),"Renewal, Roll Over",0.0,100.001,1001,1501,Yes,OD,0.0
oem_hyundai_Grid_4,HIIB - HYUNDAI,10000083523,PVT CAR(1+1),"Renewal, Roll Over",0.0,100.001,1501,999999999,Yes,OD,0.0
oem_hyundai_Grid_4,HIIB - HYUNDAI,10000083523,PVT CAR(1+3),New,85.001,100.001,-999,1001,Yes,OD,0.0
oem_hyundai_Grid_4,HIIB - HYUNDAI,10000083523,PVT CAR(1+3),New,0.0,85.001,-999,1001,Yes,OD,0.3
oem_hyundai_Grid_4,HIIB - HYUNDAI,10000083523,PVT CAR(1+3),New,85.001,100.001,1001,1501,Yes,OD,0.0
oem_hyundai_Grid_4,HIIB - HYUNDAI,10000083523,PVT CAR(1+3),New,0.0,85.001,1001,1501,Yes,OD,0.3
oem_hyundai_Grid_4,HIIB - HYUNDAI,10000083523,PVT CAR(1+3),New,85.001,100.001,1501,999999999,Yes,OD,0.0
oem_hyundai_Grid_4,HIIB - HYUNDAI,10000083523,PVT CAR(1+3),New,0.0,85.001,1501,999999999,Yes,OD,0.3
oem_hyundai_Grid_4,HIIB - HYUNDAI,10000083524,PVT CAR,"Renewal, Roll Over",0.0,100.001,-999,1001,Yes,OD,0.0
oem_hyundai_Grid_4,HIIB - HYUNDAI,10000083524,PVT CAR,"Renewal, Roll Over",0.0,100.001,1001,1501,Yes,OD,0.0
oem_hyundai_Grid_4,HIIB - HYUNDAI,10000083524,PVT CAR,"Renewal, Roll Over",0.0,100.001,1501,999999999,Yes,OD,0.0
oem_hyundai_Grid_4,HIIB - HYUNDAI,10000083524,PVT CAR(1+1),"Renewal, Roll Over",0.0,100.001,-999,1001,Yes,OD,0.0
oem_hyundai_Grid_4,HIIB - HYUNDAI,10000083524,PVT CAR(1+1),"Renewal, Roll Over",0.0,100.001,1001,1501,Yes,OD,0.0
oem_hyundai_Grid_4,HIIB - HYUNDAI,10000083524,PVT CAR(1+1),"Renewal, Roll Over",0.0,100.001,1501,999999999,Yes,OD,0.0
oem_hyundai_Grid_4,HIIB - HYUNDAI,10000083524,PVT CAR(1+3),New,0.0,100.001,-999,1001,Yes,OD,0.0
oem_hyundai_Grid_4,HIIB - HYUNDAI,10000083524,PVT CAR(1+3),New,0.0,100.001,1001,1501,Yes,OD,0.0
oem_hyundai_Grid_4,HIIB - HYUNDAI,10000083524,PVT CAR(1+3),New,0.0,100.001,1501,999999999,Yes,OD,0.0
oem_hyundai_Grid_4,HIIB - HYUNDAI,10000083525,PVT CAR,"Renewal, Roll Over",0.0,100.001,-999,1001,Yes,OD,0.0
oem_hyundai_Grid_4,HIIB - HYUNDAI,10000083525,PVT CAR,"Renewal, Roll Over",0.0,100.001,1001,1501,Yes,OD,0.0
oem_hyundai_Grid_4,HIIB - HYUNDAI,10000083525,PVT CAR,"Renewal, Roll Over",0.0,100.001,1501,999999999,Yes,OD,0.0
oem_hyundai_Grid_4,HIIB - HYUNDAI,10000083525,PVT CAR(1+1),"Renewal, Roll Over",0.0,100.001,-999,1001,Yes,OD,0.0
oem_hyundai_Grid_4,HIIB - HYUNDAI,10000083525,PVT CAR(1+1),"Renewal, Roll Over",0.0,100.001,1001,1501,Yes,OD,0.0
oem_hyundai_Grid_4,HIIB - HYUNDAI,10000083525,PVT CAR(1+1),"Renewal, Roll Over",0.0,100.001,1501,999999999,Yes,OD,0.0
oem_hyundai_Grid_4,HIIB - HYUNDAI,10000083525,PVT CAR(1+3),New,85.001,100.001,-999,1001,Yes,OD,0.0
oem_hyundai_Grid_4,HIIB - HYUNDAI,10000083525,PVT CAR(1+3),New,0.0,85.001,-999,1001,Yes,OD,0.3
oem_hyundai_Grid_4,HIIB - HYUNDAI,10000083525,PVT CAR(1+3),New,85.001,100.001,1001,1501,Yes,OD,0.0
oem_hyundai_Grid_4,HIIB - HYUNDAI,10000083525,PVT CAR(1+3),New,0.0,85.001,1001,1501,Yes,OD,0.3
oem_hyundai_Grid_4,HIIB - HYUNDAI,10000083525,PVT CAR(1+3),New,85.001,100.001,1501,999999999,Yes,OD,0.0
oem_hyundai_Grid_4,HIIB - HYUNDAI,10000083525,PVT CAR(1+3),New,0.0,85.001,1501,999999999,Yes,OD,0.3
oem_hyundai_Grid_4,HIIB - HYUNDAI,10000083526,PVT CAR,"Renewal, Roll Over",0.0,100.001,-999,1001,Yes,OD,0.0
oem_hyundai_Grid_4,HIIB - HYUNDAI,10000083526,PVT CAR,"Renewal, Roll Over",0.0,100.001,1001,1501,Yes,OD,0.0
oem_hyundai_Grid_4,HIIB - HYUNDAI,10000083526,PVT CAR,"Renewal, Roll Over",0.0,100.001,1501,999999999,Yes,OD,0.0
oem_hyundai_Grid_4,HIIB - HYUNDAI,10000083526,PVT CAR(1+1),"Renewal, Roll Over",0.0,100.001,-999,1001,Yes,OD,0.0
oem_hyundai_Grid_4,HIIB - HYUNDAI,10000083526,PVT CAR(1+1),"Renewal, Roll Over",0.0,100.001,1001,1501,Yes,OD,0.0
oem_hyundai_Grid_4,HIIB - HYUNDAI,10000083526,PVT CAR(1+1),"Renewal, Roll Over",0.0,100.001,1501,999999999,Yes,OD,0.0
oem_hyundai_Grid_4,HIIB - HYUNDAI,10000083526,PVT CAR(1+3),New,0.0,100.001,-999,1001,Yes,OD,0.0
oem_hyundai_Grid_4,HIIB - HYUNDAI,10000083526,PVT CAR(1+3),New,0.0,100.001,1001,1501,Yes,OD,0.0
oem_hyundai_Grid_4,HIIB - HYUNDAI,10000083526,PVT CAR(1+3),New,0.0,100.001,1501,999999999,Yes,OD,0.0
oem_hyundai_Grid_4,HIIB - HYUNDAI,10000083527,PVT CAR,"Renewal, Roll Over",0.0,100.001,-999,1001,Yes,OD,0.0
oem_hyundai_Grid_4,HIIB - HYUNDAI,10000083527,PVT CAR,"Renewal, Roll Over",0.0,100.001,1001,1501,Yes,OD,0.0
oem_hyundai_Grid_4,HIIB - HYUNDAI,10000083527,PVT CAR,"Renewal, Roll Over",0.0,100.001,1501,999999999,Yes,OD,0.0
oem_hyundai_Grid_4,HIIB - HYUNDAI,10000083527,PVT CAR(1+1),"Renewal, Roll Over",0.0,100.001,-999,1001,Yes,OD,0.0
oem_hyundai_Grid_4,HIIB - HYUNDAI,10000083527,PVT CAR(1+1),"Renewal, Roll Over",0.0,100.001,1001,1501,Yes,OD,0.0
oem_hyundai_Grid_4,HIIB - HYUNDAI,10000083527,PVT CAR(1+1),"Renewal, Roll Over",0.0,100.001,1501,999999999,Yes,OD,0.0
oem_hyundai_Grid_4,HIIB - HYUNDAI,10000083527,PVT CAR(1+3),New,0.0,100.001,-999,1001,Yes,OD,0.0
oem_hyundai_Grid_4,HIIB - HYUNDAI,10000083527,PVT CAR(1+3),New,0.0,100.001,1001,1501,Yes,OD,0.0
oem_hyundai_Grid_4,HIIB - HYUNDAI,10000083527,PVT CAR(1+3),New,0.0,100.001,1501,999999999,Yes,OD,0.0
oem_hyundai_Grid_4,HIIB - HYUNDAI,10000083528,PVT CAR,"Renewal, Roll Over",0.0,100.001,-999,1001,Yes,OD,0.0
oem_hyundai_Grid_4,HIIB - HYUNDAI,10000083528,PVT CAR,"Renewal, Roll Over",0.0,100.001,1001,1501,Yes,OD,0.0
oem_hyundai_Grid_4,HIIB - HYUNDAI,10000083528,PVT CAR,"Renewal, Roll Over",0.0,100.001,1501,999999999,Yes,OD,0.0
oem_hyundai_Grid_4,HIIB - HYUNDAI,10000083528,PVT CAR(1+1),"Renewal, Roll Over",0.0,100.001,-999,1001,Yes,OD,0.0
oem_hyundai_Grid_4,HIIB - HYUNDAI,10000083528,PVT CAR(1+1),"Renewal, Roll Over",0.0,100.001,1001,1501,Yes,OD,0.0
oem_hyundai_Grid_4,HIIB - HYUNDAI,10000083528,PVT CAR(1+1),"Renewal, Roll Over",0.0,100.001,1501,999999999,Yes,OD,0.0
oem_hyundai_Grid_4,HIIB - HYUNDAI,10000083528,PVT CAR(1+3),New,0.0,100.001,-999,1001,Yes,OD,0.0
oem_hyundai_Grid_4,HIIB - HYUNDAI,10000083528,PVT CAR(1+3),New,0.0,100.001,1001,1501,Yes,OD,0.0
oem_hyundai_Grid_4,HIIB - HYUNDAI,10000083528,PVT CAR(1+3),New,0.0,100.001,1501,999999999,Yes,OD,0.0
oem_hyundai_Grid_4,HIIB - HYUNDAI,10000083529,PVT CAR,"Renewal, Roll Over",0.0,100.001,-999,1001,Yes,OD,0.0
oem_hyundai_Grid_4,HIIB - HYUNDAI,10000083529,PVT CAR,"Renewal, Roll Over",0.0,100.001,1001,1501,Yes,OD,0.0
oem_hyundai_Grid_4,HIIB - HYUNDAI,10000083529,PVT CAR,"Renewal, Roll Over",0.0,100.001,1501,999999999,Yes,OD,0.0
oem_hyundai_Grid_4,HIIB - HYUNDAI,10000083529,PVT CAR(1+1),"Renewal, Roll Over",0.0,100.001,-999,1001,Yes,OD,0.0
oem_hyundai_Grid_4,HIIB - HYUNDAI,10000083529,PVT CAR(1+1),"Renewal, Roll Over",0.0,100.001,1001,1501,Yes,OD,0.0
oem_hyundai_Grid_4,HIIB - HYUNDAI,10000083529,PVT CAR(1+1),"Renewal, Roll Over",0.0,100.001,1501,999999999,Yes,OD,0.0
oem_hyundai_Grid_4,HIIB - HYUNDAI,10000083529,PVT CAR(1+3),New,0.0,100.001,-999,1001,Yes,OD,0.0
oem_hyundai_Grid_4,HIIB - HYUNDAI,10000083529,PVT CAR(1+3),New,0.0,100.001,1001,1501,Yes,OD,0.0
oem_hyundai_Grid_4,HIIB - HYUNDAI,10000083529,PVT CAR(1+3),New,0.0,100.001,1501,999999999,Yes,OD,0.0
oem_hyundai_Grid_4,HIIB - HYUNDAI,10000083530,PVT CAR,"Renewal, Roll Over",0.0,100.001,-999,1001,Yes,OD,0.0
oem_hyundai_Grid_4,HIIB - HYUNDAI,10000083530,PVT CAR,"Renewal, Roll Over",0.0,100.001,1001,1501,Yes,OD,0.0
oem_hyundai_Grid_4,HIIB - HYUNDAI,10000083530,PVT CAR,"Renewal, Roll Over",0.0,100.001,1501,999999999,Yes,OD,0.0
oem_hyundai_Grid_4,HIIB - HYUNDAI,10000083530,PVT CAR(1+1),"Renewal, Roll Over",0.0,100.001,-999,1001,Yes,OD,0.0
oem_hyundai_Grid_4,HIIB - HYUNDAI,10000083530,PVT CAR(1+1),"Renewal, Roll Over",0.0,100.001,1001,1501,Yes,OD,0.0
oem_hyundai_Grid_4,HIIB - HYUNDAI,10000083530,PVT CAR(1+1),"Renewal, Roll Over",0.0,100.001,1501,999999999,Yes,OD,0.0
oem_hyundai_Grid_4,HIIB - HYUNDAI,10000083530,PVT CAR(1+3),New,0.0,100.001,-999,1001,Yes,OD,0.0
oem_hyundai_Grid_4,HIIB - HYUNDAI,10000083530,PVT CAR(1+3),New,0.0,100.001,1001,1501,Yes,OD,0.0
oem_hyundai_Grid_4,HIIB - HYUNDAI,10000083530,PVT CAR(1+3),New,0.0,100.001,1501,999999999,Yes,OD,0.0
oem_hyundai_Grid_4,HIIB - HYUNDAI,10000083531,PVT CAR,"Renewal, Roll Over",0.0,100.001,-999,1001,Yes,OD,0.0
oem_hyundai_Grid_4,HIIB - HYUNDAI,10000083531,PVT CAR,"Renewal, Roll Over",0.0,100.001,1001,1501,Yes,OD,0.0
oem_hyundai_Grid_4,HIIB - HYUNDAI,10000083531,PVT CAR,"Renewal, Roll Over",0.0,100.001,1501,999999999,Yes,OD,0.0
oem_hyundai_Grid_4,HIIB - HYUNDAI,10000083531,PVT CAR(1+1),"Renewal, Roll Over",0.0,100.001,-999,1001,Yes,OD,0.0
oem_hyundai_Grid_4,HIIB - HYUNDAI,10000083531,PVT CAR(1+1),"Renewal, Roll Over",0.0,100.001,1001,1501,Yes,OD,0.0
oem_hyundai_Grid_4,HIIB - HYUNDAI,10000083531,PVT CAR(1+1),"Renewal, Roll Over",0.0,100.001,1501,999999999,Yes,OD,0.0
oem_hyundai_Grid_4,HIIB - HYUNDAI,10000083531,PVT CAR(1+3),New,85.001,100.001,-999,1001,Yes,OD,0.0
oem_hyundai_Grid_4,HIIB - HYUNDAI,10000083531,PVT CAR(1+3),New,0.0,85.001,-999,1001,Yes,OD,0.3
oem_hyundai_Grid_4,HIIB - HYUNDAI,10000083531,PVT CAR(1+3),New,85.001,100.001,1001,1501,Yes,OD,0.0
oem_hyundai_Grid_4,HIIB - HYUNDAI,10000083531,PVT CAR(1+3),New,0.0,85.001,1001,1501,Yes,OD,0.3
oem_hyundai_Grid_4,HIIB - HYUNDAI,10000083531,PVT CAR(1+3),New,85.001,100.001,1501,999999999,Yes,OD,0.0
oem_hyundai_Grid_4,HIIB - HYUNDAI,10000083531,PVT CAR(1+3),New,0.0,85.001,1501,999999999,Yes,OD,0.3
oem_hyundai_Grid_4,HIIB - HYUNDAI,10000083532,PVT CAR,"Renewal, Roll Over",0.0,100.001,-999,1001,Yes,OD,0.0
oem_hyundai_Grid_4,HIIB - HYUNDAI,10000083532,PVT CAR,"Renewal, Roll Over",0.0,100.001,1001,1501,Yes,OD,0.0
oem_hyundai_Grid_4,HIIB - HYUNDAI,10000083532,PVT CAR,"Renewal, Roll Over",0.0,100.001,1501,999999999,Yes,OD,0.0
oem_hyundai_Grid_4,HIIB - HYUNDAI,10000083532,PVT CAR(1+1),"Renewal, Roll Over",0.0,100.001,-999,1001,Yes,OD,0.0
oem_hyundai_Grid_4,HIIB - HYUNDAI,10000083532,PVT CAR(1+1),"Renewal, Roll Over",0.0,100.001,1001,1501,Yes,OD,0.0
oem_hyundai_Grid_4,HIIB - HYUNDAI,10000083532,PVT CAR(1+1),"Renewal, Roll Over",0.0,100.001,1501,999999999,Yes,OD,0.0
oem_hyundai_Grid_4,HIIB - HYUNDAI,10000083532,PVT CAR(1+3),New,85.001,100.001,-999,1001,Yes,OD,0.0
oem_hyundai_Grid_4,HIIB - HYUNDAI,10000083532,PVT CAR(1+3),New,0.0,85.001,-999,1001,Yes,OD,0.3
oem_hyundai_Grid_4,HIIB - HYUNDAI,10000083532,PVT CAR(1+3),New,85.001,100.001,1001,1501,Yes,OD,0.0
oem_hyundai_Grid_4,HIIB - HYUNDAI,10000083532,PVT CAR(1+3),New,0.0,85.001,1001,1501,Yes,OD,0.3
oem_hyundai_Grid_4,HIIB - HYUNDAI,10000083532,PVT CAR(1+3),New,85.001,100.001,1501,999999999,Yes,OD,0.0
oem_hyundai_Grid_4,HIIB - HYUNDAI,10000083532,PVT CAR(1+3),New,0.0,85.001,1501,999999999,Yes,OD,0.3
oem_hyundai_Grid_4,HIIB - HYUNDAI,10000083533,PVT CAR,"Renewal, Roll Over",0.0,100.001,-999,1001,Yes,OD,0.0
oem_hyundai_Grid_4,HIIB - HYUNDAI,10000083533,PVT CAR,"Renewal, Roll Over",0.0,100.001,1001,1501,Yes,OD,0.0
oem_hyundai_Grid_4,HIIB - HYUNDAI,10000083533,PVT CAR,"Renewal, Roll Over",0.0,100.001,1501,999999999,Yes,OD,0.0
oem_hyundai_Grid_4,HIIB - HYUNDAI,10000083533,PVT CAR(1+1),"Renewal, Roll Over",0.0,100.001,-999,1001,Yes,OD,0.0
oem_hyundai_Grid_4,HIIB - HYUNDAI,10000083533,PVT CAR(1+1),"Renewal, Roll Over",0.0,100.001,1001,1501,Yes,OD,0.0
oem_hyundai_Grid_4,HIIB - HYUNDAI,10000083533,PVT CAR(1+1),"Renewal, Roll Over",0.0,100.001,1501,999999999,Yes,OD,0.0
oem_hyundai_Grid_4,HIIB - HYUNDAI,10000083533,PVT CAR(1+3),New,85.001,100.001,-999,1001,Yes,OD,0.0
oem_hyundai_Grid_4,HIIB - HYUNDAI,10000083533,PVT CAR(1+3),New,0.0,85.001,-999,1001,Yes,OD,0.3
oem_hyundai_Grid_4,HIIB - HYUNDAI,10000083533,PVT CAR(1+3),New,85.001,100.001,1001,1501,Yes,OD,0.0
oem_hyundai_Grid_4,HIIB - HYUNDAI,10000083533,PVT CAR(1+3),New,0.0,85.001,1001,1501,Yes,OD,0.3
oem_hyundai_Grid_4,HIIB - HYUNDAI,10000083533,PVT CAR(1+3),New,85.001,100.001,1501,999999999,Yes,OD,0.0
oem_hyundai_Grid_4,HIIB - HYUNDAI,10000083533,PVT CAR(1+3),New,0.0,85.001,1501,999999999,Yes,OD,0.3
oem_hyundai_Grid_4,HIIB - HYUNDAI,10000083534,PVT CAR,"Renewal, Roll Over",0.0,100.001,-999,1001,Yes,OD,0.0
oem_hyundai_Grid_4,HIIB - HYUNDAI,10000083534,PVT CAR,"Renewal, Roll Over",0.0,100.001,1001,1501,Yes,OD,0.0
oem_hyundai_Grid_4,HIIB - HYUNDAI,10000083534,PVT CAR,"Renewal, Roll Over",0.0,100.001,1501,999999999,Yes,OD,0.0
oem_hyundai_Grid_4,HIIB - HYUNDAI,10000083534,PVT CAR(1+1),"Renewal, Roll Over",0.0,100.001,-999,1001,Yes,OD,0.0
oem_hyundai_Grid_4,HIIB - HYUNDAI,10000083534,PVT CAR(1+1),"Renewal, Roll Over",0.0,100.001,1001,1501,Yes,OD,0.0
oem_hyundai_Grid_4,HIIB - HYUNDAI,10000083534,PVT CAR(1+1),"Renewal, Roll Over",0.0,100.001,1501,999999999,Yes,OD,0.0
oem_hyundai_Grid_4,HIIB - HYUNDAI,10000083534,PVT CAR(1+3),New,85.001,100.001,-999,1001,Yes,OD,0.0
oem_hyundai_Grid_4,HIIB - HYUNDAI,10000083534,PVT CAR(1+3),New,0.0,85.001,-999,1001,Yes,OD,0.3
oem_hyundai_Grid_4,HIIB - HYUNDAI,10000083534,PVT CAR(1+3),New,85.001,100.001,1001,1501,Yes,OD,0.0
oem_hyundai_Grid_4,HIIB - HYUNDAI,10000083534,PVT CAR(1+3),New,0.0,85.001,1001,1501,Yes,OD,0.3
oem_hyundai_Grid_4,HIIB - HYUNDAI,10000083534,PVT CAR(1+3),New,85.001,100.001,1501,999999999,Yes,OD,0.0
oem_hyundai_Grid_4,HIIB - HYUNDAI,10000083534,PVT CAR(1+3),New,0.0,85.001,1501,999999999,Yes,OD,0.3
oem_hyundai_Grid_4,HIIB - HYUNDAI,10000083535,PVT CAR,"Renewal, Roll Over",0.0,100.001,-999,1001,Yes,OD,0.0
oem_hyundai_Grid_4,HIIB - HYUNDAI,10000083535,PVT CAR,"Renewal, Roll Over",0.0,100.001,1001,1501,Yes,OD,0.0
oem_hyundai_Grid_4,HIIB - HYUNDAI,10000083535,PVT CAR,"Renewal, Roll Over",0.0,100.001,1501,999999999,Yes,OD,0.0
oem_hyundai_Grid_4,HIIB - HYUNDAI,10000083535,PVT CAR(1+1),"Renewal, Roll Over",0.0,100.001,-999,1001,Yes,OD,0.0
oem_hyundai_Grid_4,HIIB - HYUNDAI,10000083535,PVT CAR(1+1),"Renewal, Roll Over",0.0,100.001,1001,1501,Yes,OD,0.0
oem_hyundai_Grid_4,HIIB - HYUNDAI,10000083535,PVT CAR(1+1),"Renewal, Roll Over",0.0,100.001,1501,999999999,Yes,OD,0.0
oem_hyundai_Grid_4,HIIB - HYUNDAI,10000083535,PVT CAR(1+3),New,0.0,100.001,-999,1001,Yes,OD,0.0
oem_hyundai_Grid_4,HIIB - HYUNDAI,10000083535,PVT CAR(1+3),New,0.0,100.001,1001,1501,Yes,OD,0.0
oem_hyundai_Grid_4,HIIB - HYUNDAI,10000083535,PVT CAR(1+3),New,0.0,100.001,1501,999999999,Yes,OD,0.0
oem_hyundai_Grid_4,HIIB - HYUNDAI,10000083536,PVT CAR,"Renewal, Roll Over",0.0,100.001,-999,1001,Yes,OD,0.0
oem_hyundai_Grid_4,HIIB - HYUNDAI,10000083536,PVT CAR,"Renewal, Roll Over",0.0,100.001,1001,1501,Yes,OD,0.0
oem_hyundai_Grid_4,HIIB - HYUNDAI,10000083536,PVT CAR,"Renewal, Roll Over",0.0,100.001,1501,999999999,Yes,OD,0.0
oem_hyundai_Grid_4,HIIB - HYUNDAI,10000083536,PVT CAR(1+1),"Renewal, Roll Over",0.0,100.001,-999,1001,Yes,OD,0.0
oem_hyundai_Grid_4,HIIB - HYUNDAI,10000083536,PVT CAR(1+1),"Renewal, Roll Over",0.0,100.001,1001,1501,Yes,OD,0.0
oem_hyundai_Grid_4,HIIB - HYUNDAI,10000083536,PVT CAR(1+1),"Renewal, Roll Over",0.0,100.001,1501,999999999,Yes,OD,0.0
oem_hyundai_Grid_4,HIIB - HYUNDAI,10000083536,PVT CAR(1+3),New,85.001,100.001,-999,1001,Yes,OD,0.0
oem_hyundai_Grid_4,HIIB - HYUNDAI,10000083536,PVT CAR(1+3),New,0.0,85.001,-999,1001,Yes,OD,0.3
oem_hyundai_Grid_4,HIIB - HYUNDAI,10000083536,PVT CAR(1+3),New,85.001,100.001,1001,1501,Yes,OD,0.0
oem_hyundai_Grid_4,HIIB - HYUNDAI,10000083536,PVT CAR(1+3),New,0.0,85.001,1001,1501,Yes,OD,0.3
oem_hyundai_Grid_4,HIIB - HYUNDAI,10000083536,PVT CAR(1+3),New,85.001,100.001,1501,999999999,Yes,OD,0.0
oem_hyundai_Grid_4,HIIB - HYUNDAI,10000083536,PVT CAR(1+3),New,0.0,85.001,1501,999999999,Yes,OD,0.3
oem_hyundai_Grid_4,HIIB - HYUNDAI,10000083537,PVT CAR,"Renewal, Roll Over",0.0,100.001,-999,1001,Yes,OD,0.0
oem_hyundai_Grid_4,HIIB - HYUNDAI,10000083537,PVT CAR,"Renewal, Roll Over",0.0,100.001,1001,1501,Yes,OD,0.0
oem_hyundai_Grid_4,HIIB - HYUNDAI,10000083537,PVT CAR,"Renewal, Roll Over",0.0,100.001,1501,999999999,Yes,OD,0.0
oem_hyundai_Grid_4,HIIB - HYUNDAI,10000083537,PVT CAR(1+1),"Renewal, Roll Over",0.0,100.001,-999,1001,Yes,OD,0.0
oem_hyundai_Grid_4,HIIB - HYUNDAI,10000083537,PVT CAR(1+1),"Renewal, Roll Over",0.0,100.001,1001,1501,Yes,OD,0.0
oem_hyundai_Grid_4,HIIB - HYUNDAI,10000083537,PVT CAR(1+1),"Renewal, Roll Over",0.0,100.001,1501,999999999,Yes,OD,0.0
oem_hyundai_Grid_4,HIIB - HYUNDAI,10000083537,PVT CAR(1+3),New,85.001,100.001,-999,1001,Yes,OD,0.0
oem_hyundai_Grid_4,HIIB - HYUNDAI,10000083537,PVT CAR(1+3),New,0.0,85.001,-999,1001,Yes,OD,0.3
oem_hyundai_Grid_4,HIIB - HYUNDAI,10000083537,PVT CAR(1+3),New,85.001,100.001,1001,1501,Yes,OD,0.0
oem_hyundai_Grid_4,HIIB - HYUNDAI,10000083537,PVT CAR(1+3),New,0.0,85.001,1001,1501,Yes,OD,0.3
oem_hyundai_Grid_4,HIIB - HYUNDAI,10000083537,PVT CAR(1+3),New,85.001,100.001,1501,999999999,Yes,OD,0.0
oem_hyundai_Grid_4,HIIB - HYUNDAI,10000083537,PVT CAR(1+3),New,0.0,85.001,1501,999999999,Yes,OD,0.3
oem_hyundai_Grid_4,HIIB - HYUNDAI,10000083538,PVT CAR,"Renewal, Roll Over",0.0,100.001,-999,1001,Yes,OD,0.0
oem_hyundai_Grid_4,HIIB - HYUNDAI,10000083538,PVT CAR,"Renewal, Roll Over",0.0,100.001,1001,1501,Yes,OD,0.0
oem_hyundai_Grid_4,HIIB - HYUNDAI,10000083538,PVT CAR,"Renewal, Roll Over",0.0,100.001,1501,999999999,Yes,OD,0.0
oem_hyundai_Grid_4,HIIB - HYUNDAI,10000083538,PVT CAR(1+1),"Renewal, Roll Over",0.0,100.001,-999,1001,Yes,OD,0.0
oem_hyundai_Grid_4,HIIB - HYUNDAI,10000083538,PVT CAR(1+1),"Renewal, Roll Over",0.0,100.001,1001,1501,Yes,OD,0.0
oem_hyundai_Grid_4,HIIB - HYUNDAI,10000083538,PVT CAR(1+1),"Renewal, Roll Over",0.0,100.001,1501,999999999,Yes,OD,0.0
oem_hyundai_Grid_4,HIIB - HYUNDAI,10000083538,PVT CAR(1+3),New,0.0,100.001,-999,1001,Yes,OD,0.0
oem_hyundai_Grid_4,HIIB - HYUNDAI,10000083538,PVT CAR(1+3),New,0.0,100.001,1001,1501,Yes,OD,0.0
oem_hyundai_Grid_4,HIIB - HYUNDAI,10000083538,PVT CAR(1+3),New,0.0,100.001,1501,999999999,Yes,OD,0.0
oem_hyundai_Grid_4,HIIB - HYUNDAI,10000083539,PVT CAR,"Renewal, Roll Over",0.0,100.001,-999,1001,Yes,OD,0.0
oem_hyundai_Grid_4,HIIB - HYUNDAI,10000083539,PVT CAR,"Renewal, Roll Over",0.0,100.001,1001,1501,Yes,OD,0.0
oem_hyundai_Grid_4,HIIB - HYUNDAI,10000083539,PVT CAR,"Renewal, Roll Over",0.0,100.001,1501,999999999,Yes,OD,0.0
oem_hyundai_Grid_4,HIIB - HYUNDAI,10000083539,PVT CAR(1+1),"Renewal, Roll Over",0.0,100.001,-999,1001,Yes,OD,0.0
oem_hyundai_Grid_4,HIIB - HYUNDAI,10000083539,PVT CAR(1+1),"Renewal, Roll Over",0.0,100.001,1001,1501,Yes,OD,0.0
oem_hyundai_Grid_4,HIIB - HYUNDAI,10000083539,PVT CAR(1+1),"Renewal, Roll Over",0.0,100.001,1501,999999999,Yes,OD,0.0
oem_hyundai_Grid_4,HIIB - HYUNDAI,10000083539,PVT CAR(1+3),New,0.0,100.001,-999,1001,Yes,OD,0.0
oem_hyundai_Grid_4,HIIB - HYUNDAI,10000083539,PVT CAR(1+3),New,0.0,100.001,1001,1501,Yes,OD,0.0
oem_hyundai_Grid_4,HIIB - HYUNDAI,10000083539,PVT CAR(1+3),New,0.0,100.001,1501,999999999,Yes,OD,0.0
oem_hyundai_Grid_4,HIIB - HYUNDAI,10000083540,PVT CAR,"Renewal, Roll Over",0.0,100.001,-999,1001,Yes,OD,0.0
oem_hyundai_Grid_4,HIIB - HYUNDAI,10000083540,PVT CAR,"Renewal, Roll Over",0.0,100.001,1001,1501,Yes,OD,0.0
oem_hyundai_Grid_4,HIIB - HYUNDAI,10000083540,PVT CAR,"Renewal, Roll Over",0.0,100.001,1501,999999999,Yes,OD,0.0
oem_hyundai_Grid_4,HIIB - HYUNDAI,10000083540,PVT CAR(1+1),"Renewal, Roll Over",0.0,100.001,-999,1001,Yes,OD,0.0
oem_hyundai_Grid_4,HIIB - HYUNDAI,10000083540,PVT CAR(1+1),"Renewal, Roll Over",0.0,100.001,1001,1501,Yes,OD,0.0
oem_hyundai_Grid_4,HIIB - HYUNDAI,10000083540,PVT CAR(1+1),"Renewal, Roll Over",0.0,100.001,1501,999999999,Yes,OD,0.0
oem_hyundai_Grid_4,HIIB - HYUNDAI,10000083540,PVT CAR(1+3),New,0.0,100.001,-999,1001,Yes,OD,0.0
oem_hyundai_Grid_4,HIIB - HYUNDAI,10000083540,PVT CAR(1+3),New,0.0,100.001,1001,1501,Yes,OD,0.0
oem_hyundai_Grid_4,HIIB - HYUNDAI,10000083540,PVT CAR(1+3),New,0.0,100.001,1501,999999999,Yes,OD,0.0
oem_hyundai_Grid_4,HIIB - HYUNDAI,10000083614,PVT CAR,"Renewal, Roll Over",0.0,100.001,-999,1001,Yes,OD,0.0
oem_hyundai_Grid_4,HIIB - HYUNDAI,10000083614,PVT CAR,"Renewal, Roll Over",0.0,100.001,1001,1501,Yes,OD,0.0
oem_hyundai_Grid_4,HIIB - HYUNDAI,10000083614,PVT CAR,"Renewal, Roll Over",0.0,100.001,1501,999999999,Yes,OD,0.0
oem_hyundai_Grid_4,HIIB - HYUNDAI,10000083614,PVT CAR(1+1),"Renewal, Roll Over",0.0,100.001,-999,1001,Yes,OD,0.0
oem_hyundai_Grid_4,HIIB - HYUNDAI,10000083614,PVT CAR(1+1),"Renewal, Roll Over",0.0,100.001,1001,1501,Yes,OD,0.0
oem_hyundai_Grid_4,HIIB - HYUNDAI,10000083614,PVT CAR(1+1),"Renewal, Roll Over",0.0,100.001,1501,999999999,Yes,OD,0.0
oem_hyundai_Grid_4,HIIB - HYUNDAI,10000083614,PVT CAR(1+3),New,0.0,100.001,-999,1001,Yes,OD,0.0
oem_hyundai_Grid_4,HIIB - HYUNDAI,10000083614,PVT CAR(1+3),New,0.0,100.001,1001,1501,Yes,OD,0.0
oem_hyundai_Grid_4,HIIB - HYUNDAI,10000083614,PVT CAR(1+3),New,0.0,100.001,1501,999999999,Yes,OD,0.0
oem_hyundai_Grid_4,HIIB - HYUNDAI,10000083660,PVT CAR,"Renewal, Roll Over",0.0,100.001,-999,1001,Yes,OD,0.0
oem_hyundai_Grid_4,HIIB - HYUNDAI,10000083660,PVT CAR,"Renewal, Roll Over",0.0,100.001,1001,1501,Yes,OD,0.0
oem_hyundai_Grid_4,HIIB - HYUNDAI,10000083660,PVT CAR,"Renewal, Roll Over",0.0,100.001,1501,999999999,Yes,OD,0.0
oem_hyundai_Grid_4,HIIB - HYUNDAI,10000083660,PVT CAR(1+1),"Renewal, Roll Over",0.0,100.001,-999,1001,Yes,OD,0.0
oem_hyundai_Grid_4,HIIB - HYUNDAI,10000083660,PVT CAR(1+1),"Renewal, Roll Over",0.0,100.001,1001,1501,Yes,OD,0.0
oem_hyundai_Grid_4,HIIB - HYUNDAI,10000083660,PVT CAR(1+1),"Renewal, Roll Over",0.0,100.001,1501,999999999,Yes,OD,0.0
oem_hyundai_Grid_4,HIIB - HYUNDAI,10000083660,PVT CAR(1+3),New,0.0,100.001,-999,1001,Yes,OD,0.0
oem_hyundai_Grid_4,HIIB - HYUNDAI,10000083660,PVT CAR(1+3),New,0.0,100.001,1001,1501,Yes,OD,0.0
oem_hyundai_Grid_4,HIIB - HYUNDAI,10000083660,PVT CAR(1+3),New,0.0,100.001,1501,999999999,Yes,OD,0.0
oem_hyundai_Grid_4,HIIB - HYUNDAI,10000083661,PCV-TAXI,ANY,85.001,100.001,-999,999999999,Yes,OD,0.0
oem_hyundai_Grid_4,HIIB - HYUNDAI,10000083661,PCV-TAXI,ANY,0.0,85.001,-999,999999999,Yes,OD,0.355
oem_hyundai_Grid_4,HIIB - HYUNDAI,10000083661,PVT CAR,"Renewal, Roll Over",0.0,100.001,-999,1001,Yes,OD,0.0
oem_hyundai_Grid_4,HIIB - HYUNDAI,10000083661,PVT CAR,"Renewal, Roll Over",0.0,100.001,1001,1501,Yes,OD,0.0
oem_hyundai_Grid_4,HIIB - HYUNDAI,10000083661,PVT CAR,"Renewal, Roll Over",0.0,100.001,1501,999999999,Yes,OD,0.0
oem_hyundai_Grid_4,HIIB - HYUNDAI,10000083661,PVT CAR(1+1),"Renewal, Roll Over",85.001,100.001,-999,1001,Yes,OD,0.0
oem_hyundai_Grid_4,HIIB - HYUNDAI,10000083661,PVT CAR(1+1),"Renewal, Roll Over",0.0,85.001,-999,1001,Yes,OD,0.06
oem_hyundai_Grid_4,HIIB - HYUNDAI,10000083661,PVT CAR(1+1),"Renewal, Roll Over",85.001,100.001,1001,1501,Yes,OD,0.0
oem_hyundai_Grid_4,HIIB - HYUNDAI,10000083661,PVT CAR(1+1),"Renewal, Roll Over",0.0,85.001,1001,1501,Yes,OD,0.06
oem_hyundai_Grid_4,HIIB - HYUNDAI,10000083661,PVT CAR(1+1),"Renewal, Roll Over",85.001,100.001,1501,999999999,Yes,OD,0.0
oem_hyundai_Grid_4,HIIB - HYUNDAI,10000083661,PVT CAR(1+1),"Renewal, Roll Over",0.0,85.001,1501,999999999,Yes,OD,0.06
oem_hyundai_Grid_4,HIIB - HYUNDAI,10000083661,PVT CAR(1+3),New,80.001,100.001,-999,1001,Yes,OD,0.0
oem_hyundai_Grid_4,HIIB - HYUNDAI,10000083661,PVT CAR(1+3),New,75.001,80.001,-999,1001,Yes,OD,0.085
oem_hyundai_Grid_4,HIIB - HYUNDAI,10000083661,PVT CAR(1+3),New,70.001,75.001,-999,1001,Yes,OD,0.135
oem_hyundai_Grid_4,HIIB - HYUNDAI,10000083661,PVT CAR(1+3),New,65.001,70.001,-999,1001,Yes,OD,0.185
oem_hyundai_Grid_4,HIIB - HYUNDAI,10000083661,PVT CAR(1+3),New,60.001,65.001,-999,1001,Yes,OD,0.235
oem_hyundai_Grid_4,HIIB - HYUNDAI,10000083661,PVT CAR(1+3),New,55.001,60.001,-999,1001,Yes,OD,0.285
oem_hyundai_Grid_4,HIIB - HYUNDAI,10000083661,PVT CAR(1+3),New,50.001,55.001,-999,1001,Yes,OD,0.335
oem_hyundai_Grid_4,HIIB - HYUNDAI,10000083661,PVT CAR(1+3),New,45.001,50.001,-999,1001,Yes,OD,0.3849999999999999
oem_hyundai_Grid_4,HIIB - HYUNDAI,10000083661,PVT CAR(1+3),New,40.001,45.001,-999,1001,Yes,OD,0.435
oem_hyundai_Grid_4,HIIB - HYUNDAI,10000083661,PVT CAR(1+3),New,35.001,40.001,-999,1001,Yes,OD,0.485
oem_hyundai_Grid_4,HIIB - HYUNDAI,10000083661,PVT CAR(1+3),New,30.001,35.001,-999,1001,Yes,OD,0.5349999999999999
oem_hyundai_Grid_4,HIIB - HYUNDAI,10000083661,PVT CAR(1+3),New,25.001,30.001,-999,1001,Yes,OD,0.585
oem_hyundai_Grid_4,HIIB - HYUNDAI,10000083661,PVT CAR(1+3),New,20.001,25.001,-999,1001,Yes,OD,0.635
oem_hyundai_Grid_4,HIIB - HYUNDAI,10000083661,PVT CAR(1+3),New,0.0,20.001,-999,1001,Yes,OD,0.7050000000000001
oem_hyundai_Grid_4,HIIB - HYUNDAI,10000083661,PVT CAR(1+3),New,80.001,100.001,1001,1501,Yes,OD,0.0
oem_hyundai_Grid_4,HIIB - HYUNDAI,10000083661,PVT CAR(1+3),New,75.001,80.001,1001,1501,Yes,OD,0.085
oem_hyundai_Grid_4,HIIB - HYUNDAI,10000083661,PVT CAR(1+3),New,70.001,75.001,1001,1501,Yes,OD,0.135
oem_hyundai_Grid_4,HIIB - HYUNDAI,10000083661,PVT CAR(1+3),New,65.001,70.001,1001,1501,Yes,OD,0.185
oem_hyundai_Grid_4,HIIB - HYUNDAI,10000083661,PVT CAR(1+3),New,60.001,65.001,1001,1501,Yes,OD,0.235
oem_hyundai_Grid_4,HIIB - HYUNDAI,10000083661,PVT CAR(1+3),New,55.001,60.001,1001,1501,Yes,OD,0.285
oem_hyundai_Grid_4,HIIB - HYUNDAI,10000083661,PVT CAR(1+3),New,50.001,55.001,1001,1501,Yes,OD,0.335
oem_hyundai_Grid_4,HIIB - HYUNDAI,10000083661,PVT CAR(1+3),New,45.001,50.001,1001,1501,Yes,OD,0.3849999999999999
oem_hyundai_Grid_4,HIIB - HYUNDAI,10000083661,PVT CAR(1+3),New,40.001,45.001,1001,1501,Yes,OD,0.435
oem_hyundai_Grid_4,HIIB - HYUNDAI,10000083661,PVT CAR(1+3),New,35.001,40.001,1001,1501,Yes,OD,0.485
oem_hyundai_Grid_4,HIIB - HYUNDAI,10000083661,PVT CAR(1+3),New,30.001,35.001,1001,1501,Yes,OD,0.5349999999999999
oem_hyundai_Grid_4,HIIB - HYUNDAI,10000083661,PVT CAR(1+3),New,25.001,30.001,1001,1501,Yes,OD,0.585
oem_hyundai_Grid_4,HIIB - HYUNDAI,10000083661,PVT CAR(1+3),New,20.001,25.001,1001,1501,Yes,OD,0.635
oem_hyundai_Grid_4,HIIB - HYUNDAI,10000083661,PVT CAR(1+3),New,0.0,20.001,1001,1501,Yes,OD,0.7050000000000001
oem_hyundai_Grid_4,HIIB - HYUNDAI,10000083661,PVT CAR(1+3),New,80.001,100.001,1501,999999999,Yes,OD,0.0
oem_hyundai_Grid_4,HIIB - HYUNDAI,10000083661,PVT CAR(1+3),New,75.001,80.001,1501,999999999,Yes,OD,0.085
oem_hyundai_Grid_4,HIIB - HYUNDAI,10000083661,PVT CAR(1+3),New,70.001,75.001,1501,999999999,Yes,OD,0.135
oem_hyundai_Grid_4,HIIB - HYUNDAI,10000083661,PVT CAR(1+3),New,65.001,70.001,1501,999999999,Yes,OD,0.185
oem_hyundai_Grid_4,HIIB - HYUNDAI,10000083661,PVT CAR(1+3),New,60.001,65.001,1501,999999999,Yes,OD,0.235
oem_hyundai_Grid_4,HIIB - HYUNDAI,10000083661,PVT CAR(1+3),New,55.001,60.001,1501,999999999,Yes,OD,0.285
oem_hyundai_Grid_4,HIIB - HYUNDAI,10000083661,PVT CAR(1+3),New,50.001,55.001,1501,999999999,Yes,OD,0.335
oem_hyundai_Grid_4,HIIB - HYUNDAI,10000083661,PVT CAR(1+3),New,45.001,50.001,1501,999999999,Yes,OD,0.3849999999999999
oem_hyundai_Grid_4,HIIB - HYUNDAI,10000083661,PVT CAR(1+3),New,40.001,45.001,1501,999999999,Yes,OD,0.435
oem_hyundai_Grid_4,HIIB - HYUNDAI,10000083661,PVT CAR(1+3),New,35.001,40.001,1501,999999999,Yes,OD,0.485
oem_hyundai_Grid_4,HIIB - HYUNDAI,10000083661,PVT CAR(1+3),New,30.001,35.001,1501,999999999,Yes,OD,0.5349999999999999
oem_hyundai_Grid_4,HIIB - HYUNDAI,10000083661,PVT CAR(1+3),New,25.001,30.001,1501,999999999,Yes,OD,0.585
oem_hyundai_Grid_4,HIIB - HYUNDAI,10000083661,PVT CAR(1+3),New,20.001,25.001,1501,999999999,Yes,OD,0.635
oem_hyundai_Grid_4,HIIB - HYUNDAI,10000083661,PVT CAR(1+3),New,0.0,20.001,1501,999999999,Yes,OD,0.7050000000000001
oem_hyundai_Grid_4,HIIB - HYUNDAI,10000083885,PVT CAR,"Renewal, Roll Over",0.0,100.001,-999,1001,Yes,OD,0.0
oem_hyundai_Grid_4,HIIB - HYUNDAI,10000083885,PVT CAR,"Renewal, Roll Over",0.0,100.001,1001,1501,Yes,OD,0.0
oem_hyundai_Grid_4,HIIB - HYUNDAI,10000083885,PVT CAR,"Renewal, Roll Over",0.0,100.001,1501,999999999,Yes,OD,0.0
oem_hyundai_Grid_4,HIIB - HYUNDAI,10000083885,PVT CAR(1+1),"Renewal, Roll Over",0.0,100.001,-999,1001,Yes,OD,0.0
oem_hyundai_Grid_4,HIIB - HYUNDAI,10000083885,PVT CAR(1+1),"Renewal, Roll Over",0.0,100.001,1001,1501,Yes,OD,0.0
oem_hyundai_Grid_4,HIIB - HYUNDAI,10000083885,PVT CAR(1+1),"Renewal, Roll Over",0.0,100.001,1501,999999999,Yes,OD,0.0
oem_hyundai_Grid_4,HIIB - HYUNDAI,10000083885,PVT CAR(1+3),New,85.001,100.001,-999,1001,Yes,OD,0.0
oem_hyundai_Grid_4,HIIB - HYUNDAI,10000083885,PVT CAR(1+3),New,60.001,85.001,-999,1001,Yes,OD,0.1549999999999999
oem_hyundai_Grid_4,HIIB - HYUNDAI,10000083885,PVT CAR(1+3),New,0.0,60.001,-999,1001,Yes,OD,0.405
oem_hyundai_Grid_4,HIIB - HYUNDAI,10000083885,PVT CAR(1+3),New,85.001,100.001,1001,1501,Yes,OD,0.0
oem_hyundai_Grid_4,HIIB - HYUNDAI,10000083885,PVT CAR(1+3),New,60.001,85.001,1001,1501,Yes,OD,0.1549999999999999
oem_hyundai_Grid_4,HIIB - HYUNDAI,10000083885,PVT CAR(1+3),New,0.0,60.001,1001,1501,Yes,OD,0.405
oem_hyundai_Grid_4,HIIB - HYUNDAI,10000083885,PVT CAR(1+3),New,85.001,100.001,1501,999999999,Yes,OD,0.0
oem_hyundai_Grid_4,HIIB - HYUNDAI,10000083885,PVT CAR(1+3),New,60.001,85.001,1501,999999999,Yes,OD,0.1549999999999999
oem_hyundai_Grid_4,HIIB - HYUNDAI,10000083885,PVT CAR(1+3),New,0.0,60.001,1501,999999999,Yes,OD,0.405
oem_hyundai_Grid_4,HIIB - HYUNDAI,10000084069,PVT CAR,"Renewal, Roll Over",0.0,100.001,-999,1001,Yes,OD,0.0
oem_hyundai_Grid_4,HIIB - HYUNDAI,10000084069,PVT CAR,"Renewal, Roll Over",0.0,100.001,1001,1501,Yes,OD,0.0
oem_hyundai_Grid_4,HIIB - HYUNDAI,10000084069,PVT CAR,"Renewal, Roll Over",0.0,100.001,1501,999999999,Yes,OD,0.0
oem_hyundai_Grid_4,HIIB - HYUNDAI,10000084069,PVT CAR(1+1),"Renewal, Roll Over",0.0,100.001,-999,1001,Yes,OD,0.0
oem_hyundai_Grid_4,HIIB - HYUNDAI,10000084069,PVT CAR(1+1),"Renewal, Roll Over",0.0,100.001,1001,1501,Yes,OD,0.0
oem_hyundai_Grid_4,HIIB - HYUNDAI,10000084069,PVT CAR(1+1),"Renewal, Roll Over",0.0,100.001,1501,999999999,Yes,OD,0.0
oem_hyundai_Grid_4,HIIB - HYUNDAI,10000084069,PVT CAR(1+3),New,85.001,100.001,-999,1001,Yes,OD,0.0
oem_hyundai_Grid_4,HIIB - HYUNDAI,10000084069,PVT CAR(1+3),New,60.001,85.001,-999,1001,Yes,OD,0.3
oem_hyundai_Grid_4,HIIB - HYUNDAI,10000084069,PVT CAR(1+3),New,0.0,60.001,-999,1001,Yes,OD,0.48
oem_hyundai_Grid_4,HIIB - HYUNDAI,10000084069,PVT CAR(1+3),New,85.001,100.001,1001,1501,Yes,OD,0.0
oem_hyundai_Grid_4,HIIB - HYUNDAI,10000084069,PVT CAR(1+3),New,60.001,85.001,1001,1501,Yes,OD,0.3
oem_hyundai_Grid_4,HIIB - HYUNDAI,10000084069,PVT CAR(1+3),New,0.0,60.001,1001,1501,Yes,OD,0.48
oem_hyundai_Grid_4,HIIB - HYUNDAI,10000084069,PVT CAR(1+3),New,85.001,100.001,1501,999999999,Yes,OD,0.0
oem_hyundai_Grid_4,HIIB - HYUNDAI,10000084069,PVT CAR(1+3),New,60.001,85.001,1501,999999999,Yes,OD,0.3
oem_hyundai_Grid_4,HIIB - HYUNDAI,10000084069,PVT CAR(1+3),New,0.0,60.001,1501,999999999,Yes,OD,0.48
oem_hyundai_Grid_4,HIIB - HYUNDAI,10000084070,PVT CAR,"Renewal, Roll Over",0.0,100.001,-999,1001,Yes,OD,0.0
oem_hyundai_Grid_4,HIIB - HYUNDAI,10000084070,PVT CAR,"Renewal, Roll Over",0.0,100.001,1001,1501,Yes,OD,0.0
oem_hyundai_Grid_4,HIIB - HYUNDAI,10000084070,PVT CAR,"Renewal, Roll Over",0.0,100.001,1501,999999999,Yes,OD,0.0
oem_hyundai_Grid_4,HIIB - HYUNDAI,10000084070,PVT CAR(1+1),"Renewal, Roll Over",0.0,100.001,-999,1001,Yes,OD,0.0
oem_hyundai_Grid_4,HIIB - HYUNDAI,10000084070,PVT CAR(1+1),"Renewal, Roll Over",0.0,100.001,1001,1501,Yes,OD,0.0
oem_hyundai_Grid_4,HIIB - HYUNDAI,10000084070,PVT CAR(1+1),"Renewal, Roll Over",0.0,100.001,1501,999999999,Yes,OD,0.0
oem_hyundai_Grid_4,HIIB - HYUNDAI,10000084070,PVT CAR(1+3),New,85.001,100.001,-999,1001,Yes,OD,0.0
oem_hyundai_Grid_4,HIIB - HYUNDAI,10000084070,PVT CAR(1+3),New,0.0,85.001,-999,1001,Yes,OD,0.3
oem_hyundai_Grid_4,HIIB - HYUNDAI,10000084070,PVT CAR(1+3),New,85.001,100.001,1001,1501,Yes,OD,0.0
oem_hyundai_Grid_4,HIIB - HYUNDAI,10000084070,PVT CAR(1+3),New,0.0,85.001,1001,1501,Yes,OD,0.3
oem_hyundai_Grid_4,HIIB - HYUNDAI,10000084070,PVT CAR(1+3),New,85.001,100.001,1501,999999999,Yes,OD,0.0
oem_hyundai_Grid_4,HIIB - HYUNDAI,10000084070,PVT CAR(1+3),New,0.0,85.001,1501,999999999,Yes,OD,0.3
oem_hyundai_Grid_4,HIIB - HYUNDAI,10000084071,PVT CAR,"Renewal, Roll Over",0.0,100.001,-999,1001,Yes,OD,0.0
oem_hyundai_Grid_4,HIIB - HYUNDAI,10000084071,PVT CAR,"Renewal, Roll Over",0.0,100.001,1001,1501,Yes,OD,0.0
oem_hyundai_Grid_4,HIIB - HYUNDAI,10000084071,PVT CAR,"Renewal, Roll Over",0.0,100.001,1501,999999999,Yes,OD,0.0
oem_hyundai_Grid_4,HIIB - HYUNDAI,10000084071,PVT CAR(1+1),"Renewal, Roll Over",0.0,100.001,-999,1001,Yes,OD,0.0
oem_hyundai_Grid_4,HIIB - HYUNDAI,10000084071,PVT CAR(1+1),"Renewal, Roll Over",0.0,100.001,1001,1501,Yes,OD,0.0
oem_hyundai_Grid_4,HIIB - HYUNDAI,10000084071,PVT CAR(1+1),"Renewal, Roll Over",0.0,100.001,1501,999999999,Yes,OD,0.0
oem_hyundai_Grid_4,HIIB - HYUNDAI,10000084071,PVT CAR(1+3),New,85.001,100.001,-999,1001,Yes,OD,0.0
oem_hyundai_Grid_4,HIIB - HYUNDAI,10000084071,PVT CAR(1+3),New,80.001,85.001,-999,1001,Yes,OD,0.1049999999999999
oem_hyundai_Grid_4,HIIB - HYUNDAI,10000084071,PVT CAR(1+3),New,75.001,80.001,-999,1001,Yes,OD,0.255
oem_hyundai_Grid_4,HIIB - HYUNDAI,10000084071,PVT CAR(1+3),New,0.0,55.001,-999,1001,Yes,OD,0.405
oem_hyundai_Grid_4,HIIB - HYUNDAI,10000084071,PVT CAR(1+3),New,55.001,75.001,-999,1001,Yes,OD,0.455
oem_hyundai_Grid_4,HIIB - HYUNDAI,10000084071,PVT CAR(1+3),New,85.001,100.001,1001,1501,Yes,OD,0.0
oem_hyundai_Grid_4,HIIB - HYUNDAI,10000084071,PVT CAR(1+3),New,80.001,85.001,1001,1501,Yes,OD,0.1049999999999999
oem_hyundai_Grid_4,HIIB - HYUNDAI,10000084071,PVT CAR(1+3),New,75.001,80.001,1001,1501,Yes,OD,0.255
oem_hyundai_Grid_4,HIIB - HYUNDAI,10000084071,PVT CAR(1+3),New,0.0,55.001,1001,1501,Yes,OD,0.405
oem_hyundai_Grid_4,HIIB - HYUNDAI,10000084071,PVT CAR(1+3),New,55.001,75.001,1001,1501,Yes,OD,0.455
oem_hyundai_Grid_4,HIIB - HYUNDAI,10000084071,PVT CAR(1+3),New,85.001,100.001,1501,999999999,Yes,OD,0.0
oem_hyundai_Grid_4,HIIB - HYUNDAI,10000084071,PVT CAR(1+3),New,80.001,85.001,1501,999999999,Yes,OD,0.1049999999999999
oem_hyundai_Grid_4,HIIB - HYUNDAI,10000084071,PVT CAR(1+3),New,75.001,80.001,1501,999999999,Yes,OD,0.255
oem_hyundai_Grid_4,HIIB - HYUNDAI,10000084071,PVT CAR(1+3),New,0.0,55.001,1501,999999999,Yes,OD,0.405
oem_hyundai_Grid_4,HIIB - HYUNDAI,10000084071,PVT CAR(1+3),New,55.001,75.001,1501,999999999,Yes,OD,0.455
oem_hyundai_Grid_4,HIIB - HYUNDAI,10000084359,PCV-TAXI,ANY,0.0,100.001,-999,999999999,Yes,OD,0.0
oem_hyundai_Grid_4,HIIB - HYUNDAI,10000084359,PVT CAR,"Renewal, Roll Over",0.0,100.001,-999,1001,Yes,OD,0.0
oem_hyundai_Grid_4,HIIB - HYUNDAI,10000084359,PVT CAR,"Renewal, Roll Over",0.0,100.001,1001,1501,Yes,OD,0.0
oem_hyundai_Grid_4,HIIB - HYUNDAI,10000084359,PVT CAR,"Renewal, Roll Over",0.0,100.001,1501,999999999,Yes,OD,0.0
oem_hyundai_Grid_4,HIIB - HYUNDAI,10000084359,PVT CAR(1+1),"Renewal, Roll Over",0.0,100.001,-999,1001,Yes,OD,0.0
oem_hyundai_Grid_4,HIIB - HYUNDAI,10000084359,PVT CAR(1+1),"Renewal, Roll Over",0.0,100.001,1001,1501,Yes,OD,0.0
oem_hyundai_Grid_4,HIIB - HYUNDAI,10000084359,PVT CAR(1+1),"Renewal, Roll Over",0.0,100.001,1501,999999999,Yes,OD,0.0
oem_hyundai_Grid_4,HIIB - HYUNDAI,10000084359,PVT CAR(1+3),New,75.001,100.001,-999,1001,Yes,OD,0.0
oem_hyundai_Grid_4,HIIB - HYUNDAI,10000084359,PVT CAR(1+3),New,55.001,75.001,-999,1001,Yes,OD,0.1249999999999997
oem_hyundai_Grid_4,HIIB - HYUNDAI,10000084359,PVT CAR(1+3),New,50.001,55.001,-999,1001,Yes,OD,0.1749999999999997
oem_hyundai_Grid_4,HIIB - HYUNDAI,10000084359,PVT CAR(1+3),New,45.001,50.001,-999,1001,Yes,OD,0.2249999999999997
oem_hyundai_Grid_4,HIIB - HYUNDAI,10000084359,PVT CAR(1+3),New,40.001,45.001,-999,1001,Yes,OD,0.2749999999999997
oem_hyundai_Grid_4,HIIB - HYUNDAI,10000084359,PVT CAR(1+3),New,35.001,40.001,-999,1001,Yes,OD,0.3249999999999997
oem_hyundai_Grid_4,HIIB - HYUNDAI,10000084359,PVT CAR(1+3),New,30.001,35.001,-999,1001,Yes,OD,0.3749999999999997
oem_hyundai_Grid_4,HIIB - HYUNDAI,10000084359,PVT CAR(1+3),New,25.001,30.001,-999,1001,Yes,OD,0.4249999999999997
oem_hyundai_Grid_4,HIIB - HYUNDAI,10000084359,PVT CAR(1+3),New,20.001,25.001,-999,1001,Yes,OD,0.4749999999999998
oem_hyundai_Grid_4,HIIB - HYUNDAI,10000084359,PVT CAR(1+3),New,15.001,20.001,-999,1001,Yes,OD,0.5249999999999999
oem_hyundai_Grid_4,HIIB - HYUNDAI,10000084359,PVT CAR(1+3),New,10.001,15.001,-999,1001,Yes,OD,0.575
oem_hyundai_Grid_4,HIIB - HYUNDAI,10000084359,PVT CAR(1+3),New,5.001,10.001,-999,1001,Yes,OD,0.625
oem_hyundai_Grid_4,HIIB - HYUNDAI,10000084359,PVT CAR(1+3),New,1.001,5.001,-999,1001,Yes,OD,0.675
oem_hyundai_Grid_4,HIIB - HYUNDAI,10000084359,PVT CAR(1+3),New,0.0,0.999,-999,1001,Yes,OD,0.7250000000000001
oem_hyundai_Grid_4,HIIB - HYUNDAI,10000084359,PVT CAR(1+3),New,75.001,100.001,1001,1501,Yes,OD,0.0
oem_hyundai_Grid_4,HIIB - HYUNDAI,10000084359,PVT CAR(1+3),New,55.001,75.001,1001,1501,Yes,OD,0.1249999999999997
oem_hyundai_Grid_4,HIIB - HYUNDAI,10000084359,PVT CAR(1+3),New,50.001,55.001,1001,1501,Yes,OD,0.1749999999999997
oem_hyundai_Grid_4,HIIB - HYUNDAI,10000084359,PVT CAR(1+3),New,45.001,50.001,1001,1501,Yes,OD,0.2249999999999997
oem_hyundai_Grid_4,HIIB - HYUNDAI,10000084359,PVT CAR(1+3),New,40.001,45.001,1001,1501,Yes,OD,0.2749999999999997
oem_hyundai_Grid_4,HIIB - HYUNDAI,10000084359,PVT CAR(1+3),New,35.001,40.001,1001,1501,Yes,OD,0.3249999999999997
oem_hyundai_Grid_4,HIIB - HYUNDAI,10000084359,PVT CAR(1+3),New,30.001,35.001,1001,1501,Yes,OD,0.3749999999999997
oem_hyundai_Grid_4,HIIB - HYUNDAI,10000084359,PVT CAR(1+3),New,25.001,30.001,1001,1501,Yes,OD,0.4249999999999997
oem_hyundai_Grid_4,HIIB - HYUNDAI,10000084359,PVT CAR(1+3),New,20.001,25.001,1001,1501,Yes,OD,0.4749999999999998
oem_hyundai_Grid_4,HIIB - HYUNDAI,10000084359,PVT CAR(1+3),New,15.001,20.001,1001,1501,Yes,OD,0.5249999999999999
oem_hyundai_Grid_4,HIIB - HYUNDAI,10000084359,PVT CAR(1+3),New,10.001,15.001,1001,1501,Yes,OD,0.575
oem_hyundai_Grid_4,HIIB - HYUNDAI,10000084359,PVT CAR(1+3),New,5.001,10.001,1001,1501,Yes,OD,0.625
oem_hyundai_Grid_4,HIIB - HYUNDAI,10000084359,PVT CAR(1+3),New,1.001,5.001,1001,1501,Yes,OD,0.675
oem_hyundai_Grid_4,HIIB - HYUNDAI,10000084359,PVT CAR(1+3),New,0.0,0.999,1001,1501,Yes,OD,0.7250000000000001
oem_hyundai_Grid_4,HIIB - HYUNDAI,10000084359,PVT CAR(1+3),New,75.001,100.001,1501,999999999,Yes,OD,0.0
oem_hyundai_Grid_4,HIIB - HYUNDAI,10000084359,PVT CAR(1+3),New,55.001,75.001,1501,999999999,Yes,OD,0.1249999999999997
oem_hyundai_Grid_4,HIIB - HYUNDAI,10000084359,PVT CAR(1+3),New,50.001,55.001,1501,999999999,Yes,OD,0.1749999999999997
oem_hyundai_Grid_4,HIIB - HYUNDAI,10000084359,PVT CAR(1+3),New,45.001,50.001,1501,999999999,Yes,OD,0.2249999999999997
oem_hyundai_Grid_4,HIIB - HYUNDAI,10000084359,PVT CAR(1+3),New,40.001,45.001,1501,999999999,Yes,OD,0.2749999999999997
oem_hyundai_Grid_4,HIIB - HYUNDAI,10000084359,PVT CAR(1+3),New,35.001,40.001,1501,999999999,Yes,OD,0.3249999999999997
oem_hyundai_Grid_4,HIIB - HYUNDAI,10000084359,PVT CAR(1+3),New,30.001,35.001,1501,999999999,Yes,OD,0.3749999999999997
oem_hyundai_Grid_4,HIIB - HYUNDAI,10000084359,PVT CAR(1+3),New,25.001,30.001,1501,999999999,Yes,OD,0.4249999999999997
oem_hyundai_Grid_4,HIIB - HYUNDAI,10000084359,PVT CAR(1+3),New,20.001,25.001,1501,999999999,Yes,OD,0.4749999999999998
oem_hyundai_Grid_4,HIIB - HYUNDAI,10000084359,PVT CAR(1+3),New,15.001,20.001,1501,999999999,Yes,OD,0.5249999999999999
oem_hyundai_Grid_4,HIIB - HYUNDAI,10000084359,PVT CAR(1+3),New,10.001,15.001,1501,999999999,Yes,OD,0.575
oem_hyundai_Grid_4,HIIB - HYUNDAI,10000084359,PVT CAR(1+3),New,5.001,10.001,1501,999999999,Yes,OD,0.625
oem_hyundai_Grid_4,HIIB - HYUNDAI,10000084359,PVT CAR(1+3),New,1.001,5.001,1501,999999999,Yes,OD,0.675
oem_hyundai_Grid_4,HIIB - HYUNDAI,10000084359,PVT CAR(1+3),New,0.0,0.999,1501,999999999,Yes,OD,0.7250000000000001
oem_hyundai_Grid_4,HIIB - HYUNDAI,10000090447,PVT CAR,"Renewal, Roll Over",0.0,100.001,-999,1001,Yes,OD,0.0
oem_hyundai_Grid_4,HIIB - HYUNDAI,10000090447,PVT CAR,"Renewal, Roll Over",0.0,100.001,1001,1501,Yes,OD,0.0
oem_hyundai_Grid_4,HIIB - HYUNDAI,10000090447,PVT CAR,"Renewal, Roll Over",0.0,100.001,1501,999999999,Yes,OD,0.0
oem_hyundai_Grid_4,HIIB - HYUNDAI,10000090447,PVT CAR(1+1),"Renewal, Roll Over",0.0,100.001,-999,1001,Yes,OD,0.0
oem_hyundai_Grid_4,HIIB - HYUNDAI,10000090447,PVT CAR(1+1),"Renewal, Roll Over",0.0,100.001,1001,1501,Yes,OD,0.0
oem_hyundai_Grid_4,HIIB - HYUNDAI,10000090447,PVT CAR(1+1),"Renewal, Roll Over",0.0,100.001,1501,999999999,Yes,OD,0.0
oem_hyundai_Grid_4,HIIB - HYUNDAI,10000090447,PVT CAR(1+3),New,0.0,100.001,-999,1001,Yes,OD,0.0
oem_hyundai_Grid_4,HIIB - HYUNDAI,10000090447,PVT CAR(1+3),New,0.0,100.001,1001,1501,Yes,OD,0.0
oem_hyundai_Grid_4,HIIB - HYUNDAI,10000090447,PVT CAR(1+3),New,0.0,100.001,1501,999999999,Yes,OD,0.0
oem_hyundai_Grid_4,HIIB - HYUNDAI,SH to Confirm Relationship Code,PVT CAR,"Renewal, Roll Over",0.0,100.001,-999,1001,Yes,OD,0.0
oem_hyundai_Grid_4,HIIB - HYUNDAI,SH to Confirm Relationship Code,PVT CAR,"Renewal, Roll Over",0.0,100.001,1001,1501,Yes,OD,0.0
oem_hyundai_Grid_4,HIIB - HYUNDAI,SH to Confirm Relationship Code,PVT CAR,"Renewal, Roll Over",0.0,100.001,1501,999999999,Yes,OD,0.0
oem_hyundai_Grid_4,HIIB - HYUNDAI,SH to Confirm Relationship Code,PVT CAR(1+1),"Renewal, Roll Over",0.0,100.001,-999,1001,Yes,OD,0.0
oem_hyundai_Grid_4,HIIB - HYUNDAI,SH to Confirm Relationship Code,PVT CAR(1+1),"Renewal, Roll Over",0.0,100.001,1001,1501,Yes,OD,0.0
oem_hyundai_Grid_4,HIIB - HYUNDAI,SH to Confirm Relationship Code,PVT CAR(1+1),"Renewal, Roll Over",0.0,100.001,1501,999999999,Yes,OD,0.0
oem_hyundai_Grid_4,HIIB - HYUNDAI,SH to Confirm Relationship Code,PVT CAR(1+3),New,0.0,100.001,-999,1001,Yes,OD,0.0
oem_hyundai_Grid_4,HIIB - HYUNDAI,SH to Confirm Relationship Code,PVT CAR(1+3),New,60.001,85.001,-999,1001,Yes,OD,0.1549999999999999
oem_hyundai_Grid_4,HIIB - HYUNDAI,SH to Confirm Relationship Code,PVT CAR(1+3),New,20.001,60.001,-999,1001,Yes,OD,0.455
oem_hyundai_Grid_4,HIIB - HYUNDAI,SH to Confirm Relationship Code,PVT CAR(1+3),New,1.001,20.001,-999,1001,Yes,OD,0.655
oem_hyundai_Grid_4,HIIB - HYUNDAI,SH to Confirm Relationship Code,PVT CAR(1+3),New,0.0,0.999,-999,1001,Yes,OD,0.7050000000000001
oem_hyundai_Grid_4,HIIB - HYUNDAI,SH to Confirm Relationship Code,PVT CAR(1+3),New,0.0,100.001,1001,1501,Yes,OD,0.0
oem_hyundai_Grid_4,HIIB - HYUNDAI,SH to Confirm Relationship Code,PVT CAR(1+3),New,60.001,85.001,1001,1501,Yes,OD,0.1549999999999999
oem_hyundai_Grid_4,HIIB - HYUNDAI,SH to Confirm Relationship Code,PVT CAR(1+3),New,20.001,60.001,1001,1501,Yes,OD,0.455
oem_hyundai_Grid_4,HIIB - HYUNDAI,SH to Confirm Relationship Code,PVT CAR(1+3),New,1.001,20.001,1001,1501,Yes,OD,0.655
oem_hyundai_Grid_4,HIIB - HYUNDAI,SH to Confirm Relationship Code,PVT CAR(1+3),New,0.0,0.999,1001,1501,Yes,OD,0.7050000000000001
oem_hyundai_Grid_4,HIIB - HYUNDAI,SH to Confirm Relationship Code,PVT CAR(1+3),New,0.0,100.001,1501,999999999,Yes,OD,0.0
oem_hyundai_Grid_4,HIIB - HYUNDAI,SH to Confirm Relationship Code,PVT CAR(1+3),New,60.001,85.001,1501,999999999,Yes,OD,0.1549999999999999
oem_hyundai_Grid_4,HIIB - HYUNDAI,SH to Confirm Relationship Code,PVT CAR(1+3),New,20.001,60.001,1501,999999999,Yes,OD,0.455
oem_hyundai_Grid_4,HIIB - HYUNDAI,SH to Confirm Relationship Code,PVT CAR(1+3),New,1.001,20.001,1501,999999999,Yes,OD,0.655
oem_hyundai_Grid_4,HIIB - HYUNDAI,SH to Confirm Relationship Code,PVT CAR(1+3),New,0.0,0.999,1501,999999999,Yes,OD,0.7050000000000001
